
                                                       █████                █████
                                                      ░░███                ░░███
     ████████    ██████   ████████    ██████   ██████  ░███████    ██████  ███████
    ░░███░░███  ░░░░░███ ░░███░░███  ███░░███ ███░░███ ░███░░███  ░░░░░███░░░███░
     ░███ ░███   ███████  ░███ ░███ ░███ ░███░███ ░░░  ░███ ░███   ███████  ░███
     ░███ ░███  ███░░███  ░███ ░███ ░███ ░███░███  ███ ░███ ░███  ███░░███  ░███ ███
     ████ █████░░████████ ████ █████░░██████ ░░██████  ████ █████░░███████  ░░█████
    ░░░░ ░░░░░  ░░░░░░░░ ░░░░ ░░░░░  ░░░░░░   ░░░░░░  ░░░░ ░░░░░  ░░░░░░░░   ░░░░░
    
Autodetected device type: cuda
2026-08-31 05:01:22,679 - nanochat.common - [32m[1mINFO[0m - Distributed world size: 1
GPU: NVIDIA H100 80GB HBM3 | Peak FLOPS (BF16): 9.89e+14
COMPUTE_DTYPE: torch.bfloat16 (set via NANOCHAT_DTYPE=bfloat16)
!!!!!!!!!!!!!!!!!!!!!!!!!!!!!!!!!!!!!!!!!!!!!!!!!!!!!!!!!!!!!!!!!!!!!!!!!!!!!!!!
WARNING: Flash Attention 3 not available, using PyTorch SDPA fallback
WARNING: Training will be less efficient without FA3
WARNING: SDPA has no support for sliding window attention (window_pattern='SSSL'). Your GPU utilization will be terrible.
WARNING: Recommend using --window-pattern L for full context attention without alternating sliding window patterns.
!!!!!!!!!!!!!!!!!!!!!!!!!!!!!!!!!!!!!!!!!!!!!!!!!!!!!!!!!!!!!!!!!!!!!!!!!!!!!!!!
Vocab size: 32,768
Model config:
{
  "sequence_len": 2048,
  "vocab_size": 32768,
  "n_layer": 12,
  "n_head": 6,
  "n_kv_head": 6,
  "n_embd": 768,
  "window_pattern": "SSSL"
}
hytorch: catalog arm runs EAGER (torch.compile skipped)
Parameter counts:
wte                     : 25,165,824
value_embeds            : 150,994,944
lm_head                 : 25,165,824
transformer_matrices    : 84,935,088
scalars                 : 50
total                   : 286,261,730
Estimated FLOPs per token: 7.596960e+08
Scaling LRs by 0.3536 for batch size 65,536 (reference: 524,288)
Scaling weight decay from 0.280000 to 0.098995 for depth 12
Scaling the LR for the AdamW parameters ∝1/√(768/768) = 1.000000
Using user-provided number of iterations: 1,500
Total number of training tokens: 98,304,000
Tokens : Scaling params ratio: 0.89
Total training FLOPs estimate: 7.468116e+16
Tokens / micro-batch / rank: 16 x 2048 = 32,768
Tokens / micro-batch: 32,768
Total batch size 65,536 => gradient accumulation steps: 2
step 00000/01500 (0.00%) | loss: 10.397459 | lrm: 0.03 | dt: 6469.30ms | tok/sec: 10,130 | bf16_mfu: 0.78 | epoch: 1 pq: 0 rg: 1 | total time: 0.00m
step 00001/01500 (0.07%) | loss: 10.394104 | lrm: 0.05 | dt: 4607.32ms | tok/sec: 14,224 | bf16_mfu: 1.09 | epoch: 1 pq: 0 rg: 1 | total time: 0.00m
step 00002/01500 (0.13%) | loss: 10.387958 | lrm: 0.07 | dt: 4389.53ms | tok/sec: 14,930 | bf16_mfu: 1.15 | epoch: 1 pq: 0 rg: 1 | total time: 0.00m
step 00003/01500 (0.20%) | loss: 10.378675 | lrm: 0.10 | dt: 4367.37ms | tok/sec: 15,005 | bf16_mfu: 1.15 | epoch: 1 pq: 0 rg: 1 | total time: 0.00m
step 00004/01500 (0.27%) | loss: 10.365831 | lrm: 0.12 | dt: 4376.86ms | tok/sec: 14,973 | bf16_mfu: 1.15 | epoch: 1 pq: 0 rg: 1 | total time: 0.00m
step 00005/01500 (0.33%) | loss: 10.349612 | lrm: 0.15 | dt: 4387.77ms | tok/sec: 14,936 | bf16_mfu: 1.15 | epoch: 1 pq: 0 rg: 1 | total time: 0.00m
step 00006/01500 (0.40%) | loss: 10.327824 | lrm: 0.17 | dt: 4388.48ms | tok/sec: 14,933 | bf16_mfu: 1.15 | epoch: 1 pq: 0 rg: 1 | total time: 0.00m
step 00007/01500 (0.47%) | loss: 10.299592 | lrm: 0.20 | dt: 4394.58ms | tok/sec: 14,912 | bf16_mfu: 1.15 | epoch: 1 pq: 0 rg: 1 | total time: 0.00m
step 00008/01500 (0.53%) | loss: 10.265209 | lrm: 0.23 | dt: 4368.92ms | tok/sec: 15,000 | bf16_mfu: 1.15 | epoch: 1 pq: 0 rg: 1 | total time: 0.00m
step 00009/01500 (0.60%) | loss: 10.221569 | lrm: 0.25 | dt: 4357.32ms | tok/sec: 15,040 | bf16_mfu: 1.16 | epoch: 1 pq: 0 rg: 1 | total time: 0.00m
step 00010/01500 (0.67%) | loss: 10.168312 | lrm: 0.28 | dt: 4527.55ms | tok/sec: 14,474 | bf16_mfu: 1.11 | epoch: 1 pq: 0 rg: 2 | total time: 0.00m
step 00011/01500 (0.73%) | loss: 10.095079 | lrm: 0.30 | dt: 4500.18ms | tok/sec: 14,562 | bf16_mfu: 1.12 | epoch: 1 pq: 0 rg: 2 | total time: 0.08m | eta: 111.7m
step 00012/01500 (0.80%) | loss: 9.999280 | lrm: 0.33 | dt: 4507.19ms | tok/sec: 14,540 | bf16_mfu: 1.12 | epoch: 1 pq: 0 rg: 2 | total time: 0.15m | eta: 111.7m
step 00013/01500 (0.87%) | loss: 9.879589 | lrm: 0.35 | dt: 4498.38ms | tok/sec: 14,568 | bf16_mfu: 1.12 | epoch: 1 pq: 0 rg: 2 | total time: 0.23m | eta: 111.6m
step 00014/01500 (0.93%) | loss: 9.738483 | lrm: 0.38 | dt: 4574.40ms | tok/sec: 14,326 | bf16_mfu: 1.10 | epoch: 1 pq: 0 rg: 2 | total time: 0.30m | eta: 111.9m
step 00015/01500 (1.00%) | loss: 9.568476 | lrm: 0.40 | dt: 4500.62ms | tok/sec: 14,561 | bf16_mfu: 1.12 | epoch: 1 pq: 0 rg: 2 | total time: 0.38m | eta: 111.8m
step 00016/01500 (1.07%) | loss: 9.380355 | lrm: 0.42 | dt: 4540.80ms | tok/sec: 14,432 | bf16_mfu: 1.11 | epoch: 1 pq: 0 rg: 2 | total time: 0.45m | eta: 111.8m
step 00017/01500 (1.13%) | loss: 9.199153 | lrm: 0.45 | dt: 4479.99ms | tok/sec: 14,628 | bf16_mfu: 1.12 | epoch: 1 pq: 0 rg: 2 | total time: 0.53m | eta: 111.6m
step 00018/01500 (1.20%) | loss: 9.009268 | lrm: 0.47 | dt: 4409.23ms | tok/sec: 14,863 | bf16_mfu: 1.14 | epoch: 1 pq: 0 rg: 3 | total time: 0.60m | eta: 111.2m
step 00019/01500 (1.27%) | loss: 8.818155 | lrm: 0.50 | dt: 4364.98ms | tok/sec: 15,014 | bf16_mfu: 1.15 | epoch: 1 pq: 0 rg: 3 | total time: 0.67m | eta: 110.7m
step 00020/01500 (1.33%) | loss: 8.645733 | lrm: 0.53 | dt: 4413.73ms | tok/sec: 14,848 | bf16_mfu: 1.14 | epoch: 1 pq: 0 rg: 3 | total time: 0.75m | eta: 110.5m
step 00021/01500 (1.40%) | loss: 8.488307 | lrm: 0.55 | dt: 4411.98ms | tok/sec: 14,854 | bf16_mfu: 1.14 | epoch: 1 pq: 0 rg: 3 | total time: 0.82m | eta: 110.3m
step 00022/01500 (1.47%) | loss: 8.327740 | lrm: 0.57 | dt: 4420.16ms | tok/sec: 14,826 | bf16_mfu: 1.14 | epoch: 1 pq: 0 rg: 3 | total time: 0.89m | eta: 110.1m
step 00023/01500 (1.53%) | loss: 8.189265 | lrm: 0.60 | dt: 4368.32ms | tok/sec: 15,002 | bf16_mfu: 1.15 | epoch: 1 pq: 0 rg: 3 | total time: 0.97m | eta: 109.8m
step 00024/01500 (1.60%) | loss: 8.052342 | lrm: 0.62 | dt: 4367.56ms | tok/sec: 15,005 | bf16_mfu: 1.15 | epoch: 1 pq: 0 rg: 3 | total time: 1.04m | eta: 109.6m
step 00025/01500 (1.67%) | loss: 7.931498 | lrm: 0.65 | dt: 4429.00ms | tok/sec: 14,797 | bf16_mfu: 1.14 | epoch: 1 pq: 0 rg: 3 | total time: 1.11m | eta: 109.5m
step 00026/01500 (1.73%) | loss: 7.816974 | lrm: 0.68 | dt: 4386.90ms | tok/sec: 14,939 | bf16_mfu: 1.15 | epoch: 1 pq: 0 rg: 4 | total time: 1.19m | eta: 109.3m
step 00027/01500 (1.80%) | loss: 7.698186 | lrm: 0.70 | dt: 4401.44ms | tok/sec: 14,889 | bf16_mfu: 1.14 | epoch: 1 pq: 0 rg: 4 | total time: 1.26m | eta: 109.1m
step 00028/01500 (1.87%) | loss: 7.586102 | lrm: 0.72 | dt: 4439.94ms | tok/sec: 14,760 | bf16_mfu: 1.13 | epoch: 1 pq: 0 rg: 4 | total time: 1.33m | eta: 109.1m
step 00029/01500 (1.93%) | loss: 7.499677 | lrm: 0.75 | dt: 4385.09ms | tok/sec: 14,945 | bf16_mfu: 1.15 | epoch: 1 pq: 0 rg: 4 | total time: 1.41m | eta: 108.9m
step 00030/01500 (2.00%) | loss: 7.418033 | lrm: 0.78 | dt: 4373.20ms | tok/sec: 14,985 | bf16_mfu: 1.15 | epoch: 1 pq: 0 rg: 4 | total time: 1.48m | eta: 108.7m
step 00031/01500 (2.07%) | loss: 7.338962 | lrm: 0.80 | dt: 4405.82ms | tok/sec: 14,874 | bf16_mfu: 1.14 | epoch: 1 pq: 0 rg: 4 | total time: 1.55m | eta: 108.6m
step 00032/01500 (2.13%) | loss: 7.250229 | lrm: 0.82 | dt: 4465.97ms | tok/sec: 14,674 | bf16_mfu: 1.13 | epoch: 1 pq: 0 rg: 4 | total time: 1.63m | eta: 108.6m
step 00033/01500 (2.20%) | loss: 7.198490 | lrm: 0.85 | dt: 4408.77ms | tok/sec: 14,864 | bf16_mfu: 1.14 | epoch: 1 pq: 0 rg: 4 | total time: 1.70m | eta: 108.5m
step 00034/01500 (2.27%) | loss: 7.119389 | lrm: 0.88 | dt: 4376.96ms | tok/sec: 14,972 | bf16_mfu: 1.15 | epoch: 1 pq: 0 rg: 5 | total time: 1.77m | eta: 108.4m
step 00035/01500 (2.33%) | loss: 7.059447 | lrm: 0.90 | dt: 4368.09ms | tok/sec: 15,003 | bf16_mfu: 1.15 | epoch: 1 pq: 0 rg: 5 | total time: 1.85m | eta: 108.2m
step 00036/01500 (2.40%) | loss: 7.007266 | lrm: 0.93 | dt: 4340.11ms | tok/sec: 15,100 | bf16_mfu: 1.16 | epoch: 1 pq: 0 rg: 5 | total time: 1.92m | eta: 108.1m
step 00037/01500 (2.47%) | loss: 6.959286 | lrm: 0.95 | dt: 4361.04ms | tok/sec: 15,027 | bf16_mfu: 1.15 | epoch: 1 pq: 0 rg: 5 | total time: 1.99m | eta: 107.9m
step 00038/01500 (2.53%) | loss: 6.911861 | lrm: 0.97 | dt: 4449.64ms | tok/sec: 14,728 | bf16_mfu: 1.13 | epoch: 1 pq: 0 rg: 5 | total time: 2.07m | eta: 107.9m
step 00039/01500 (2.60%) | loss: 6.869506 | lrm: 1.00 | dt: 4396.22ms | tok/sec: 14,907 | bf16_mfu: 1.15 | epoch: 1 pq: 0 rg: 5 | total time: 2.14m | eta: 107.8m
step 00040/01500 (2.67%) | loss: 6.824573 | lrm: 1.00 | dt: 4393.93ms | tok/sec: 14,915 | bf16_mfu: 1.15 | epoch: 1 pq: 0 rg: 5 | total time: 2.21m | eta: 107.7m
step 00041/01500 (2.73%) | loss: 6.767663 | lrm: 1.00 | dt: 4519.55ms | tok/sec: 14,500 | bf16_mfu: 1.11 | epoch: 1 pq: 0 rg: 6 | total time: 2.29m | eta: 107.7m
step 00042/01500 (2.80%) | loss: 6.729869 | lrm: 1.00 | dt: 4490.54ms | tok/sec: 14,594 | bf16_mfu: 1.12 | epoch: 1 pq: 0 rg: 6 | total time: 2.36m | eta: 107.6m
step 00043/01500 (2.87%) | loss: 6.685012 | lrm: 1.00 | dt: 4497.89ms | tok/sec: 14,570 | bf16_mfu: 1.12 | epoch: 1 pq: 0 rg: 6 | total time: 2.44m | eta: 107.6m
step 00044/01500 (2.93%) | loss: 6.640629 | lrm: 1.00 | dt: 4494.94ms | tok/sec: 14,579 | bf16_mfu: 1.12 | epoch: 1 pq: 0 rg: 6 | total time: 2.51m | eta: 107.6m
step 00045/01500 (3.00%) | loss: 6.590565 | lrm: 1.00 | dt: 4516.31ms | tok/sec: 14,510 | bf16_mfu: 1.11 | epoch: 1 pq: 0 rg: 6 | total time: 2.59m | eta: 107.6m
step 00046/01500 (3.07%) | loss: 6.558498 | lrm: 1.00 | dt: 4495.67ms | tok/sec: 14,577 | bf16_mfu: 1.12 | epoch: 1 pq: 0 rg: 6 | total time: 2.66m | eta: 107.5m
step 00047/01500 (3.13%) | loss: 6.519043 | lrm: 1.00 | dt: 4520.86ms | tok/sec: 14,496 | bf16_mfu: 1.11 | epoch: 1 pq: 0 rg: 6 | total time: 2.74m | eta: 107.5m
step 00048/01500 (3.20%) | loss: 6.492171 | lrm: 1.00 | dt: 4629.98ms | tok/sec: 14,154 | bf16_mfu: 1.09 | epoch: 1 pq: 0 rg: 6 | total time: 2.82m | eta: 107.6m
step 00049/01500 (3.27%) | loss: 6.465221 | lrm: 1.00 | dt: 4420.96ms | tok/sec: 14,823 | bf16_mfu: 1.14 | epoch: 1 pq: 0 rg: 7 | total time: 2.89m | eta: 107.5m
step 00050/01500 (3.33%) | loss: 6.441329 | lrm: 1.00 | dt: 5625.96ms | tok/sec: 11,648 | bf16_mfu: 0.89 | epoch: 1 pq: 0 rg: 7 | total time: 2.98m | eta: 108.1m
step 00051/01500 (3.40%) | loss: 6.405480 | lrm: 1.00 | dt: 4305.88ms | tok/sec: 15,220 | bf16_mfu: 1.17 | epoch: 1 pq: 0 rg: 7 | total time: 3.05m | eta: 107.9m
step 00052/01500 (3.47%) | loss: 6.389009 | lrm: 1.00 | dt: 4327.36ms | tok/sec: 15,144 | bf16_mfu: 1.16 | epoch: 1 pq: 0 rg: 7 | total time: 3.13m | eta: 107.8m
step 00053/01500 (3.53%) | loss: 6.367636 | lrm: 1.00 | dt: 4334.02ms | tok/sec: 15,121 | bf16_mfu: 1.16 | epoch: 1 pq: 0 rg: 7 | total time: 3.20m | eta: 107.6m
step 00054/01500 (3.60%) | loss: 6.348154 | lrm: 1.00 | dt: 4302.93ms | tok/sec: 15,230 | bf16_mfu: 1.17 | epoch: 1 pq: 0 rg: 7 | total time: 3.27m | eta: 107.5m
step 00055/01500 (3.67%) | loss: 6.338222 | lrm: 1.00 | dt: 4289.55ms | tok/sec: 15,278 | bf16_mfu: 1.17 | epoch: 1 pq: 0 rg: 7 | total time: 3.34m | eta: 107.3m
step 00056/01500 (3.73%) | loss: 6.326942 | lrm: 1.00 | dt: 4313.33ms | tok/sec: 15,193 | bf16_mfu: 1.17 | epoch: 1 pq: 0 rg: 7 | total time: 3.41m | eta: 107.2m
step 00057/01500 (3.80%) | loss: 6.308133 | lrm: 1.00 | dt: 4330.89ms | tok/sec: 15,132 | bf16_mfu: 1.16 | epoch: 1 pq: 0 rg: 8 | total time: 3.49m | eta: 107.0m
step 00058/01500 (3.87%) | loss: 6.288642 | lrm: 1.00 | dt: 4292.66ms | tok/sec: 15,266 | bf16_mfu: 1.17 | epoch: 1 pq: 0 rg: 8 | total time: 3.56m | eta: 106.9m
step 00059/01500 (3.93%) | loss: 6.293781 | lrm: 1.00 | dt: 4287.44ms | tok/sec: 15,285 | bf16_mfu: 1.17 | epoch: 1 pq: 0 rg: 8 | total time: 3.63m | eta: 106.7m
step 00060/01500 (4.00%) | loss: 6.280531 | lrm: 1.00 | dt: 4341.76ms | tok/sec: 15,094 | bf16_mfu: 1.16 | epoch: 1 pq: 0 rg: 8 | total time: 3.70m | eta: 106.6m
step 00061/01500 (4.07%) | loss: 6.257468 | lrm: 1.00 | dt: 4335.92ms | tok/sec: 15,114 | bf16_mfu: 1.16 | epoch: 1 pq: 0 rg: 8 | total time: 3.77m | eta: 106.5m
step 00062/01500 (4.13%) | loss: 6.237296 | lrm: 1.00 | dt: 4336.61ms | tok/sec: 15,112 | bf16_mfu: 1.16 | epoch: 1 pq: 0 rg: 8 | total time: 3.85m | eta: 106.4m
step 00063/01500 (4.20%) | loss: 6.222949 | lrm: 1.00 | dt: 4296.74ms | tok/sec: 15,252 | bf16_mfu: 1.17 | epoch: 1 pq: 0 rg: 8 | total time: 3.92m | eta: 106.2m
step 00064/01500 (4.27%) | loss: 6.216361 | lrm: 1.00 | dt: 4255.08ms | tok/sec: 15,401 | bf16_mfu: 1.18 | epoch: 1 pq: 0 rg: 8 | total time: 3.99m | eta: 106.1m
step 00065/01500 (4.33%) | loss: 6.203154 | lrm: 1.00 | dt: 4284.29ms | tok/sec: 15,296 | bf16_mfu: 1.18 | epoch: 1 pq: 0 rg: 9 | total time: 4.06m | eta: 105.9m
step 00066/01500 (4.40%) | loss: 6.192917 | lrm: 1.00 | dt: 4308.10ms | tok/sec: 15,212 | bf16_mfu: 1.17 | epoch: 1 pq: 0 rg: 9 | total time: 4.13m | eta: 105.8m
step 00067/01500 (4.47%) | loss: 6.176562 | lrm: 1.00 | dt: 4293.11ms | tok/sec: 15,265 | bf16_mfu: 1.17 | epoch: 1 pq: 0 rg: 9 | total time: 4.20m | eta: 105.7m
step 00068/01500 (4.53%) | loss: 6.159630 | lrm: 1.00 | dt: 4322.03ms | tok/sec: 15,163 | bf16_mfu: 1.16 | epoch: 1 pq: 0 rg: 9 | total time: 4.28m | eta: 105.6m
step 00069/01500 (4.60%) | loss: 6.144326 | lrm: 1.00 | dt: 4304.22ms | tok/sec: 15,226 | bf16_mfu: 1.17 | epoch: 1 pq: 0 rg: 9 | total time: 4.35m | eta: 105.4m
step 00070/01500 (4.67%) | loss: 6.123519 | lrm: 1.00 | dt: 4311.19ms | tok/sec: 15,201 | bf16_mfu: 1.17 | epoch: 1 pq: 0 rg: 9 | total time: 4.42m | eta: 105.3m
step 00071/01500 (4.73%) | loss: 6.113578 | lrm: 1.00 | dt: 4274.69ms | tok/sec: 15,331 | bf16_mfu: 1.18 | epoch: 1 pq: 0 rg: 9 | total time: 4.49m | eta: 105.2m
step 00072/01500 (4.80%) | loss: 6.106230 | lrm: 1.00 | dt: 4301.64ms | tok/sec: 15,235 | bf16_mfu: 1.17 | epoch: 1 pq: 0 rg: 10 | total time: 4.56m | eta: 105.1m
step 00073/01500 (4.87%) | loss: 6.099882 | lrm: 1.00 | dt: 4318.89ms | tok/sec: 15,174 | bf16_mfu: 1.17 | epoch: 1 pq: 0 rg: 10 | total time: 4.63m | eta: 105.0m
step 00074/01500 (4.93%) | loss: 6.103494 | lrm: 1.00 | dt: 4288.70ms | tok/sec: 15,281 | bf16_mfu: 1.17 | epoch: 1 pq: 0 rg: 10 | total time: 4.71m | eta: 104.8m
step 00075/01500 (5.00%) | loss: 6.098996 | lrm: 1.00 | dt: 4276.79ms | tok/sec: 15,323 | bf16_mfu: 1.18 | epoch: 1 pq: 0 rg: 10 | total time: 4.78m | eta: 104.7m
step 00076/01500 (5.07%) | loss: 6.084069 | lrm: 1.00 | dt: 4315.99ms | tok/sec: 15,184 | bf16_mfu: 1.17 | epoch: 1 pq: 0 rg: 10 | total time: 4.85m | eta: 104.6m
step 00077/01500 (5.13%) | loss: 6.067727 | lrm: 1.00 | dt: 4306.37ms | tok/sec: 15,218 | bf16_mfu: 1.17 | epoch: 1 pq: 0 rg: 10 | total time: 4.92m | eta: 104.5m
step 00078/01500 (5.20%) | loss: 6.059592 | lrm: 1.00 | dt: 4283.10ms | tok/sec: 15,301 | bf16_mfu: 1.18 | epoch: 1 pq: 0 rg: 10 | total time: 4.99m | eta: 104.4m
step 00079/01500 (5.27%) | loss: 6.046388 | lrm: 1.00 | dt: 4297.93ms | tok/sec: 15,248 | bf16_mfu: 1.17 | epoch: 1 pq: 0 rg: 11 | total time: 5.06m | eta: 104.3m
step 00080/01500 (5.33%) | loss: 6.043543 | lrm: 1.00 | dt: 4332.20ms | tok/sec: 15,127 | bf16_mfu: 1.16 | epoch: 1 pq: 0 rg: 11 | total time: 5.14m | eta: 104.2m
step 00081/01500 (5.40%) | loss: 6.035227 | lrm: 1.00 | dt: 4279.09ms | tok/sec: 15,315 | bf16_mfu: 1.18 | epoch: 1 pq: 0 rg: 11 | total time: 5.21m | eta: 104.1m
step 00082/01500 (5.47%) | loss: 6.023788 | lrm: 1.00 | dt: 4302.99ms | tok/sec: 15,230 | bf16_mfu: 1.17 | epoch: 1 pq: 0 rg: 11 | total time: 5.28m | eta: 104.0m
step 00083/01500 (5.53%) | loss: 6.008357 | lrm: 1.00 | dt: 4290.05ms | tok/sec: 15,276 | bf16_mfu: 1.17 | epoch: 1 pq: 0 rg: 11 | total time: 5.35m | eta: 103.8m
step 00084/01500 (5.60%) | loss: 6.000229 | lrm: 1.00 | dt: 4320.56ms | tok/sec: 15,168 | bf16_mfu: 1.17 | epoch: 1 pq: 0 rg: 11 | total time: 5.42m | eta: 103.7m
step 00085/01500 (5.67%) | loss: 5.993171 | lrm: 1.00 | dt: 4290.29ms | tok/sec: 15,275 | bf16_mfu: 1.17 | epoch: 1 pq: 0 rg: 11 | total time: 5.49m | eta: 103.6m
step 00086/01500 (5.73%) | loss: 5.993413 | lrm: 1.00 | dt: 4295.09ms | tok/sec: 15,258 | bf16_mfu: 1.17 | epoch: 1 pq: 0 rg: 11 | total time: 5.56m | eta: 103.5m
step 00087/01500 (5.80%) | loss: 5.988078 | lrm: 1.00 | dt: 4448.12ms | tok/sec: 14,733 | bf16_mfu: 1.13 | epoch: 1 pq: 0 rg: 12 | total time: 5.64m | eta: 103.5m
step 00088/01500 (5.87%) | loss: 5.987807 | lrm: 1.00 | dt: 4411.20ms | tok/sec: 14,856 | bf16_mfu: 1.14 | epoch: 1 pq: 0 rg: 12 | total time: 5.71m | eta: 103.4m
step 00089/01500 (5.93%) | loss: 5.990115 | lrm: 1.00 | dt: 4496.55ms | tok/sec: 14,574 | bf16_mfu: 1.12 | epoch: 1 pq: 0 rg: 12 | total time: 5.79m | eta: 103.4m
step 00090/01500 (6.00%) | loss: 5.983555 | lrm: 1.00 | dt: 4454.71ms | tok/sec: 14,711 | bf16_mfu: 1.13 | epoch: 1 pq: 0 rg: 12 | total time: 5.86m | eta: 103.3m
step 00091/01500 (6.07%) | loss: 5.965400 | lrm: 1.00 | dt: 4420.59ms | tok/sec: 14,825 | bf16_mfu: 1.14 | epoch: 1 pq: 0 rg: 12 | total time: 5.94m | eta: 103.2m
step 00092/01500 (6.13%) | loss: 5.949350 | lrm: 1.00 | dt: 4450.23ms | tok/sec: 14,726 | bf16_mfu: 1.13 | epoch: 1 pq: 0 rg: 12 | total time: 6.01m | eta: 103.2m
step 00093/01500 (6.20%) | loss: 5.934388 | lrm: 1.00 | dt: 4461.83ms | tok/sec: 14,688 | bf16_mfu: 1.13 | epoch: 1 pq: 0 rg: 12 | total time: 6.08m | eta: 103.1m
step 00094/01500 (6.27%) | loss: 5.930090 | lrm: 1.00 | dt: 4307.80ms | tok/sec: 15,213 | bf16_mfu: 1.17 | epoch: 1 pq: 0 rg: 13 | total time: 6.16m | eta: 103.0m
step 00095/01500 (6.33%) | loss: 5.926687 | lrm: 1.00 | dt: 4307.20ms | tok/sec: 15,215 | bf16_mfu: 1.17 | epoch: 1 pq: 0 rg: 13 | total time: 6.23m | eta: 102.9m
step 00096/01500 (6.40%) | loss: 5.917846 | lrm: 1.00 | dt: 4374.47ms | tok/sec: 14,981 | bf16_mfu: 1.15 | epoch: 1 pq: 0 rg: 13 | total time: 6.30m | eta: 102.9m
step 00097/01500 (6.47%) | loss: 5.924270 | lrm: 1.00 | dt: 4282.74ms | tok/sec: 15,302 | bf16_mfu: 1.18 | epoch: 1 pq: 0 rg: 13 | total time: 6.37m | eta: 102.8m
step 00098/01500 (6.53%) | loss: 5.921012 | lrm: 1.00 | dt: 4364.26ms | tok/sec: 15,016 | bf16_mfu: 1.15 | epoch: 1 pq: 0 rg: 13 | total time: 6.44m | eta: 102.7m
step 00099/01500 (6.60%) | loss: 5.920287 | lrm: 1.00 | dt: 4332.60ms | tok/sec: 15,126 | bf16_mfu: 1.16 | epoch: 1 pq: 0 rg: 13 | total time: 6.52m | eta: 102.6m
step 00100/01500 (6.67%) | loss: 5.921426 | lrm: 1.00 | dt: 5324.88ms | tok/sec: 12,307 | bf16_mfu: 0.95 | epoch: 1 pq: 0 rg: 13 | total time: 6.61m | eta: 102.8m
step 00101/01500 (6.73%) | loss: 5.926437 | lrm: 1.00 | dt: 4321.77ms | tok/sec: 15,164 | bf16_mfu: 1.16 | epoch: 1 pq: 0 rg: 13 | total time: 6.68m | eta: 102.7m
step 00102/01500 (6.80%) | loss: 5.920895 | lrm: 1.00 | dt: 4440.53ms | tok/sec: 14,758 | bf16_mfu: 1.13 | epoch: 1 pq: 0 rg: 14 | total time: 6.75m | eta: 102.6m
step 00103/01500 (6.87%) | loss: 5.930576 | lrm: 1.00 | dt: 4442.75ms | tok/sec: 14,751 | bf16_mfu: 1.13 | epoch: 1 pq: 0 rg: 14 | total time: 6.83m | eta: 102.5m
step 00104/01500 (6.93%) | loss: 5.927423 | lrm: 1.00 | dt: 4449.10ms | tok/sec: 14,730 | bf16_mfu: 1.13 | epoch: 1 pq: 0 rg: 14 | total time: 6.90m | eta: 102.5m
step 00105/01500 (7.00%) | loss: 5.917941 | lrm: 1.00 | dt: 4442.17ms | tok/sec: 14,753 | bf16_mfu: 1.13 | epoch: 1 pq: 0 rg: 14 | total time: 6.97m | eta: 102.4m
step 00106/01500 (7.07%) | loss: 5.910535 | lrm: 1.00 | dt: 4412.80ms | tok/sec: 14,851 | bf16_mfu: 1.14 | epoch: 1 pq: 0 rg: 14 | total time: 7.05m | eta: 102.3m
step 00107/01500 (7.13%) | loss: 5.899401 | lrm: 1.00 | dt: 4416.34ms | tok/sec: 14,839 | bf16_mfu: 1.14 | epoch: 1 pq: 0 rg: 14 | total time: 7.12m | eta: 102.3m
step 00108/01500 (7.20%) | loss: 5.882880 | lrm: 1.00 | dt: 4294.30ms | tok/sec: 15,261 | bf16_mfu: 1.17 | epoch: 1 pq: 0 rg: 14 | total time: 7.19m | eta: 102.2m
step 00109/01500 (7.27%) | loss: 5.870171 | lrm: 1.00 | dt: 4450.91ms | tok/sec: 14,724 | bf16_mfu: 1.13 | epoch: 1 pq: 0 rg: 15 | total time: 7.27m | eta: 102.1m
step 00110/01500 (7.33%) | loss: 5.856853 | lrm: 1.00 | dt: 4271.55ms | tok/sec: 15,342 | bf16_mfu: 1.18 | epoch: 1 pq: 0 rg: 15 | total time: 7.34m | eta: 102.0m
step 00111/01500 (7.40%) | loss: 5.852812 | lrm: 1.00 | dt: 4317.12ms | tok/sec: 15,180 | bf16_mfu: 1.17 | epoch: 1 pq: 0 rg: 15 | total time: 7.41m | eta: 101.9m
step 00112/01500 (7.47%) | loss: 5.860508 | lrm: 1.00 | dt: 4303.51ms | tok/sec: 15,228 | bf16_mfu: 1.17 | epoch: 1 pq: 0 rg: 15 | total time: 7.48m | eta: 101.8m
step 00113/01500 (7.53%) | loss: 5.859872 | lrm: 1.00 | dt: 4302.10ms | tok/sec: 15,233 | bf16_mfu: 1.17 | epoch: 1 pq: 0 rg: 15 | total time: 7.55m | eta: 101.7m
step 00114/01500 (7.60%) | loss: 5.863484 | lrm: 1.00 | dt: 4298.16ms | tok/sec: 15,247 | bf16_mfu: 1.17 | epoch: 1 pq: 0 rg: 15 | total time: 7.63m | eta: 101.6m
step 00115/01500 (7.67%) | loss: 5.861959 | lrm: 1.00 | dt: 4284.21ms | tok/sec: 15,297 | bf16_mfu: 1.18 | epoch: 1 pq: 0 rg: 15 | total time: 7.70m | eta: 101.5m
step 00116/01500 (7.73%) | loss: 5.853292 | lrm: 1.00 | dt: 4311.92ms | tok/sec: 15,198 | bf16_mfu: 1.17 | epoch: 1 pq: 0 rg: 15 | total time: 7.77m | eta: 101.4m
step 00117/01500 (7.80%) | loss: 5.842439 | lrm: 1.00 | dt: 4340.11ms | tok/sec: 15,100 | bf16_mfu: 1.16 | epoch: 1 pq: 0 rg: 16 | total time: 7.84m | eta: 101.3m
step 00118/01500 (7.87%) | loss: 5.842505 | lrm: 1.00 | dt: 4275.49ms | tok/sec: 15,328 | bf16_mfu: 1.18 | epoch: 1 pq: 0 rg: 16 | total time: 7.91m | eta: 101.2m
step 00119/01500 (7.93%) | loss: 5.843416 | lrm: 1.00 | dt: 4268.55ms | tok/sec: 15,353 | bf16_mfu: 1.18 | epoch: 1 pq: 0 rg: 16 | total time: 7.98m | eta: 101.1m
step 00120/01500 (8.00%) | loss: 5.838175 | lrm: 1.00 | dt: 4268.51ms | tok/sec: 15,353 | bf16_mfu: 1.18 | epoch: 1 pq: 0 rg: 16 | total time: 8.05m | eta: 101.0m
step 00121/01500 (8.07%) | loss: 5.823298 | lrm: 1.00 | dt: 4290.43ms | tok/sec: 15,274 | bf16_mfu: 1.17 | epoch: 1 pq: 0 rg: 16 | total time: 8.13m | eta: 100.9m
step 00122/01500 (8.13%) | loss: 5.825444 | lrm: 1.00 | dt: 4299.81ms | tok/sec: 15,241 | bf16_mfu: 1.17 | epoch: 1 pq: 0 rg: 16 | total time: 8.20m | eta: 100.9m
step 00123/01500 (8.20%) | loss: 5.816684 | lrm: 1.00 | dt: 4286.01ms | tok/sec: 15,290 | bf16_mfu: 1.17 | epoch: 1 pq: 0 rg: 16 | total time: 8.27m | eta: 100.8m
step 00124/01500 (8.27%) | loss: 5.809597 | lrm: 1.00 | dt: 4274.30ms | tok/sec: 15,332 | bf16_mfu: 1.18 | epoch: 1 pq: 0 rg: 17 | total time: 8.34m | eta: 100.7m
step 00125/01500 (8.33%) | loss: 5.802858 | lrm: 1.00 | dt: 4281.47ms | tok/sec: 15,306 | bf16_mfu: 1.18 | epoch: 1 pq: 0 rg: 17 | total time: 8.41m | eta: 100.6m
step 00126/01500 (8.40%) | loss: 5.799271 | lrm: 1.00 | dt: 4330.44ms | tok/sec: 15,133 | bf16_mfu: 1.16 | epoch: 1 pq: 0 rg: 17 | total time: 8.48m | eta: 100.5m
step 00127/01500 (8.47%) | loss: 5.802612 | lrm: 1.00 | dt: 4353.17ms | tok/sec: 15,054 | bf16_mfu: 1.16 | epoch: 1 pq: 0 rg: 17 | total time: 8.56m | eta: 100.4m
step 00128/01500 (8.53%) | loss: 5.809670 | lrm: 1.00 | dt: 4332.63ms | tok/sec: 15,126 | bf16_mfu: 1.16 | epoch: 1 pq: 0 rg: 17 | total time: 8.63m | eta: 100.3m
step 00129/01500 (8.60%) | loss: 5.809642 | lrm: 1.00 | dt: 4306.45ms | tok/sec: 15,218 | bf16_mfu: 1.17 | epoch: 1 pq: 0 rg: 17 | total time: 8.70m | eta: 100.2m
step 00130/01500 (8.67%) | loss: 5.802229 | lrm: 1.00 | dt: 4324.62ms | tok/sec: 15,154 | bf16_mfu: 1.16 | epoch: 1 pq: 0 rg: 17 | total time: 8.77m | eta: 100.1m
step 00131/01500 (8.73%) | loss: 5.793177 | lrm: 1.00 | dt: 4317.83ms | tok/sec: 15,177 | bf16_mfu: 1.17 | epoch: 1 pq: 0 rg: 18 | total time: 8.84m | eta: 100.1m
step 00132/01500 (8.80%) | loss: 5.788425 | lrm: 1.00 | dt: 4289.68ms | tok/sec: 15,277 | bf16_mfu: 1.17 | epoch: 1 pq: 0 rg: 18 | total time: 8.92m | eta: 100.0m
step 00133/01500 (8.87%) | loss: 5.791852 | lrm: 1.00 | dt: 4291.96ms | tok/sec: 15,269 | bf16_mfu: 1.17 | epoch: 1 pq: 0 rg: 18 | total time: 8.99m | eta: 99.9m
step 00134/01500 (8.93%) | loss: 5.792413 | lrm: 1.00 | dt: 4287.58ms | tok/sec: 15,285 | bf16_mfu: 1.17 | epoch: 1 pq: 0 rg: 18 | total time: 9.06m | eta: 99.8m
step 00135/01500 (9.00%) | loss: 5.786134 | lrm: 1.00 | dt: 4289.44ms | tok/sec: 15,278 | bf16_mfu: 1.17 | epoch: 1 pq: 0 rg: 18 | total time: 9.13m | eta: 99.7m
step 00136/01500 (9.07%) | loss: 5.780896 | lrm: 1.00 | dt: 4432.70ms | tok/sec: 14,784 | bf16_mfu: 1.14 | epoch: 1 pq: 0 rg: 18 | total time: 9.20m | eta: 99.6m
step 00137/01500 (9.13%) | loss: 5.765126 | lrm: 1.00 | dt: 4468.79ms | tok/sec: 14,665 | bf16_mfu: 1.13 | epoch: 1 pq: 0 rg: 18 | total time: 9.28m | eta: 99.6m
step 00138/01500 (9.20%) | loss: 5.756288 | lrm: 1.00 | dt: 4421.82ms | tok/sec: 14,821 | bf16_mfu: 1.14 | epoch: 1 pq: 0 rg: 18 | total time: 9.35m | eta: 99.5m
step 00139/01500 (9.27%) | loss: 5.737630 | lrm: 1.00 | dt: 4428.65ms | tok/sec: 14,798 | bf16_mfu: 1.14 | epoch: 1 pq: 0 rg: 19 | total time: 9.43m | eta: 99.4m
step 00140/01500 (9.33%) | loss: 5.732064 | lrm: 1.00 | dt: 4394.76ms | tok/sec: 14,912 | bf16_mfu: 1.15 | epoch: 1 pq: 0 rg: 19 | total time: 9.50m | eta: 99.4m
step 00141/01500 (9.40%) | loss: 5.734968 | lrm: 1.00 | dt: 4274.88ms | tok/sec: 15,330 | bf16_mfu: 1.18 | epoch: 1 pq: 0 rg: 19 | total time: 9.57m | eta: 99.3m
step 00142/01500 (9.47%) | loss: 5.740688 | lrm: 1.00 | dt: 4261.45ms | tok/sec: 15,378 | bf16_mfu: 1.18 | epoch: 1 pq: 0 rg: 19 | total time: 9.64m | eta: 99.2m
step 00143/01500 (9.53%) | loss: 5.748140 | lrm: 1.00 | dt: 4255.81ms | tok/sec: 15,399 | bf16_mfu: 1.18 | epoch: 1 pq: 0 rg: 19 | total time: 9.71m | eta: 99.1m
step 00144/01500 (9.60%) | loss: 5.756199 | lrm: 1.00 | dt: 4331.23ms | tok/sec: 15,131 | bf16_mfu: 1.16 | epoch: 1 pq: 0 rg: 19 | total time: 9.78m | eta: 99.0m
step 00145/01500 (9.67%) | loss: 5.758718 | lrm: 1.00 | dt: 4304.23ms | tok/sec: 15,225 | bf16_mfu: 1.17 | epoch: 1 pq: 0 rg: 19 | total time: 9.86m | eta: 98.9m
step 00146/01500 (9.73%) | loss: 5.751522 | lrm: 1.00 | dt: 4335.27ms | tok/sec: 15,116 | bf16_mfu: 1.16 | epoch: 1 pq: 0 rg: 19 | total time: 9.93m | eta: 98.8m
step 00147/01500 (9.80%) | loss: 5.746269 | lrm: 1.00 | dt: 4448.45ms | tok/sec: 14,732 | bf16_mfu: 1.13 | epoch: 1 pq: 0 rg: 20 | total time: 10.00m | eta: 98.8m
step 00148/01500 (9.87%) | loss: 5.740844 | lrm: 1.00 | dt: 4441.70ms | tok/sec: 14,754 | bf16_mfu: 1.13 | epoch: 1 pq: 0 rg: 20 | total time: 10.08m | eta: 98.7m
step 00149/01500 (9.93%) | loss: 5.720906 | lrm: 1.00 | dt: 4462.15ms | tok/sec: 14,687 | bf16_mfu: 1.13 | epoch: 1 pq: 0 rg: 20 | total time: 10.15m | eta: 98.7m
step 00150/01500 (10.00%) | loss: 5.725872 | lrm: 1.00 | dt: 5436.06ms | tok/sec: 12,055 | bf16_mfu: 0.93 | epoch: 1 pq: 0 rg: 20 | total time: 10.24m | eta: 98.8m
step 00151/01500 (10.07%) | loss: 5.723443 | lrm: 1.00 | dt: 4442.39ms | tok/sec: 14,752 | bf16_mfu: 1.13 | epoch: 1 pq: 0 rg: 20 | total time: 10.32m | eta: 98.7m
step 00152/01500 (10.13%) | loss: 5.712634 | lrm: 1.00 | dt: 4481.52ms | tok/sec: 14,623 | bf16_mfu: 1.12 | epoch: 1 pq: 0 rg: 20 | total time: 10.39m | eta: 98.6m
step 00153/01500 (10.20%) | loss: 5.706132 | lrm: 1.00 | dt: 4534.99ms | tok/sec: 14,451 | bf16_mfu: 1.11 | epoch: 1 pq: 0 rg: 20 | total time: 10.47m | eta: 98.6m
step 00154/01500 (10.27%) | loss: 5.708275 | lrm: 1.00 | dt: 4467.84ms | tok/sec: 14,668 | bf16_mfu: 1.13 | epoch: 1 pq: 0 rg: 21 | total time: 10.54m | eta: 98.5m
step 00155/01500 (10.33%) | loss: 5.698062 | lrm: 1.00 | dt: 4484.99ms | tok/sec: 14,612 | bf16_mfu: 1.12 | epoch: 1 pq: 0 rg: 21 | total time: 10.62m | eta: 98.5m
step 00156/01500 (10.40%) | loss: 5.689064 | lrm: 1.00 | dt: 4311.50ms | tok/sec: 15,200 | bf16_mfu: 1.17 | epoch: 1 pq: 0 rg: 21 | total time: 10.69m | eta: 98.4m
step 00157/01500 (10.47%) | loss: 5.687447 | lrm: 1.00 | dt: 4286.08ms | tok/sec: 15,290 | bf16_mfu: 1.17 | epoch: 1 pq: 0 rg: 21 | total time: 10.76m | eta: 98.3m
step 00158/01500 (10.53%) | loss: 5.679850 | lrm: 1.00 | dt: 4277.53ms | tok/sec: 15,320 | bf16_mfu: 1.18 | epoch: 1 pq: 0 rg: 21 | total time: 10.83m | eta: 98.2m
step 00159/01500 (10.60%) | loss: 5.683875 | lrm: 1.00 | dt: 4266.91ms | tok/sec: 15,359 | bf16_mfu: 1.18 | epoch: 1 pq: 0 rg: 21 | total time: 10.90m | eta: 98.1m
step 00160/01500 (10.67%) | loss: 5.690807 | lrm: 1.00 | dt: 4330.56ms | tok/sec: 15,133 | bf16_mfu: 1.16 | epoch: 1 pq: 0 rg: 21 | total time: 10.97m | eta: 98.0m
step 00161/01500 (10.73%) | loss: 5.685948 | lrm: 1.00 | dt: 4321.69ms | tok/sec: 15,164 | bf16_mfu: 1.16 | epoch: 1 pq: 0 rg: 21 | total time: 11.05m | eta: 97.9m
step 00162/01500 (10.80%) | loss: 5.690944 | lrm: 1.00 | dt: 4543.35ms | tok/sec: 14,424 | bf16_mfu: 1.11 | epoch: 1 pq: 0 rg: 22 | total time: 11.12m | eta: 97.9m
step 00163/01500 (10.87%) | loss: 5.684193 | lrm: 1.00 | dt: 4326.27ms | tok/sec: 15,148 | bf16_mfu: 1.16 | epoch: 1 pq: 0 rg: 22 | total time: 11.19m | eta: 97.8m
step 00164/01500 (10.93%) | loss: 5.671345 | lrm: 1.00 | dt: 4526.38ms | tok/sec: 14,478 | bf16_mfu: 1.11 | epoch: 1 pq: 0 rg: 22 | total time: 11.27m | eta: 97.8m
step 00165/01500 (11.00%) | loss: 5.660118 | lrm: 1.00 | dt: 4336.30ms | tok/sec: 15,113 | bf16_mfu: 1.16 | epoch: 1 pq: 0 rg: 22 | total time: 11.34m | eta: 97.7m
step 00166/01500 (11.07%) | loss: 5.650069 | lrm: 1.00 | dt: 4501.64ms | tok/sec: 14,558 | bf16_mfu: 1.12 | epoch: 1 pq: 0 rg: 22 | total time: 11.42m | eta: 97.6m
step 00167/01500 (11.13%) | loss: 5.647789 | lrm: 1.00 | dt: 4373.50ms | tok/sec: 14,984 | bf16_mfu: 1.15 | epoch: 1 pq: 0 rg: 22 | total time: 11.49m | eta: 97.5m
step 00168/01500 (11.20%) | loss: 5.639294 | lrm: 1.00 | dt: 4525.14ms | tok/sec: 14,482 | bf16_mfu: 1.11 | epoch: 1 pq: 0 rg: 22 | total time: 11.56m | eta: 97.5m
step 00169/01500 (11.27%) | loss: 5.629811 | lrm: 1.00 | dt: 4558.18ms | tok/sec: 14,377 | bf16_mfu: 1.10 | epoch: 1 pq: 0 rg: 23 | total time: 11.64m | eta: 97.4m
step 00170/01500 (11.33%) | loss: 5.630068 | lrm: 1.00 | dt: 4271.27ms | tok/sec: 15,343 | bf16_mfu: 1.18 | epoch: 1 pq: 0 rg: 23 | total time: 11.71m | eta: 97.3m
step 00171/01500 (11.40%) | loss: 5.626015 | lrm: 1.00 | dt: 4317.88ms | tok/sec: 15,177 | bf16_mfu: 1.17 | epoch: 1 pq: 0 rg: 23 | total time: 11.78m | eta: 97.3m
step 00172/01500 (11.47%) | loss: 5.632282 | lrm: 1.00 | dt: 4290.11ms | tok/sec: 15,276 | bf16_mfu: 1.17 | epoch: 1 pq: 0 rg: 23 | total time: 11.85m | eta: 97.2m
step 00173/01500 (11.53%) | loss: 5.618302 | lrm: 1.00 | dt: 4286.16ms | tok/sec: 15,290 | bf16_mfu: 1.17 | epoch: 1 pq: 0 rg: 23 | total time: 11.93m | eta: 97.1m
step 00174/01500 (11.60%) | loss: 5.622589 | lrm: 1.00 | dt: 4316.00ms | tok/sec: 15,184 | bf16_mfu: 1.17 | epoch: 1 pq: 0 rg: 23 | total time: 12.00m | eta: 97.0m
step 00175/01500 (11.67%) | loss: 5.615474 | lrm: 1.00 | dt: 4331.35ms | tok/sec: 15,130 | bf16_mfu: 1.16 | epoch: 1 pq: 0 rg: 23 | total time: 12.07m | eta: 96.9m
step 00176/01500 (11.73%) | loss: 5.616276 | lrm: 1.00 | dt: 4305.93ms | tok/sec: 15,219 | bf16_mfu: 1.17 | epoch: 1 pq: 0 rg: 23 | total time: 12.14m | eta: 96.8m
step 00177/01500 (11.80%) | loss: 5.614306 | lrm: 1.00 | dt: 4321.75ms | tok/sec: 15,164 | bf16_mfu: 1.16 | epoch: 1 pq: 0 rg: 24 | total time: 12.21m | eta: 96.8m
step 00178/01500 (11.87%) | loss: 5.628790 | lrm: 1.00 | dt: 4290.17ms | tok/sec: 15,275 | bf16_mfu: 1.17 | epoch: 1 pq: 0 rg: 24 | total time: 12.29m | eta: 96.7m
step 00179/01500 (11.93%) | loss: 5.625560 | lrm: 1.00 | dt: 4281.41ms | tok/sec: 15,307 | bf16_mfu: 1.18 | epoch: 1 pq: 0 rg: 24 | total time: 12.36m | eta: 96.6m
step 00180/01500 (12.00%) | loss: 5.621544 | lrm: 1.00 | dt: 4282.12ms | tok/sec: 15,304 | bf16_mfu: 1.18 | epoch: 1 pq: 0 rg: 24 | total time: 12.43m | eta: 96.5m
step 00181/01500 (12.07%) | loss: 5.627222 | lrm: 1.00 | dt: 4264.71ms | tok/sec: 15,367 | bf16_mfu: 1.18 | epoch: 1 pq: 0 rg: 24 | total time: 12.50m | eta: 96.4m
step 00182/01500 (12.13%) | loss: 5.613024 | lrm: 1.00 | dt: 4304.08ms | tok/sec: 15,226 | bf16_mfu: 1.17 | epoch: 1 pq: 0 rg: 24 | total time: 12.57m | eta: 96.3m
step 00183/01500 (12.20%) | loss: 5.604707 | lrm: 1.00 | dt: 4291.10ms | tok/sec: 15,272 | bf16_mfu: 1.17 | epoch: 1 pq: 0 rg: 24 | total time: 12.64m | eta: 96.2m
step 00184/01500 (12.27%) | loss: 5.602409 | lrm: 1.00 | dt: 4299.50ms | tok/sec: 15,242 | bf16_mfu: 1.17 | epoch: 1 pq: 0 rg: 25 | total time: 12.71m | eta: 96.2m
step 00185/01500 (12.33%) | loss: 5.605705 | lrm: 1.00 | dt: 4343.88ms | tok/sec: 15,086 | bf16_mfu: 1.16 | epoch: 1 pq: 0 rg: 25 | total time: 12.79m | eta: 96.1m
step 00186/01500 (12.40%) | loss: 5.596577 | lrm: 1.00 | dt: 4284.39ms | tok/sec: 15,296 | bf16_mfu: 1.17 | epoch: 1 pq: 0 rg: 25 | total time: 12.86m | eta: 96.0m
step 00187/01500 (12.47%) | loss: 5.594987 | lrm: 1.00 | dt: 4287.49ms | tok/sec: 15,285 | bf16_mfu: 1.17 | epoch: 1 pq: 0 rg: 25 | total time: 12.93m | eta: 95.9m
step 00188/01500 (12.53%) | loss: 5.584313 | lrm: 1.00 | dt: 4340.89ms | tok/sec: 15,097 | bf16_mfu: 1.16 | epoch: 1 pq: 0 rg: 25 | total time: 13.00m | eta: 95.8m
step 00189/01500 (12.60%) | loss: 5.584003 | lrm: 1.00 | dt: 4313.98ms | tok/sec: 15,191 | bf16_mfu: 1.17 | epoch: 1 pq: 0 rg: 25 | total time: 13.07m | eta: 95.8m
step 00190/01500 (12.67%) | loss: 5.582017 | lrm: 1.00 | dt: 4290.85ms | tok/sec: 15,273 | bf16_mfu: 1.17 | epoch: 1 pq: 0 rg: 25 | total time: 13.15m | eta: 95.7m
step 00191/01500 (12.73%) | loss: 5.574435 | lrm: 1.00 | dt: 4293.01ms | tok/sec: 15,265 | bf16_mfu: 1.17 | epoch: 1 pq: 0 rg: 25 | total time: 13.22m | eta: 95.6m
step 00192/01500 (12.80%) | loss: 5.585103 | lrm: 1.00 | dt: 4312.59ms | tok/sec: 15,196 | bf16_mfu: 1.17 | epoch: 1 pq: 0 rg: 26 | total time: 13.29m | eta: 95.5m
step 00193/01500 (12.87%) | loss: 5.576646 | lrm: 1.00 | dt: 4315.04ms | tok/sec: 15,187 | bf16_mfu: 1.17 | epoch: 1 pq: 0 rg: 26 | total time: 13.36m | eta: 95.4m
step 00194/01500 (12.93%) | loss: 5.560895 | lrm: 1.00 | dt: 4281.32ms | tok/sec: 15,307 | bf16_mfu: 1.18 | epoch: 1 pq: 0 rg: 26 | total time: 13.43m | eta: 95.3m
step 00195/01500 (13.00%) | loss: 5.562935 | lrm: 1.00 | dt: 4292.71ms | tok/sec: 15,266 | bf16_mfu: 1.17 | epoch: 1 pq: 0 rg: 26 | total time: 13.50m | eta: 95.3m
step 00196/01500 (13.07%) | loss: 5.555423 | lrm: 1.00 | dt: 4287.29ms | tok/sec: 15,286 | bf16_mfu: 1.17 | epoch: 1 pq: 0 rg: 26 | total time: 13.57m | eta: 95.2m
step 00197/01500 (13.13%) | loss: 5.541082 | lrm: 1.00 | dt: 4277.38ms | tok/sec: 15,321 | bf16_mfu: 1.18 | epoch: 1 pq: 0 rg: 26 | total time: 13.65m | eta: 95.1m
step 00198/01500 (13.20%) | loss: 5.530455 | lrm: 1.00 | dt: 4308.77ms | tok/sec: 15,209 | bf16_mfu: 1.17 | epoch: 1 pq: 0 rg: 26 | total time: 13.72m | eta: 95.0m
step 00199/01500 (13.27%) | loss: 5.528877 | lrm: 1.00 | dt: 4330.60ms | tok/sec: 15,133 | bf16_mfu: 1.16 | epoch: 1 pq: 0 rg: 27 | total time: 13.79m | eta: 94.9m
step 00200/01500 (13.33%) | loss: 5.527995 | lrm: 1.00 | dt: 5226.51ms | tok/sec: 12,539 | bf16_mfu: 0.96 | epoch: 1 pq: 0 rg: 27 | total time: 13.88m | eta: 95.0m
step 00201/01500 (13.40%) | loss: 5.519144 | lrm: 1.00 | dt: 4331.90ms | tok/sec: 15,128 | bf16_mfu: 1.16 | epoch: 1 pq: 0 rg: 27 | total time: 13.95m | eta: 94.9m
step 00202/01500 (13.47%) | loss: 5.519450 | lrm: 1.00 | dt: 4277.96ms | tok/sec: 15,319 | bf16_mfu: 1.18 | epoch: 1 pq: 0 rg: 27 | total time: 14.02m | eta: 94.8m
step 00203/01500 (13.53%) | loss: 5.523556 | lrm: 1.00 | dt: 4295.06ms | tok/sec: 15,258 | bf16_mfu: 1.17 | epoch: 1 pq: 0 rg: 27 | total time: 14.09m | eta: 94.7m
step 00204/01500 (13.60%) | loss: 5.522673 | lrm: 1.00 | dt: 4276.89ms | tok/sec: 15,323 | bf16_mfu: 1.18 | epoch: 1 pq: 0 rg: 27 | total time: 14.16m | eta: 94.6m
step 00205/01500 (13.67%) | loss: 5.520881 | lrm: 1.00 | dt: 4285.41ms | tok/sec: 15,292 | bf16_mfu: 1.17 | epoch: 1 pq: 0 rg: 27 | total time: 14.24m | eta: 94.5m
step 00206/01500 (13.73%) | loss: 5.526055 | lrm: 1.00 | dt: 4288.24ms | tok/sec: 15,282 | bf16_mfu: 1.17 | epoch: 1 pq: 0 rg: 27 | total time: 14.31m | eta: 94.5m
step 00207/01500 (13.80%) | loss: 5.525735 | lrm: 1.00 | dt: 4288.12ms | tok/sec: 15,283 | bf16_mfu: 1.17 | epoch: 1 pq: 0 rg: 28 | total time: 14.38m | eta: 94.4m
step 00208/01500 (13.87%) | loss: 5.534335 | lrm: 1.00 | dt: 4315.31ms | tok/sec: 15,186 | bf16_mfu: 1.17 | epoch: 1 pq: 0 rg: 28 | total time: 14.45m | eta: 94.3m
step 00209/01500 (13.93%) | loss: 5.535961 | lrm: 1.00 | dt: 4300.62ms | tok/sec: 15,238 | bf16_mfu: 1.17 | epoch: 1 pq: 0 rg: 28 | total time: 14.52m | eta: 94.2m
step 00210/01500 (14.00%) | loss: 5.533200 | lrm: 1.00 | dt: 4285.91ms | tok/sec: 15,291 | bf16_mfu: 1.17 | epoch: 1 pq: 0 rg: 28 | total time: 14.59m | eta: 94.1m
step 00211/01500 (14.07%) | loss: 5.525613 | lrm: 1.00 | dt: 4283.80ms | tok/sec: 15,298 | bf16_mfu: 1.18 | epoch: 1 pq: 0 rg: 28 | total time: 14.66m | eta: 94.0m
step 00212/01500 (14.13%) | loss: 5.512490 | lrm: 1.00 | dt: 4295.11ms | tok/sec: 15,258 | bf16_mfu: 1.17 | epoch: 1 pq: 0 rg: 28 | total time: 14.74m | eta: 94.0m
step 00213/01500 (14.20%) | loss: 5.497445 | lrm: 1.00 | dt: 4309.64ms | tok/sec: 15,206 | bf16_mfu: 1.17 | epoch: 1 pq: 0 rg: 28 | total time: 14.81m | eta: 93.9m
step 00214/01500 (14.27%) | loss: 5.495828 | lrm: 1.00 | dt: 4346.34ms | tok/sec: 15,078 | bf16_mfu: 1.16 | epoch: 1 pq: 0 rg: 29 | total time: 14.88m | eta: 93.8m
step 00215/01500 (14.33%) | loss: 5.487114 | lrm: 1.00 | dt: 4327.94ms | tok/sec: 15,142 | bf16_mfu: 1.16 | epoch: 1 pq: 0 rg: 29 | total time: 14.95m | eta: 93.7m
step 00216/01500 (14.40%) | loss: 5.482446 | lrm: 1.00 | dt: 4290.44ms | tok/sec: 15,274 | bf16_mfu: 1.17 | epoch: 1 pq: 0 rg: 29 | total time: 15.02m | eta: 93.6m
step 00217/01500 (14.47%) | loss: 5.486324 | lrm: 1.00 | dt: 4292.81ms | tok/sec: 15,266 | bf16_mfu: 1.17 | epoch: 1 pq: 0 rg: 29 | total time: 15.10m | eta: 93.6m
step 00218/01500 (14.53%) | loss: 5.482160 | lrm: 1.00 | dt: 4284.67ms | tok/sec: 15,295 | bf16_mfu: 1.17 | epoch: 1 pq: 0 rg: 29 | total time: 15.17m | eta: 93.5m
step 00219/01500 (14.60%) | loss: 5.483909 | lrm: 1.00 | dt: 4306.47ms | tok/sec: 15,218 | bf16_mfu: 1.17 | epoch: 1 pq: 0 rg: 29 | total time: 15.24m | eta: 93.4m
step 00220/01500 (14.67%) | loss: 5.479133 | lrm: 1.00 | dt: 4313.09ms | tok/sec: 15,194 | bf16_mfu: 1.17 | epoch: 1 pq: 0 rg: 29 | total time: 15.31m | eta: 93.3m
step 00221/01500 (14.73%) | loss: 5.484089 | lrm: 1.00 | dt: 4289.49ms | tok/sec: 15,278 | bf16_mfu: 1.17 | epoch: 1 pq: 0 rg: 29 | total time: 15.38m | eta: 93.2m
step 00222/01500 (14.80%) | loss: 5.486769 | lrm: 1.00 | dt: 4317.50ms | tok/sec: 15,179 | bf16_mfu: 1.17 | epoch: 1 pq: 0 rg: 30 | total time: 15.45m | eta: 93.2m
step 00223/01500 (14.87%) | loss: 5.469964 | lrm: 1.00 | dt: 4270.05ms | tok/sec: 15,347 | bf16_mfu: 1.18 | epoch: 1 pq: 0 rg: 30 | total time: 15.53m | eta: 93.1m
step 00224/01500 (14.93%) | loss: 5.477140 | lrm: 1.00 | dt: 4270.76ms | tok/sec: 15,345 | bf16_mfu: 1.18 | epoch: 1 pq: 0 rg: 30 | total time: 15.60m | eta: 93.0m
step 00225/01500 (15.00%) | loss: 5.469408 | lrm: 1.00 | dt: 4285.89ms | tok/sec: 15,291 | bf16_mfu: 1.17 | epoch: 1 pq: 0 rg: 30 | total time: 15.67m | eta: 92.9m
step 00226/01500 (15.07%) | loss: 5.452174 | lrm: 1.00 | dt: 4287.62ms | tok/sec: 15,284 | bf16_mfu: 1.17 | epoch: 1 pq: 0 rg: 30 | total time: 15.74m | eta: 92.8m
step 00227/01500 (15.13%) | loss: 5.442974 | lrm: 1.00 | dt: 4305.25ms | tok/sec: 15,222 | bf16_mfu: 1.17 | epoch: 1 pq: 0 rg: 30 | total time: 15.81m | eta: 92.8m
step 00228/01500 (15.20%) | loss: 5.438949 | lrm: 1.00 | dt: 4306.09ms | tok/sec: 15,219 | bf16_mfu: 1.17 | epoch: 1 pq: 0 rg: 30 | total time: 15.88m | eta: 92.7m
step 00229/01500 (15.27%) | loss: 5.437770 | lrm: 1.00 | dt: 4324.72ms | tok/sec: 15,153 | bf16_mfu: 1.16 | epoch: 1 pq: 0 rg: 31 | total time: 15.95m | eta: 92.6m
step 00230/01500 (15.33%) | loss: 5.441544 | lrm: 1.00 | dt: 4303.71ms | tok/sec: 15,227 | bf16_mfu: 1.17 | epoch: 1 pq: 0 rg: 31 | total time: 16.03m | eta: 92.5m
step 00231/01500 (15.40%) | loss: 5.445138 | lrm: 1.00 | dt: 4299.01ms | tok/sec: 15,244 | bf16_mfu: 1.17 | epoch: 1 pq: 0 rg: 31 | total time: 16.10m | eta: 92.4m
step 00232/01500 (15.47%) | loss: 5.441158 | lrm: 1.00 | dt: 4280.98ms | tok/sec: 15,308 | bf16_mfu: 1.18 | epoch: 1 pq: 0 rg: 31 | total time: 16.17m | eta: 92.4m
step 00233/01500 (15.53%) | loss: 5.439412 | lrm: 1.00 | dt: 4299.17ms | tok/sec: 15,243 | bf16_mfu: 1.17 | epoch: 1 pq: 0 rg: 31 | total time: 16.24m | eta: 92.3m
step 00234/01500 (15.60%) | loss: 5.433481 | lrm: 1.00 | dt: 4298.75ms | tok/sec: 15,245 | bf16_mfu: 1.17 | epoch: 1 pq: 0 rg: 31 | total time: 16.31m | eta: 92.2m
step 00235/01500 (15.67%) | loss: 5.435519 | lrm: 1.00 | dt: 4304.49ms | tok/sec: 15,225 | bf16_mfu: 1.17 | epoch: 1 pq: 0 rg: 31 | total time: 16.38m | eta: 92.1m
step 00236/01500 (15.73%) | loss: 5.429588 | lrm: 1.00 | dt: 4340.77ms | tok/sec: 15,097 | bf16_mfu: 1.16 | epoch: 1 pq: 0 rg: 31 | total time: 16.46m | eta: 92.0m
step 00237/01500 (15.80%) | loss: 5.428414 | lrm: 1.00 | dt: 4311.47ms | tok/sec: 15,200 | bf16_mfu: 1.17 | epoch: 1 pq: 0 rg: 32 | total time: 16.53m | eta: 92.0m
step 00238/01500 (15.87%) | loss: 5.431058 | lrm: 1.00 | dt: 4267.50ms | tok/sec: 15,357 | bf16_mfu: 1.18 | epoch: 1 pq: 0 rg: 32 | total time: 16.60m | eta: 91.9m
step 00239/01500 (15.93%) | loss: 5.437643 | lrm: 1.00 | dt: 4272.73ms | tok/sec: 15,338 | bf16_mfu: 1.18 | epoch: 1 pq: 0 rg: 32 | total time: 16.67m | eta: 91.8m
step 00240/01500 (16.00%) | loss: 5.434488 | lrm: 1.00 | dt: 4352.50ms | tok/sec: 15,057 | bf16_mfu: 1.16 | epoch: 1 pq: 0 rg: 32 | total time: 16.74m | eta: 91.7m
step 00241/01500 (16.07%) | loss: 5.423598 | lrm: 1.00 | dt: 4303.07ms | tok/sec: 15,230 | bf16_mfu: 1.17 | epoch: 1 pq: 0 rg: 32 | total time: 16.82m | eta: 91.6m
step 00242/01500 (16.13%) | loss: 5.410313 | lrm: 1.00 | dt: 4271.97ms | tok/sec: 15,340 | bf16_mfu: 1.18 | epoch: 1 pq: 0 rg: 32 | total time: 16.89m | eta: 91.6m
step 00243/01500 (16.20%) | loss: 5.406603 | lrm: 1.00 | dt: 4293.81ms | tok/sec: 15,262 | bf16_mfu: 1.17 | epoch: 1 pq: 0 rg: 32 | total time: 16.96m | eta: 91.5m
step 00244/01500 (16.27%) | loss: 5.399073 | lrm: 1.00 | dt: 4292.83ms | tok/sec: 15,266 | bf16_mfu: 1.17 | epoch: 1 pq: 0 rg: 32 | total time: 17.03m | eta: 91.4m
step 00245/01500 (16.33%) | loss: 5.397672 | lrm: 1.00 | dt: 4298.36ms | tok/sec: 15,246 | bf16_mfu: 1.17 | epoch: 1 pq: 0 rg: 33 | total time: 17.10m | eta: 91.3m
step 00246/01500 (16.40%) | loss: 5.378392 | lrm: 1.00 | dt: 4294.05ms | tok/sec: 15,262 | bf16_mfu: 1.17 | epoch: 1 pq: 0 rg: 33 | total time: 17.17m | eta: 91.2m
step 00247/01500 (16.47%) | loss: 5.375460 | lrm: 1.00 | dt: 4324.04ms | tok/sec: 15,156 | bf16_mfu: 1.16 | epoch: 1 pq: 0 rg: 33 | total time: 17.25m | eta: 91.2m
step 00248/01500 (16.53%) | loss: 5.375160 | lrm: 1.00 | dt: 4307.40ms | tok/sec: 15,214 | bf16_mfu: 1.17 | epoch: 1 pq: 0 rg: 33 | total time: 17.32m | eta: 91.1m
step 00249/01500 (16.60%) | loss: 5.367727 | lrm: 1.00 | dt: 4290.20ms | tok/sec: 15,275 | bf16_mfu: 1.17 | epoch: 1 pq: 0 rg: 33 | total time: 17.39m | eta: 91.0m
step 00250/01500 (16.67%) | loss: 5.365052 | lrm: 1.00 | dt: 5234.36ms | tok/sec: 12,520 | bf16_mfu: 0.96 | epoch: 1 pq: 0 rg: 33 | total time: 17.48m | eta: 91.0m
step 00251/01500 (16.73%) | loss: 5.359355 | lrm: 1.00 | dt: 4335.02ms | tok/sec: 15,117 | bf16_mfu: 1.16 | epoch: 1 pq: 0 rg: 33 | total time: 17.55m | eta: 90.9m
step 00252/01500 (16.80%) | loss: 5.348430 | lrm: 1.00 | dt: 4362.39ms | tok/sec: 15,022 | bf16_mfu: 1.15 | epoch: 1 pq: 0 rg: 33 | total time: 17.62m | eta: 90.9m
step 00253/01500 (16.87%) | loss: 5.340201 | lrm: 1.00 | dt: 4267.93ms | tok/sec: 15,355 | bf16_mfu: 1.18 | epoch: 1 pq: 0 rg: 34 | total time: 17.69m | eta: 90.8m
step 00254/01500 (16.93%) | loss: 5.336425 | lrm: 1.00 | dt: 4254.30ms | tok/sec: 15,404 | bf16_mfu: 1.18 | epoch: 1 pq: 0 rg: 34 | total time: 17.76m | eta: 90.7m
step 00255/01500 (17.00%) | loss: 5.341506 | lrm: 1.00 | dt: 4289.76ms | tok/sec: 15,277 | bf16_mfu: 1.17 | epoch: 1 pq: 0 rg: 34 | total time: 17.83m | eta: 90.6m
step 00256/01500 (17.07%) | loss: 5.333274 | lrm: 1.00 | dt: 4268.09ms | tok/sec: 15,354 | bf16_mfu: 1.18 | epoch: 1 pq: 0 rg: 34 | total time: 17.91m | eta: 90.5m
step 00257/01500 (17.13%) | loss: 5.335562 | lrm: 1.00 | dt: 4313.52ms | tok/sec: 15,193 | bf16_mfu: 1.17 | epoch: 1 pq: 0 rg: 34 | total time: 17.98m | eta: 90.5m
step 00258/01500 (17.20%) | loss: 5.344688 | lrm: 1.00 | dt: 4282.09ms | tok/sec: 15,304 | bf16_mfu: 1.18 | epoch: 1 pq: 0 rg: 34 | total time: 18.05m | eta: 90.4m
step 00259/01500 (17.27%) | loss: 5.348118 | lrm: 1.00 | dt: 4291.38ms | tok/sec: 15,271 | bf16_mfu: 1.17 | epoch: 1 pq: 0 rg: 34 | total time: 18.12m | eta: 90.3m
step 00260/01500 (17.33%) | loss: 5.343888 | lrm: 1.00 | dt: 4283.92ms | tok/sec: 15,298 | bf16_mfu: 1.18 | epoch: 1 pq: 0 rg: 34 | total time: 18.19m | eta: 90.2m
step 00261/01500 (17.40%) | loss: 5.338496 | lrm: 1.00 | dt: 4283.89ms | tok/sec: 15,298 | bf16_mfu: 1.18 | epoch: 1 pq: 0 rg: 34 | total time: 18.26m | eta: 90.1m
step 00262/01500 (17.47%) | loss: 5.348514 | lrm: 1.00 | dt: 4286.31ms | tok/sec: 15,289 | bf16_mfu: 1.17 | epoch: 1 pq: 0 rg: 35 | total time: 18.33m | eta: 90.1m
step 00263/01500 (17.53%) | loss: 5.349016 | lrm: 1.00 | dt: 4274.17ms | tok/sec: 15,333 | bf16_mfu: 1.18 | epoch: 1 pq: 0 rg: 35 | total time: 18.41m | eta: 90.0m
step 00264/01500 (17.60%) | loss: 5.339292 | lrm: 1.00 | dt: 4286.22ms | tok/sec: 15,289 | bf16_mfu: 1.17 | epoch: 1 pq: 0 rg: 35 | total time: 18.48m | eta: 89.9m
step 00265/01500 (17.67%) | loss: 5.349819 | lrm: 1.00 | dt: 4317.75ms | tok/sec: 15,178 | bf16_mfu: 1.17 | epoch: 1 pq: 0 rg: 35 | total time: 18.55m | eta: 89.8m
step 00266/01500 (17.73%) | loss: 5.356548 | lrm: 1.00 | dt: 4282.07ms | tok/sec: 15,304 | bf16_mfu: 1.18 | epoch: 1 pq: 0 rg: 35 | total time: 18.62m | eta: 89.8m
step 00267/01500 (17.80%) | loss: 5.353448 | lrm: 1.00 | dt: 4299.48ms | tok/sec: 15,242 | bf16_mfu: 1.17 | epoch: 1 pq: 0 rg: 35 | total time: 18.69m | eta: 89.7m
step 00268/01500 (17.87%) | loss: 5.347280 | lrm: 1.00 | dt: 4305.61ms | tok/sec: 15,221 | bf16_mfu: 1.17 | epoch: 1 pq: 0 rg: 35 | total time: 18.76m | eta: 89.6m
step 00269/01500 (17.93%) | loss: 5.330148 | lrm: 1.00 | dt: 4283.86ms | tok/sec: 15,298 | bf16_mfu: 1.18 | epoch: 1 pq: 0 rg: 35 | total time: 18.84m | eta: 89.5m
step 00270/01500 (18.00%) | loss: 5.336367 | lrm: 1.00 | dt: 4283.68ms | tok/sec: 15,299 | bf16_mfu: 1.18 | epoch: 1 pq: 0 rg: 36 | total time: 18.91m | eta: 89.4m
step 00271/01500 (18.07%) | loss: 5.336970 | lrm: 1.00 | dt: 4308.75ms | tok/sec: 15,209 | bf16_mfu: 1.17 | epoch: 1 pq: 0 rg: 36 | total time: 18.98m | eta: 89.4m
step 00272/01500 (18.13%) | loss: 5.342802 | lrm: 1.00 | dt: 4305.58ms | tok/sec: 15,221 | bf16_mfu: 1.17 | epoch: 1 pq: 0 rg: 36 | total time: 19.05m | eta: 89.3m
step 00273/01500 (18.20%) | loss: 5.337339 | lrm: 1.00 | dt: 4290.83ms | tok/sec: 15,273 | bf16_mfu: 1.17 | epoch: 1 pq: 0 rg: 36 | total time: 19.12m | eta: 89.2m
step 00274/01500 (18.27%) | loss: 5.335019 | lrm: 1.00 | dt: 4267.10ms | tok/sec: 15,358 | bf16_mfu: 1.18 | epoch: 1 pq: 0 rg: 36 | total time: 19.19m | eta: 89.1m
step 00275/01500 (18.33%) | loss: 5.334996 | lrm: 1.00 | dt: 4297.69ms | tok/sec: 15,249 | bf16_mfu: 1.17 | epoch: 1 pq: 0 rg: 36 | total time: 19.26m | eta: 89.1m
step 00276/01500 (18.40%) | loss: 5.327577 | lrm: 1.00 | dt: 4301.47ms | tok/sec: 15,235 | bf16_mfu: 1.17 | epoch: 1 pq: 0 rg: 36 | total time: 19.34m | eta: 89.0m
step 00277/01500 (18.47%) | loss: 5.321687 | lrm: 1.00 | dt: 4271.67ms | tok/sec: 15,342 | bf16_mfu: 1.18 | epoch: 1 pq: 0 rg: 36 | total time: 19.41m | eta: 88.9m
step 00278/01500 (18.53%) | loss: 5.311731 | lrm: 1.00 | dt: 4306.76ms | tok/sec: 15,216 | bf16_mfu: 1.17 | epoch: 1 pq: 0 rg: 37 | total time: 19.48m | eta: 88.8m
step 00279/01500 (18.60%) | loss: 5.306585 | lrm: 1.00 | dt: 4277.96ms | tok/sec: 15,319 | bf16_mfu: 1.18 | epoch: 1 pq: 0 rg: 37 | total time: 19.55m | eta: 88.7m
step 00280/01500 (18.67%) | loss: 5.294560 | lrm: 1.00 | dt: 4292.14ms | tok/sec: 15,268 | bf16_mfu: 1.17 | epoch: 1 pq: 0 rg: 37 | total time: 19.62m | eta: 88.7m
step 00281/01500 (18.73%) | loss: 5.281710 | lrm: 1.00 | dt: 4278.96ms | tok/sec: 15,315 | bf16_mfu: 1.18 | epoch: 1 pq: 0 rg: 37 | total time: 19.69m | eta: 88.6m
step 00282/01500 (18.80%) | loss: 5.266892 | lrm: 1.00 | dt: 4278.14ms | tok/sec: 15,318 | bf16_mfu: 1.18 | epoch: 1 pq: 0 rg: 37 | total time: 19.76m | eta: 88.5m
step 00283/01500 (18.87%) | loss: 5.265953 | lrm: 1.00 | dt: 4296.38ms | tok/sec: 15,253 | bf16_mfu: 1.17 | epoch: 1 pq: 0 rg: 37 | total time: 19.84m | eta: 88.4m
step 00284/01500 (18.93%) | loss: 5.261648 | lrm: 1.00 | dt: 4334.07ms | tok/sec: 15,121 | bf16_mfu: 1.16 | epoch: 1 pq: 0 rg: 37 | total time: 19.91m | eta: 88.4m
step 00285/01500 (19.00%) | loss: 5.263341 | lrm: 1.00 | dt: 4275.66ms | tok/sec: 15,327 | bf16_mfu: 1.18 | epoch: 1 pq: 0 rg: 37 | total time: 19.98m | eta: 88.3m
step 00286/01500 (19.07%) | loss: 5.261434 | lrm: 1.00 | dt: 4264.31ms | tok/sec: 15,368 | bf16_mfu: 1.18 | epoch: 1 pq: 0 rg: 37 | total time: 20.05m | eta: 88.2m
step 00287/01500 (19.13%) | loss: 5.257359 | lrm: 1.00 | dt: 4301.13ms | tok/sec: 15,236 | bf16_mfu: 1.17 | epoch: 1 pq: 0 rg: 38 | total time: 20.12m | eta: 88.1m
step 00288/01500 (19.20%) | loss: 5.265625 | lrm: 1.00 | dt: 4275.67ms | tok/sec: 15,327 | bf16_mfu: 1.18 | epoch: 1 pq: 0 rg: 38 | total time: 20.19m | eta: 88.0m
step 00289/01500 (19.27%) | loss: 5.264188 | lrm: 1.00 | dt: 4280.88ms | tok/sec: 15,308 | bf16_mfu: 1.18 | epoch: 1 pq: 0 rg: 38 | total time: 20.26m | eta: 88.0m
step 00290/01500 (19.33%) | loss: 5.260428 | lrm: 1.00 | dt: 4278.66ms | tok/sec: 15,316 | bf16_mfu: 1.18 | epoch: 1 pq: 0 rg: 38 | total time: 20.34m | eta: 87.9m
step 00291/01500 (19.40%) | loss: 5.258673 | lrm: 1.00 | dt: 4279.00ms | tok/sec: 15,315 | bf16_mfu: 1.18 | epoch: 1 pq: 0 rg: 38 | total time: 20.41m | eta: 87.8m
step 00292/01500 (19.47%) | loss: 5.262980 | lrm: 1.00 | dt: 4273.58ms | tok/sec: 15,335 | bf16_mfu: 1.18 | epoch: 1 pq: 0 rg: 38 | total time: 20.48m | eta: 87.7m
step 00293/01500 (19.53%) | loss: 5.258702 | lrm: 1.00 | dt: 4285.84ms | tok/sec: 15,291 | bf16_mfu: 1.17 | epoch: 1 pq: 0 rg: 38 | total time: 20.55m | eta: 87.6m
step 00294/01500 (19.60%) | loss: 5.254432 | lrm: 1.00 | dt: 4375.20ms | tok/sec: 14,978 | bf16_mfu: 1.15 | epoch: 1 pq: 0 rg: 39 | total time: 20.62m | eta: 87.6m
step 00295/01500 (19.67%) | loss: 5.256196 | lrm: 1.00 | dt: 4303.82ms | tok/sec: 15,227 | bf16_mfu: 1.17 | epoch: 1 pq: 0 rg: 39 | total time: 20.69m | eta: 87.5m
step 00296/01500 (19.73%) | loss: 5.255014 | lrm: 1.00 | dt: 4271.75ms | tok/sec: 15,341 | bf16_mfu: 1.18 | epoch: 1 pq: 0 rg: 39 | total time: 20.77m | eta: 87.4m
step 00297/01500 (19.80%) | loss: 5.251934 | lrm: 1.00 | dt: 4302.13ms | tok/sec: 15,233 | bf16_mfu: 1.17 | epoch: 1 pq: 0 rg: 39 | total time: 20.84m | eta: 87.3m
step 00298/01500 (19.87%) | loss: 5.255758 | lrm: 1.00 | dt: 4309.29ms | tok/sec: 15,208 | bf16_mfu: 1.17 | epoch: 1 pq: 0 rg: 39 | total time: 20.91m | eta: 87.3m
step 00299/01500 (19.93%) | loss: 5.258337 | lrm: 1.00 | dt: 4336.37ms | tok/sec: 15,113 | bf16_mfu: 1.16 | epoch: 1 pq: 0 rg: 39 | total time: 20.98m | eta: 87.2m
step 00300/01500 (20.00%) | loss: 5.275272 | lrm: 1.00 | dt: 5174.09ms | tok/sec: 12,666 | bf16_mfu: 0.97 | epoch: 1 pq: 0 rg: 39 | total time: 21.07m | eta: 87.2m
step 00301/01500 (20.07%) | loss: 5.270683 | lrm: 1.00 | dt: 4280.99ms | tok/sec: 15,308 | bf16_mfu: 1.18 | epoch: 1 pq: 0 rg: 39 | total time: 21.14m | eta: 87.1m
step 00302/01500 (20.13%) | loss: 5.272292 | lrm: 1.00 | dt: 4309.90ms | tok/sec: 15,205 | bf16_mfu: 1.17 | epoch: 1 pq: 0 rg: 39 | total time: 21.21m | eta: 87.0m
step 00303/01500 (20.20%) | loss: 5.263057 | lrm: 1.00 | dt: 4312.68ms | tok/sec: 15,196 | bf16_mfu: 1.17 | epoch: 1 pq: 0 rg: 40 | total time: 21.28m | eta: 86.9m
step 00304/01500 (20.27%) | loss: 5.264258 | lrm: 1.00 | dt: 4263.13ms | tok/sec: 15,372 | bf16_mfu: 1.18 | epoch: 1 pq: 0 rg: 40 | total time: 21.35m | eta: 86.9m
step 00305/01500 (20.33%) | loss: 5.266146 | lrm: 1.00 | dt: 4307.63ms | tok/sec: 15,213 | bf16_mfu: 1.17 | epoch: 1 pq: 0 rg: 40 | total time: 21.43m | eta: 86.8m
step 00306/01500 (20.40%) | loss: 5.256209 | lrm: 1.00 | dt: 4278.30ms | tok/sec: 15,318 | bf16_mfu: 1.18 | epoch: 1 pq: 0 rg: 40 | total time: 21.50m | eta: 86.7m
step 00307/01500 (20.47%) | loss: 5.255749 | lrm: 1.00 | dt: 4301.25ms | tok/sec: 15,236 | bf16_mfu: 1.17 | epoch: 1 pq: 0 rg: 40 | total time: 21.57m | eta: 86.6m
step 00308/01500 (20.53%) | loss: 5.254427 | lrm: 1.00 | dt: 4283.67ms | tok/sec: 15,299 | bf16_mfu: 1.18 | epoch: 1 pq: 0 rg: 40 | total time: 21.64m | eta: 86.6m
step 00309/01500 (20.60%) | loss: 5.256680 | lrm: 1.00 | dt: 4279.27ms | tok/sec: 15,314 | bf16_mfu: 1.18 | epoch: 1 pq: 0 rg: 40 | total time: 21.71m | eta: 86.5m
step 00310/01500 (20.67%) | loss: 5.274421 | lrm: 1.00 | dt: 4304.40ms | tok/sec: 15,225 | bf16_mfu: 1.17 | epoch: 1 pq: 0 rg: 40 | total time: 21.78m | eta: 86.4m
step 00311/01500 (20.73%) | loss: 5.272997 | lrm: 1.00 | dt: 4323.74ms | tok/sec: 15,157 | bf16_mfu: 1.16 | epoch: 1 pq: 0 rg: 41 | total time: 21.86m | eta: 86.3m
step 00312/01500 (20.80%) | loss: 5.259866 | lrm: 1.00 | dt: 4289.15ms | tok/sec: 15,279 | bf16_mfu: 1.17 | epoch: 1 pq: 0 rg: 41 | total time: 21.93m | eta: 86.3m
step 00313/01500 (20.87%) | loss: 5.267904 | lrm: 1.00 | dt: 4262.75ms | tok/sec: 15,374 | bf16_mfu: 1.18 | epoch: 1 pq: 0 rg: 41 | total time: 22.00m | eta: 86.2m
step 00314/01500 (20.93%) | loss: 5.256879 | lrm: 1.00 | dt: 4308.67ms | tok/sec: 15,210 | bf16_mfu: 1.17 | epoch: 1 pq: 0 rg: 41 | total time: 22.07m | eta: 86.1m
step 00315/01500 (21.00%) | loss: 5.257990 | lrm: 1.00 | dt: 4266.73ms | tok/sec: 15,359 | bf16_mfu: 1.18 | epoch: 1 pq: 0 rg: 41 | total time: 22.14m | eta: 86.0m
step 00316/01500 (21.07%) | loss: 5.241801 | lrm: 1.00 | dt: 4301.36ms | tok/sec: 15,236 | bf16_mfu: 1.17 | epoch: 1 pq: 0 rg: 41 | total time: 22.21m | eta: 85.9m
step 00317/01500 (21.13%) | loss: 5.241867 | lrm: 1.00 | dt: 4316.50ms | tok/sec: 15,182 | bf16_mfu: 1.17 | epoch: 1 pq: 0 rg: 41 | total time: 22.28m | eta: 85.9m
step 00318/01500 (21.20%) | loss: 5.231612 | lrm: 1.00 | dt: 4276.07ms | tok/sec: 15,326 | bf16_mfu: 1.18 | epoch: 1 pq: 0 rg: 41 | total time: 22.36m | eta: 85.8m
step 00319/01500 (21.27%) | loss: 5.224582 | lrm: 1.00 | dt: 4274.34ms | tok/sec: 15,332 | bf16_mfu: 1.18 | epoch: 1 pq: 0 rg: 42 | total time: 22.43m | eta: 85.7m
step 00320/01500 (21.33%) | loss: 5.224645 | lrm: 1.00 | dt: 4259.00ms | tok/sec: 15,387 | bf16_mfu: 1.18 | epoch: 1 pq: 0 rg: 42 | total time: 22.50m | eta: 85.6m
step 00321/01500 (21.40%) | loss: 5.218872 | lrm: 1.00 | dt: 4263.35ms | tok/sec: 15,371 | bf16_mfu: 1.18 | epoch: 1 pq: 0 rg: 42 | total time: 22.57m | eta: 85.6m
step 00322/01500 (21.47%) | loss: 5.208430 | lrm: 1.00 | dt: 4276.46ms | tok/sec: 15,324 | bf16_mfu: 1.18 | epoch: 1 pq: 0 rg: 42 | total time: 22.64m | eta: 85.5m
step 00323/01500 (21.53%) | loss: 5.203902 | lrm: 1.00 | dt: 4289.42ms | tok/sec: 15,278 | bf16_mfu: 1.17 | epoch: 1 pq: 0 rg: 42 | total time: 22.71m | eta: 85.4m
step 00324/01500 (21.60%) | loss: 5.201159 | lrm: 1.00 | dt: 4303.93ms | tok/sec: 15,227 | bf16_mfu: 1.17 | epoch: 1 pq: 0 rg: 42 | total time: 22.78m | eta: 85.3m
step 00325/01500 (21.67%) | loss: 5.198056 | lrm: 1.00 | dt: 4272.12ms | tok/sec: 15,340 | bf16_mfu: 1.18 | epoch: 1 pq: 0 rg: 42 | total time: 22.85m | eta: 85.3m
step 00326/01500 (21.73%) | loss: 5.185349 | lrm: 1.00 | dt: 4265.72ms | tok/sec: 15,363 | bf16_mfu: 1.18 | epoch: 1 pq: 0 rg: 42 | total time: 22.93m | eta: 85.2m
step 00327/01500 (21.80%) | loss: 5.183855 | lrm: 1.00 | dt: 4300.26ms | tok/sec: 15,240 | bf16_mfu: 1.17 | epoch: 1 pq: 0 rg: 43 | total time: 23.00m | eta: 85.1m
step 00328/01500 (21.87%) | loss: 5.168207 | lrm: 1.00 | dt: 4276.17ms | tok/sec: 15,325 | bf16_mfu: 1.18 | epoch: 1 pq: 0 rg: 43 | total time: 23.07m | eta: 85.0m
step 00329/01500 (21.93%) | loss: 5.163768 | lrm: 1.00 | dt: 4341.16ms | tok/sec: 15,096 | bf16_mfu: 1.16 | epoch: 1 pq: 0 rg: 43 | total time: 23.14m | eta: 84.9m
step 00330/01500 (22.00%) | loss: 5.164293 | lrm: 1.00 | dt: 4273.30ms | tok/sec: 15,336 | bf16_mfu: 1.18 | epoch: 1 pq: 0 rg: 43 | total time: 23.21m | eta: 84.9m
step 00331/01500 (22.07%) | loss: 5.160186 | lrm: 1.00 | dt: 4332.65ms | tok/sec: 15,126 | bf16_mfu: 1.16 | epoch: 1 pq: 0 rg: 43 | total time: 23.28m | eta: 84.8m
step 00332/01500 (22.13%) | loss: 5.164414 | lrm: 1.00 | dt: 4308.41ms | tok/sec: 15,211 | bf16_mfu: 1.17 | epoch: 1 pq: 0 rg: 43 | total time: 23.36m | eta: 84.7m
step 00333/01500 (22.20%) | loss: 5.150647 | lrm: 1.00 | dt: 4276.49ms | tok/sec: 15,324 | bf16_mfu: 1.18 | epoch: 1 pq: 0 rg: 43 | total time: 23.43m | eta: 84.6m
step 00334/01500 (22.27%) | loss: 5.142218 | lrm: 1.00 | dt: 4284.04ms | tok/sec: 15,297 | bf16_mfu: 1.18 | epoch: 1 pq: 0 rg: 43 | total time: 23.50m | eta: 84.6m
step 00335/01500 (22.33%) | loss: 5.153386 | lrm: 1.00 | dt: 4320.58ms | tok/sec: 15,168 | bf16_mfu: 1.17 | epoch: 1 pq: 0 rg: 43 | total time: 23.57m | eta: 84.5m
step 00336/01500 (22.40%) | loss: 5.157945 | lrm: 1.00 | dt: 4300.47ms | tok/sec: 15,239 | bf16_mfu: 1.17 | epoch: 1 pq: 0 rg: 44 | total time: 23.64m | eta: 84.4m
step 00337/01500 (22.47%) | loss: 5.160109 | lrm: 1.00 | dt: 4357.82ms | tok/sec: 15,038 | bf16_mfu: 1.16 | epoch: 1 pq: 0 rg: 44 | total time: 23.72m | eta: 84.3m
step 00338/01500 (22.53%) | loss: 5.166390 | lrm: 1.00 | dt: 4350.92ms | tok/sec: 15,062 | bf16_mfu: 1.16 | epoch: 1 pq: 0 rg: 44 | total time: 23.79m | eta: 84.3m
step 00339/01500 (22.60%) | loss: 5.176399 | lrm: 1.00 | dt: 4295.77ms | tok/sec: 15,255 | bf16_mfu: 1.17 | epoch: 1 pq: 0 rg: 44 | total time: 23.86m | eta: 84.2m
step 00340/01500 (22.67%) | loss: 5.183766 | lrm: 1.00 | dt: 4284.86ms | tok/sec: 15,294 | bf16_mfu: 1.17 | epoch: 1 pq: 0 rg: 44 | total time: 23.93m | eta: 84.1m
step 00341/01500 (22.73%) | loss: 5.180854 | lrm: 1.00 | dt: 4304.74ms | tok/sec: 15,224 | bf16_mfu: 1.17 | epoch: 1 pq: 0 rg: 44 | total time: 24.00m | eta: 84.0m
step 00342/01500 (22.80%) | loss: 5.190875 | lrm: 1.00 | dt: 4271.83ms | tok/sec: 15,341 | bf16_mfu: 1.18 | epoch: 1 pq: 0 rg: 44 | total time: 24.07m | eta: 84.0m
step 00343/01500 (22.87%) | loss: 5.190330 | lrm: 1.00 | dt: 4272.92ms | tok/sec: 15,337 | bf16_mfu: 1.18 | epoch: 1 pq: 0 rg: 44 | total time: 24.15m | eta: 83.9m
step 00344/01500 (22.93%) | loss: 5.177062 | lrm: 1.00 | dt: 4279.83ms | tok/sec: 15,312 | bf16_mfu: 1.18 | epoch: 1 pq: 0 rg: 45 | total time: 24.22m | eta: 83.8m
step 00345/01500 (23.00%) | loss: 5.171375 | lrm: 1.00 | dt: 4300.32ms | tok/sec: 15,239 | bf16_mfu: 1.17 | epoch: 1 pq: 0 rg: 45 | total time: 24.29m | eta: 83.7m
step 00346/01500 (23.07%) | loss: 5.171224 | lrm: 1.00 | dt: 4275.84ms | tok/sec: 15,327 | bf16_mfu: 1.18 | epoch: 1 pq: 0 rg: 45 | total time: 24.36m | eta: 83.7m
step 00347/01500 (23.13%) | loss: 5.169922 | lrm: 1.00 | dt: 4287.31ms | tok/sec: 15,286 | bf16_mfu: 1.17 | epoch: 1 pq: 0 rg: 45 | total time: 24.43m | eta: 83.6m
step 00348/01500 (23.20%) | loss: 5.162134 | lrm: 1.00 | dt: 4281.34ms | tok/sec: 15,307 | bf16_mfu: 1.18 | epoch: 1 pq: 0 rg: 45 | total time: 24.50m | eta: 83.5m
step 00349/01500 (23.27%) | loss: 5.152126 | lrm: 1.00 | dt: 4293.12ms | tok/sec: 15,265 | bf16_mfu: 1.17 | epoch: 1 pq: 0 rg: 45 | total time: 24.57m | eta: 83.4m
step 00350/01500 (23.33%) | loss: 5.145644 | lrm: 1.00 | dt: 5137.42ms | tok/sec: 12,756 | bf16_mfu: 0.98 | epoch: 1 pq: 0 rg: 45 | total time: 24.66m | eta: 83.4m
step 00351/01500 (23.40%) | loss: 5.150431 | lrm: 1.00 | dt: 4310.44ms | tok/sec: 15,204 | bf16_mfu: 1.17 | epoch: 1 pq: 0 rg: 45 | total time: 24.73m | eta: 83.3m
step 00352/01500 (23.47%) | loss: 5.153597 | lrm: 1.00 | dt: 4288.04ms | tok/sec: 15,283 | bf16_mfu: 1.17 | epoch: 1 pq: 0 rg: 45 | total time: 24.80m | eta: 83.3m
step 00353/01500 (23.53%) | loss: 5.149017 | lrm: 1.00 | dt: 4285.34ms | tok/sec: 15,293 | bf16_mfu: 1.17 | epoch: 1 pq: 0 rg: 46 | total time: 24.87m | eta: 83.2m
step 00354/01500 (23.60%) | loss: 5.152480 | lrm: 1.00 | dt: 4347.42ms | tok/sec: 15,074 | bf16_mfu: 1.16 | epoch: 1 pq: 0 rg: 46 | total time: 24.95m | eta: 83.1m
step 00355/01500 (23.67%) | loss: 5.153911 | lrm: 1.00 | dt: 4319.94ms | tok/sec: 15,170 | bf16_mfu: 1.17 | epoch: 1 pq: 0 rg: 46 | total time: 25.02m | eta: 83.0m
step 00356/01500 (23.73%) | loss: 5.139588 | lrm: 1.00 | dt: 4284.80ms | tok/sec: 15,294 | bf16_mfu: 1.17 | epoch: 1 pq: 0 rg: 46 | total time: 25.09m | eta: 83.0m
step 00357/01500 (23.80%) | loss: 5.137951 | lrm: 1.00 | dt: 4279.45ms | tok/sec: 15,314 | bf16_mfu: 1.18 | epoch: 1 pq: 0 rg: 46 | total time: 25.16m | eta: 82.9m
step 00358/01500 (23.87%) | loss: 5.133700 | lrm: 1.00 | dt: 4307.93ms | tok/sec: 15,212 | bf16_mfu: 1.17 | epoch: 1 pq: 0 rg: 46 | total time: 25.23m | eta: 82.8m
step 00359/01500 (23.93%) | loss: 5.123071 | lrm: 1.00 | dt: 4303.64ms | tok/sec: 15,228 | bf16_mfu: 1.17 | epoch: 1 pq: 0 rg: 46 | total time: 25.30m | eta: 82.7m
step 00360/01500 (24.00%) | loss: 5.118879 | lrm: 1.00 | dt: 4275.59ms | tok/sec: 15,327 | bf16_mfu: 1.18 | epoch: 1 pq: 0 rg: 46 | total time: 25.38m | eta: 82.7m
step 00361/01500 (24.07%) | loss: 5.103688 | lrm: 1.00 | dt: 4293.76ms | tok/sec: 15,263 | bf16_mfu: 1.17 | epoch: 1 pq: 0 rg: 47 | total time: 25.45m | eta: 82.6m
step 00362/01500 (24.13%) | loss: 5.106250 | lrm: 1.00 | dt: 4325.77ms | tok/sec: 15,150 | bf16_mfu: 1.16 | epoch: 1 pq: 0 rg: 47 | total time: 25.52m | eta: 82.5m
step 00363/01500 (24.20%) | loss: 5.126134 | lrm: 1.00 | dt: 4299.13ms | tok/sec: 15,244 | bf16_mfu: 1.17 | epoch: 1 pq: 0 rg: 47 | total time: 25.59m | eta: 82.4m
step 00364/01500 (24.27%) | loss: 5.133487 | lrm: 1.00 | dt: 4276.65ms | tok/sec: 15,324 | bf16_mfu: 1.18 | epoch: 1 pq: 0 rg: 47 | total time: 25.66m | eta: 82.4m
step 00365/01500 (24.33%) | loss: 5.129944 | lrm: 1.00 | dt: 4328.89ms | tok/sec: 15,139 | bf16_mfu: 1.16 | epoch: 1 pq: 0 rg: 47 | total time: 25.73m | eta: 82.3m
step 00366/01500 (24.40%) | loss: 5.132149 | lrm: 1.00 | dt: 4360.21ms | tok/sec: 15,030 | bf16_mfu: 1.15 | epoch: 1 pq: 0 rg: 47 | total time: 25.81m | eta: 82.2m
step 00367/01500 (24.47%) | loss: 5.129190 | lrm: 1.00 | dt: 4277.68ms | tok/sec: 15,320 | bf16_mfu: 1.18 | epoch: 1 pq: 0 rg: 47 | total time: 25.88m | eta: 82.1m
step 00368/01500 (24.53%) | loss: 5.135447 | lrm: 1.00 | dt: 4299.70ms | tok/sec: 15,242 | bf16_mfu: 1.17 | epoch: 1 pq: 0 rg: 47 | total time: 25.95m | eta: 82.1m
step 00369/01500 (24.60%) | loss: 5.143957 | lrm: 1.00 | dt: 4324.78ms | tok/sec: 15,153 | bf16_mfu: 1.16 | epoch: 1 pq: 0 rg: 47 | total time: 26.02m | eta: 82.0m
step 00370/01500 (24.67%) | loss: 5.137282 | lrm: 1.00 | dt: 4314.12ms | tok/sec: 15,191 | bf16_mfu: 1.17 | epoch: 1 pq: 0 rg: 48 | total time: 26.09m | eta: 81.9m
step 00371/01500 (24.73%) | loss: 5.133549 | lrm: 1.00 | dt: 4272.47ms | tok/sec: 15,339 | bf16_mfu: 1.18 | epoch: 1 pq: 0 rg: 48 | total time: 26.17m | eta: 81.8m
step 00372/01500 (24.80%) | loss: 5.150078 | lrm: 1.00 | dt: 4293.56ms | tok/sec: 15,263 | bf16_mfu: 1.17 | epoch: 1 pq: 0 rg: 48 | total time: 26.24m | eta: 81.8m
step 00373/01500 (24.87%) | loss: 5.159344 | lrm: 1.00 | dt: 4298.26ms | tok/sec: 15,247 | bf16_mfu: 1.17 | epoch: 1 pq: 0 rg: 48 | total time: 26.31m | eta: 81.7m
step 00374/01500 (24.93%) | loss: 5.156068 | lrm: 1.00 | dt: 4290.78ms | tok/sec: 15,273 | bf16_mfu: 1.17 | epoch: 1 pq: 0 rg: 48 | total time: 26.38m | eta: 81.6m
step 00375/01500 (25.00%) | loss: 5.164559 | lrm: 1.00 | dt: 4298.75ms | tok/sec: 15,245 | bf16_mfu: 1.17 | epoch: 1 pq: 0 rg: 48 | total time: 26.45m | eta: 81.5m
step 00376/01500 (25.07%) | loss: 5.173419 | lrm: 1.00 | dt: 4281.49ms | tok/sec: 15,306 | bf16_mfu: 1.18 | epoch: 1 pq: 0 rg: 48 | total time: 26.52m | eta: 81.5m
step 00377/01500 (25.13%) | loss: 5.188424 | lrm: 1.00 | dt: 4282.89ms | tok/sec: 15,301 | bf16_mfu: 1.18 | epoch: 1 pq: 0 rg: 48 | total time: 26.59m | eta: 81.4m
step 00378/01500 (25.20%) | loss: 5.183240 | lrm: 1.00 | dt: 4267.38ms | tok/sec: 15,357 | bf16_mfu: 1.18 | epoch: 1 pq: 0 rg: 49 | total time: 26.67m | eta: 81.3m
step 00379/01500 (25.27%) | loss: 5.172195 | lrm: 1.00 | dt: 4292.33ms | tok/sec: 15,268 | bf16_mfu: 1.17 | epoch: 1 pq: 0 rg: 49 | total time: 26.74m | eta: 81.2m
step 00380/01500 (25.33%) | loss: 5.176712 | lrm: 1.00 | dt: 4306.54ms | tok/sec: 15,217 | bf16_mfu: 1.17 | epoch: 1 pq: 0 rg: 49 | total time: 26.81m | eta: 81.2m
step 00381/01500 (25.40%) | loss: 5.175197 | lrm: 1.00 | dt: 4319.76ms | tok/sec: 15,171 | bf16_mfu: 1.17 | epoch: 1 pq: 0 rg: 49 | total time: 26.88m | eta: 81.1m
step 00382/01500 (25.47%) | loss: 5.169322 | lrm: 1.00 | dt: 4297.80ms | tok/sec: 15,248 | bf16_mfu: 1.17 | epoch: 1 pq: 0 rg: 49 | total time: 26.95m | eta: 81.0m
step 00383/01500 (25.53%) | loss: 5.170394 | lrm: 1.00 | dt: 4268.70ms | tok/sec: 15,352 | bf16_mfu: 1.18 | epoch: 1 pq: 0 rg: 49 | total time: 27.02m | eta: 80.9m
step 00384/01500 (25.60%) | loss: 5.179573 | lrm: 1.00 | dt: 4274.37ms | tok/sec: 15,332 | bf16_mfu: 1.18 | epoch: 1 pq: 0 rg: 49 | total time: 27.10m | eta: 80.9m
step 00385/01500 (25.67%) | loss: 5.190825 | lrm: 1.00 | dt: 4283.24ms | tok/sec: 15,300 | bf16_mfu: 1.18 | epoch: 1 pq: 0 rg: 49 | total time: 27.17m | eta: 80.8m
step 00386/01500 (25.73%) | loss: 5.189669 | lrm: 1.00 | dt: 4336.28ms | tok/sec: 15,113 | bf16_mfu: 1.16 | epoch: 1 pq: 0 rg: 50 | total time: 27.24m | eta: 80.7m
step 00387/01500 (25.80%) | loss: 5.174161 | lrm: 1.00 | dt: 4329.67ms | tok/sec: 15,136 | bf16_mfu: 1.16 | epoch: 1 pq: 0 rg: 50 | total time: 27.31m | eta: 80.6m
step 00388/01500 (25.87%) | loss: 5.153690 | lrm: 1.00 | dt: 4297.22ms | tok/sec: 15,250 | bf16_mfu: 1.17 | epoch: 1 pq: 0 rg: 50 | total time: 27.38m | eta: 80.6m
step 00389/01500 (25.93%) | loss: 5.143116 | lrm: 1.00 | dt: 4300.97ms | tok/sec: 15,237 | bf16_mfu: 1.17 | epoch: 1 pq: 0 rg: 50 | total time: 27.45m | eta: 80.5m
step 00390/01500 (26.00%) | loss: 5.130519 | lrm: 1.00 | dt: 4319.20ms | tok/sec: 15,173 | bf16_mfu: 1.17 | epoch: 1 pq: 0 rg: 50 | total time: 27.53m | eta: 80.4m
step 00391/01500 (26.07%) | loss: 5.128820 | lrm: 1.00 | dt: 4267.15ms | tok/sec: 15,358 | bf16_mfu: 1.18 | epoch: 1 pq: 0 rg: 50 | total time: 27.60m | eta: 80.3m
step 00392/01500 (26.13%) | loss: 5.135283 | lrm: 1.00 | dt: 4267.25ms | tok/sec: 15,357 | bf16_mfu: 1.18 | epoch: 1 pq: 0 rg: 50 | total time: 27.67m | eta: 80.3m
step 00393/01500 (26.20%) | loss: 5.117440 | lrm: 1.00 | dt: 4287.17ms | tok/sec: 15,286 | bf16_mfu: 1.17 | epoch: 1 pq: 0 rg: 50 | total time: 27.74m | eta: 80.2m
step 00394/01500 (26.27%) | loss: 5.117394 | lrm: 1.00 | dt: 4305.19ms | tok/sec: 15,222 | bf16_mfu: 1.17 | epoch: 1 pq: 0 rg: 51 | total time: 27.81m | eta: 80.1m
step 00395/01500 (26.33%) | loss: 5.113307 | lrm: 1.00 | dt: 4282.88ms | tok/sec: 15,301 | bf16_mfu: 1.18 | epoch: 1 pq: 0 rg: 51 | total time: 27.88m | eta: 80.0m
step 00396/01500 (26.40%) | loss: 5.128586 | lrm: 1.00 | dt: 4316.18ms | tok/sec: 15,183 | bf16_mfu: 1.17 | epoch: 1 pq: 0 rg: 51 | total time: 27.95m | eta: 80.0m
step 00397/01500 (26.47%) | loss: 5.122793 | lrm: 1.00 | dt: 4281.10ms | tok/sec: 15,308 | bf16_mfu: 1.18 | epoch: 1 pq: 0 rg: 51 | total time: 28.03m | eta: 79.9m
step 00398/01500 (26.53%) | loss: 5.119865 | lrm: 1.00 | dt: 4275.31ms | tok/sec: 15,328 | bf16_mfu: 1.18 | epoch: 1 pq: 0 rg: 51 | total time: 28.10m | eta: 79.8m
step 00399/01500 (26.60%) | loss: 5.110285 | lrm: 1.00 | dt: 4257.41ms | tok/sec: 15,393 | bf16_mfu: 1.18 | epoch: 1 pq: 0 rg: 51 | total time: 28.17m | eta: 79.7m
step 00400/01500 (26.67%) | loss: 5.113631 | lrm: 1.00 | dt: 5162.81ms | tok/sec: 12,693 | bf16_mfu: 0.98 | epoch: 1 pq: 0 rg: 51 | total time: 28.25m | eta: 79.7m
step 00401/01500 (26.73%) | loss: 5.102210 | lrm: 1.00 | dt: 4269.43ms | tok/sec: 15,350 | bf16_mfu: 1.18 | epoch: 1 pq: 0 rg: 51 | total time: 28.33m | eta: 79.6m
step 00402/01500 (26.80%) | loss: 5.097080 | lrm: 1.00 | dt: 4308.82ms | tok/sec: 15,209 | bf16_mfu: 1.17 | epoch: 1 pq: 0 rg: 52 | total time: 28.40m | eta: 79.5m
step 00403/01500 (26.87%) | loss: 5.092812 | lrm: 1.00 | dt: 4253.19ms | tok/sec: 15,408 | bf16_mfu: 1.18 | epoch: 1 pq: 0 rg: 52 | total time: 28.47m | eta: 79.5m
step 00404/01500 (26.93%) | loss: 5.094554 | lrm: 1.00 | dt: 4246.05ms | tok/sec: 15,434 | bf16_mfu: 1.19 | epoch: 1 pq: 0 rg: 52 | total time: 28.54m | eta: 79.4m
step 00405/01500 (27.00%) | loss: 5.102457 | lrm: 1.00 | dt: 4274.97ms | tok/sec: 15,330 | bf16_mfu: 1.18 | epoch: 1 pq: 0 rg: 52 | total time: 28.61m | eta: 79.3m
step 00406/01500 (27.07%) | loss: 5.096281 | lrm: 1.00 | dt: 4280.48ms | tok/sec: 15,310 | bf16_mfu: 1.18 | epoch: 1 pq: 0 rg: 52 | total time: 28.68m | eta: 79.2m
step 00407/01500 (27.13%) | loss: 5.085131 | lrm: 1.00 | dt: 4290.47ms | tok/sec: 15,274 | bf16_mfu: 1.17 | epoch: 1 pq: 0 rg: 52 | total time: 28.75m | eta: 79.2m
step 00408/01500 (27.20%) | loss: 5.076014 | lrm: 1.00 | dt: 4307.01ms | tok/sec: 15,216 | bf16_mfu: 1.17 | epoch: 1 pq: 0 rg: 52 | total time: 28.83m | eta: 79.1m
step 00409/01500 (27.27%) | loss: 5.067734 | lrm: 1.00 | dt: 4267.81ms | tok/sec: 15,355 | bf16_mfu: 1.18 | epoch: 1 pq: 0 rg: 52 | total time: 28.90m | eta: 79.0m
step 00410/01500 (27.33%) | loss: 5.056388 | lrm: 1.00 | dt: 4297.24ms | tok/sec: 15,250 | bf16_mfu: 1.17 | epoch: 1 pq: 0 rg: 53 | total time: 28.97m | eta: 78.9m
step 00411/01500 (27.40%) | loss: 5.056094 | lrm: 1.00 | dt: 4280.45ms | tok/sec: 15,310 | bf16_mfu: 1.18 | epoch: 1 pq: 0 rg: 53 | total time: 29.04m | eta: 78.9m
step 00412/01500 (27.47%) | loss: 5.047017 | lrm: 1.00 | dt: 4333.23ms | tok/sec: 15,124 | bf16_mfu: 1.16 | epoch: 1 pq: 0 rg: 53 | total time: 29.11m | eta: 78.8m
step 00413/01500 (27.53%) | loss: 5.042880 | lrm: 1.00 | dt: 4309.91ms | tok/sec: 15,205 | bf16_mfu: 1.17 | epoch: 1 pq: 0 rg: 53 | total time: 29.18m | eta: 78.7m
step 00414/01500 (27.60%) | loss: 5.046941 | lrm: 1.00 | dt: 4302.57ms | tok/sec: 15,231 | bf16_mfu: 1.17 | epoch: 1 pq: 0 rg: 53 | total time: 29.25m | eta: 78.6m
step 00415/01500 (27.67%) | loss: 5.042846 | lrm: 1.00 | dt: 4296.79ms | tok/sec: 15,252 | bf16_mfu: 1.17 | epoch: 1 pq: 0 rg: 53 | total time: 29.33m | eta: 78.6m
step 00416/01500 (27.73%) | loss: 5.042037 | lrm: 1.00 | dt: 4285.00ms | tok/sec: 15,294 | bf16_mfu: 1.17 | epoch: 1 pq: 0 rg: 53 | total time: 29.40m | eta: 78.5m
step 00417/01500 (27.80%) | loss: 5.044871 | lrm: 1.00 | dt: 4296.08ms | tok/sec: 15,254 | bf16_mfu: 1.17 | epoch: 1 pq: 0 rg: 53 | total time: 29.47m | eta: 78.4m
step 00418/01500 (27.87%) | loss: 5.044281 | lrm: 1.00 | dt: 4258.60ms | tok/sec: 15,389 | bf16_mfu: 1.18 | epoch: 1 pq: 0 rg: 54 | total time: 29.54m | eta: 78.3m
step 00419/01500 (27.93%) | loss: 5.056371 | lrm: 1.00 | dt: 4291.17ms | tok/sec: 15,272 | bf16_mfu: 1.17 | epoch: 1 pq: 0 rg: 54 | total time: 29.61m | eta: 78.3m
step 00420/01500 (28.00%) | loss: 5.039645 | lrm: 1.00 | dt: 4277.12ms | tok/sec: 15,322 | bf16_mfu: 1.18 | epoch: 1 pq: 0 rg: 54 | total time: 29.68m | eta: 78.2m
step 00421/01500 (28.07%) | loss: 5.043315 | lrm: 1.00 | dt: 4270.54ms | tok/sec: 15,346 | bf16_mfu: 1.18 | epoch: 1 pq: 0 rg: 54 | total time: 29.75m | eta: 78.1m
step 00422/01500 (28.13%) | loss: 5.046456 | lrm: 1.00 | dt: 4279.20ms | tok/sec: 15,314 | bf16_mfu: 1.18 | epoch: 1 pq: 0 rg: 54 | total time: 29.83m | eta: 78.0m
step 00423/01500 (28.20%) | loss: 5.060612 | lrm: 1.00 | dt: 4307.51ms | tok/sec: 15,214 | bf16_mfu: 1.17 | epoch: 1 pq: 0 rg: 54 | total time: 29.90m | eta: 78.0m
step 00424/01500 (28.27%) | loss: 5.068127 | lrm: 1.00 | dt: 4273.52ms | tok/sec: 15,335 | bf16_mfu: 1.18 | epoch: 1 pq: 0 rg: 54 | total time: 29.97m | eta: 77.9m
step 00425/01500 (28.33%) | loss: 5.063423 | lrm: 1.00 | dt: 4280.40ms | tok/sec: 15,310 | bf16_mfu: 1.18 | epoch: 1 pq: 0 rg: 54 | total time: 30.04m | eta: 77.8m
step 00426/01500 (28.40%) | loss: 5.057804 | lrm: 1.00 | dt: 4301.01ms | tok/sec: 15,237 | bf16_mfu: 1.17 | epoch: 1 pq: 0 rg: 54 | total time: 30.11m | eta: 77.7m
step 00427/01500 (28.47%) | loss: 5.075213 | lrm: 1.00 | dt: 4343.11ms | tok/sec: 15,089 | bf16_mfu: 1.16 | epoch: 1 pq: 0 rg: 55 | total time: 30.18m | eta: 77.7m
step 00428/01500 (28.53%) | loss: 5.083395 | lrm: 1.00 | dt: 4262.31ms | tok/sec: 15,375 | bf16_mfu: 1.18 | epoch: 1 pq: 0 rg: 55 | total time: 30.26m | eta: 77.6m
step 00429/01500 (28.60%) | loss: 5.084230 | lrm: 1.00 | dt: 4287.83ms | tok/sec: 15,284 | bf16_mfu: 1.17 | epoch: 1 pq: 0 rg: 55 | total time: 30.33m | eta: 77.5m
step 00430/01500 (28.67%) | loss: 5.081540 | lrm: 1.00 | dt: 4306.89ms | tok/sec: 15,216 | bf16_mfu: 1.17 | epoch: 1 pq: 0 rg: 55 | total time: 30.40m | eta: 77.4m
step 00431/01500 (28.73%) | loss: 5.083872 | lrm: 1.00 | dt: 4307.03ms | tok/sec: 15,216 | bf16_mfu: 1.17 | epoch: 1 pq: 0 rg: 55 | total time: 30.47m | eta: 77.4m
step 00432/01500 (28.80%) | loss: 5.089193 | lrm: 1.00 | dt: 4274.36ms | tok/sec: 15,332 | bf16_mfu: 1.18 | epoch: 1 pq: 0 rg: 55 | total time: 30.54m | eta: 77.3m
step 00433/01500 (28.87%) | loss: 5.086840 | lrm: 1.00 | dt: 4295.36ms | tok/sec: 15,257 | bf16_mfu: 1.17 | epoch: 1 pq: 0 rg: 55 | total time: 30.61m | eta: 77.2m
step 00434/01500 (28.93%) | loss: 5.079683 | lrm: 1.00 | dt: 4273.27ms | tok/sec: 15,336 | bf16_mfu: 1.18 | epoch: 1 pq: 0 rg: 55 | total time: 30.68m | eta: 77.1m
step 00435/01500 (29.00%) | loss: 5.074823 | lrm: 1.00 | dt: 4253.67ms | tok/sec: 15,406 | bf16_mfu: 1.18 | epoch: 1 pq: 0 rg: 56 | total time: 30.76m | eta: 77.1m
step 00436/01500 (29.07%) | loss: 5.085471 | lrm: 1.00 | dt: 4277.25ms | tok/sec: 15,321 | bf16_mfu: 1.18 | epoch: 1 pq: 0 rg: 56 | total time: 30.83m | eta: 77.0m
step 00437/01500 (29.13%) | loss: 5.090254 | lrm: 1.00 | dt: 4290.25ms | tok/sec: 15,275 | bf16_mfu: 1.17 | epoch: 1 pq: 0 rg: 56 | total time: 30.90m | eta: 76.9m
step 00438/01500 (29.20%) | loss: 5.092756 | lrm: 1.00 | dt: 4275.54ms | tok/sec: 15,328 | bf16_mfu: 1.18 | epoch: 1 pq: 0 rg: 56 | total time: 30.97m | eta: 76.8m
step 00439/01500 (29.27%) | loss: 5.092546 | lrm: 1.00 | dt: 4274.40ms | tok/sec: 15,332 | bf16_mfu: 1.18 | epoch: 1 pq: 0 rg: 56 | total time: 31.04m | eta: 76.8m
step 00440/01500 (29.33%) | loss: 5.094472 | lrm: 1.00 | dt: 4319.79ms | tok/sec: 15,171 | bf16_mfu: 1.17 | epoch: 1 pq: 0 rg: 56 | total time: 31.11m | eta: 76.7m
step 00441/01500 (29.40%) | loss: 5.084358 | lrm: 1.00 | dt: 4285.08ms | tok/sec: 15,294 | bf16_mfu: 1.17 | epoch: 1 pq: 0 rg: 56 | total time: 31.18m | eta: 76.6m
step 00442/01500 (29.47%) | loss: 5.075573 | lrm: 1.00 | dt: 4283.33ms | tok/sec: 15,300 | bf16_mfu: 1.18 | epoch: 1 pq: 0 rg: 56 | total time: 31.26m | eta: 76.5m
step 00443/01500 (29.53%) | loss: 5.079174 | lrm: 1.00 | dt: 4307.65ms | tok/sec: 15,213 | bf16_mfu: 1.17 | epoch: 1 pq: 0 rg: 57 | total time: 31.33m | eta: 76.5m
step 00444/01500 (29.60%) | loss: 5.078621 | lrm: 1.00 | dt: 4338.27ms | tok/sec: 15,106 | bf16_mfu: 1.16 | epoch: 1 pq: 0 rg: 57 | total time: 31.40m | eta: 76.4m
step 00445/01500 (29.67%) | loss: 5.068201 | lrm: 1.00 | dt: 4299.54ms | tok/sec: 15,242 | bf16_mfu: 1.17 | epoch: 1 pq: 0 rg: 57 | total time: 31.47m | eta: 76.3m
step 00446/01500 (29.73%) | loss: 5.055156 | lrm: 1.00 | dt: 4285.60ms | tok/sec: 15,292 | bf16_mfu: 1.17 | epoch: 1 pq: 0 rg: 57 | total time: 31.54m | eta: 76.3m
step 00447/01500 (29.80%) | loss: 5.067132 | lrm: 1.00 | dt: 4327.74ms | tok/sec: 15,143 | bf16_mfu: 1.16 | epoch: 1 pq: 0 rg: 57 | total time: 31.61m | eta: 76.2m
step 00448/01500 (29.87%) | loss: 5.063551 | lrm: 1.00 | dt: 4276.71ms | tok/sec: 15,323 | bf16_mfu: 1.18 | epoch: 1 pq: 0 rg: 57 | total time: 31.69m | eta: 76.1m
step 00449/01500 (29.93%) | loss: 5.056333 | lrm: 1.00 | dt: 4320.22ms | tok/sec: 15,169 | bf16_mfu: 1.17 | epoch: 1 pq: 0 rg: 57 | total time: 31.76m | eta: 76.0m
step 00450/01500 (30.00%) | loss: 5.056878 | lrm: 1.00 | dt: 5222.08ms | tok/sec: 12,549 | bf16_mfu: 0.96 | epoch: 1 pq: 0 rg: 57 | total time: 31.85m | eta: 76.0m
step 00451/01500 (30.07%) | loss: 5.065475 | lrm: 1.00 | dt: 4307.91ms | tok/sec: 15,212 | bf16_mfu: 1.17 | epoch: 1 pq: 0 rg: 58 | total time: 31.92m | eta: 75.9m
step 00452/01500 (30.13%) | loss: 5.054517 | lrm: 1.00 | dt: 4296.08ms | tok/sec: 15,254 | bf16_mfu: 1.17 | epoch: 1 pq: 0 rg: 58 | total time: 31.99m | eta: 75.8m
step 00453/01500 (30.20%) | loss: 5.063698 | lrm: 1.00 | dt: 4293.40ms | tok/sec: 15,264 | bf16_mfu: 1.17 | epoch: 1 pq: 0 rg: 58 | total time: 32.06m | eta: 75.8m
step 00454/01500 (30.27%) | loss: 5.081477 | lrm: 1.00 | dt: 4282.41ms | tok/sec: 15,303 | bf16_mfu: 1.18 | epoch: 1 pq: 0 rg: 58 | total time: 32.13m | eta: 75.7m
step 00455/01500 (30.33%) | loss: 5.084652 | lrm: 1.00 | dt: 4254.07ms | tok/sec: 15,405 | bf16_mfu: 1.18 | epoch: 1 pq: 0 rg: 58 | total time: 32.20m | eta: 75.6m
step 00456/01500 (30.40%) | loss: 5.089429 | lrm: 1.00 | dt: 4307.55ms | tok/sec: 15,214 | bf16_mfu: 1.17 | epoch: 1 pq: 0 rg: 58 | total time: 32.27m | eta: 75.5m
step 00457/01500 (30.47%) | loss: 5.072108 | lrm: 1.00 | dt: 4302.12ms | tok/sec: 15,233 | bf16_mfu: 1.17 | epoch: 1 pq: 0 rg: 58 | total time: 32.35m | eta: 75.5m
step 00458/01500 (30.53%) | loss: 5.071167 | lrm: 1.00 | dt: 4333.83ms | tok/sec: 15,121 | bf16_mfu: 1.16 | epoch: 1 pq: 0 rg: 58 | total time: 32.42m | eta: 75.4m
step 00459/01500 (30.60%) | loss: 5.073668 | lrm: 1.00 | dt: 4379.70ms | tok/sec: 14,963 | bf16_mfu: 1.15 | epoch: 1 pq: 0 rg: 59 | total time: 32.49m | eta: 75.3m
step 00460/01500 (30.67%) | loss: 5.072528 | lrm: 1.00 | dt: 4297.30ms | tok/sec: 15,250 | bf16_mfu: 1.17 | epoch: 1 pq: 0 rg: 59 | total time: 32.56m | eta: 75.3m
step 00461/01500 (30.73%) | loss: 5.059700 | lrm: 1.00 | dt: 4335.76ms | tok/sec: 15,115 | bf16_mfu: 1.16 | epoch: 1 pq: 0 rg: 59 | total time: 32.63m | eta: 75.2m
step 00462/01500 (30.80%) | loss: 5.042553 | lrm: 1.00 | dt: 4297.81ms | tok/sec: 15,248 | bf16_mfu: 1.17 | epoch: 1 pq: 0 rg: 59 | total time: 32.71m | eta: 75.1m
step 00463/01500 (30.87%) | loss: 5.035021 | lrm: 1.00 | dt: 4312.64ms | tok/sec: 15,196 | bf16_mfu: 1.17 | epoch: 1 pq: 0 rg: 59 | total time: 32.78m | eta: 75.0m
step 00464/01500 (30.93%) | loss: 5.035626 | lrm: 1.00 | dt: 4355.47ms | tok/sec: 15,046 | bf16_mfu: 1.16 | epoch: 1 pq: 0 rg: 59 | total time: 32.85m | eta: 75.0m
step 00465/01500 (31.00%) | loss: 5.037099 | lrm: 1.00 | dt: 4301.88ms | tok/sec: 15,234 | bf16_mfu: 1.17 | epoch: 1 pq: 0 rg: 59 | total time: 32.92m | eta: 74.9m
step 00466/01500 (31.07%) | loss: 5.035116 | lrm: 1.00 | dt: 4275.52ms | tok/sec: 15,328 | bf16_mfu: 1.18 | epoch: 1 pq: 0 rg: 59 | total time: 32.99m | eta: 74.8m
step 00467/01500 (31.13%) | loss: 5.015278 | lrm: 1.00 | dt: 4298.57ms | tok/sec: 15,246 | bf16_mfu: 1.17 | epoch: 1 pq: 0 rg: 59 | total time: 33.07m | eta: 74.7m
step 00468/01500 (31.20%) | loss: 5.019709 | lrm: 1.00 | dt: 4299.79ms | tok/sec: 15,241 | bf16_mfu: 1.17 | epoch: 1 pq: 0 rg: 60 | total time: 33.14m | eta: 74.7m
step 00469/01500 (31.27%) | loss: 5.034936 | lrm: 1.00 | dt: 4303.17ms | tok/sec: 15,229 | bf16_mfu: 1.17 | epoch: 1 pq: 0 rg: 60 | total time: 33.21m | eta: 74.6m
step 00470/01500 (31.33%) | loss: 5.038473 | lrm: 1.00 | dt: 4292.44ms | tok/sec: 15,267 | bf16_mfu: 1.17 | epoch: 1 pq: 0 rg: 60 | total time: 33.28m | eta: 74.5m
step 00471/01500 (31.40%) | loss: 5.045752 | lrm: 1.00 | dt: 4286.25ms | tok/sec: 15,289 | bf16_mfu: 1.17 | epoch: 1 pq: 0 rg: 60 | total time: 33.35m | eta: 74.4m
step 00472/01500 (31.47%) | loss: 5.053405 | lrm: 1.00 | dt: 4275.84ms | tok/sec: 15,327 | bf16_mfu: 1.18 | epoch: 1 pq: 0 rg: 60 | total time: 33.42m | eta: 74.4m
step 00473/01500 (31.53%) | loss: 5.066748 | lrm: 1.00 | dt: 4298.48ms | tok/sec: 15,246 | bf16_mfu: 1.17 | epoch: 1 pq: 0 rg: 60 | total time: 33.49m | eta: 74.3m
step 00474/01500 (31.60%) | loss: 5.077687 | lrm: 1.00 | dt: 4256.82ms | tok/sec: 15,395 | bf16_mfu: 1.18 | epoch: 1 pq: 0 rg: 60 | total time: 33.57m | eta: 74.2m
step 00475/01500 (31.67%) | loss: 5.061713 | lrm: 1.00 | dt: 4264.54ms | tok/sec: 15,367 | bf16_mfu: 1.18 | epoch: 1 pq: 0 rg: 60 | total time: 33.64m | eta: 74.1m
step 00476/01500 (31.73%) | loss: 5.062473 | lrm: 1.00 | dt: 4362.47ms | tok/sec: 15,022 | bf16_mfu: 1.15 | epoch: 1 pq: 0 rg: 61 | total time: 33.71m | eta: 74.1m
step 00477/01500 (31.80%) | loss: 5.062703 | lrm: 1.00 | dt: 4303.67ms | tok/sec: 15,227 | bf16_mfu: 1.17 | epoch: 1 pq: 0 rg: 61 | total time: 33.78m | eta: 74.0m
step 00478/01500 (31.87%) | loss: 5.061907 | lrm: 1.00 | dt: 4287.76ms | tok/sec: 15,284 | bf16_mfu: 1.17 | epoch: 1 pq: 0 rg: 61 | total time: 33.85m | eta: 73.9m
step 00479/01500 (31.93%) | loss: 5.072719 | lrm: 1.00 | dt: 4291.09ms | tok/sec: 15,272 | bf16_mfu: 1.17 | epoch: 1 pq: 0 rg: 61 | total time: 33.92m | eta: 73.9m
step 00480/01500 (32.00%) | loss: 5.052970 | lrm: 1.00 | dt: 4300.94ms | tok/sec: 15,237 | bf16_mfu: 1.17 | epoch: 1 pq: 0 rg: 61 | total time: 34.00m | eta: 73.8m
step 00481/01500 (32.07%) | loss: 5.048573 | lrm: 1.00 | dt: 4328.23ms | tok/sec: 15,141 | bf16_mfu: 1.16 | epoch: 1 pq: 0 rg: 61 | total time: 34.07m | eta: 73.7m
step 00482/01500 (32.13%) | loss: 5.047203 | lrm: 1.00 | dt: 4331.99ms | tok/sec: 15,128 | bf16_mfu: 1.16 | epoch: 1 pq: 0 rg: 61 | total time: 34.14m | eta: 73.6m
step 00483/01500 (32.20%) | loss: 5.052245 | lrm: 1.00 | dt: 4324.96ms | tok/sec: 15,152 | bf16_mfu: 1.16 | epoch: 1 pq: 0 rg: 61 | total time: 34.21m | eta: 73.6m
step 00484/01500 (32.27%) | loss: 5.050286 | lrm: 1.00 | dt: 4310.93ms | tok/sec: 15,202 | bf16_mfu: 1.17 | epoch: 1 pq: 0 rg: 62 | total time: 34.28m | eta: 73.5m
step 00485/01500 (32.33%) | loss: 5.051882 | lrm: 1.00 | dt: 4322.15ms | tok/sec: 15,162 | bf16_mfu: 1.16 | epoch: 1 pq: 0 rg: 62 | total time: 34.36m | eta: 73.4m
step 00486/01500 (32.40%) | loss: 5.058147 | lrm: 1.00 | dt: 4294.38ms | tok/sec: 15,260 | bf16_mfu: 1.17 | epoch: 1 pq: 0 rg: 62 | total time: 34.43m | eta: 73.3m
step 00487/01500 (32.47%) | loss: 5.038803 | lrm: 1.00 | dt: 4307.98ms | tok/sec: 15,212 | bf16_mfu: 1.17 | epoch: 1 pq: 0 rg: 62 | total time: 34.50m | eta: 73.3m
step 00488/01500 (32.53%) | loss: 5.036892 | lrm: 1.00 | dt: 4294.41ms | tok/sec: 15,260 | bf16_mfu: 1.17 | epoch: 1 pq: 0 rg: 62 | total time: 34.57m | eta: 73.2m
step 00489/01500 (32.60%) | loss: 5.042101 | lrm: 1.00 | dt: 4280.61ms | tok/sec: 15,309 | bf16_mfu: 1.18 | epoch: 1 pq: 0 rg: 62 | total time: 34.64m | eta: 73.1m
step 00490/01500 (32.67%) | loss: 5.037240 | lrm: 1.00 | dt: 4263.96ms | tok/sec: 15,369 | bf16_mfu: 1.18 | epoch: 1 pq: 0 rg: 62 | total time: 34.71m | eta: 73.0m
step 00491/01500 (32.73%) | loss: 5.033267 | lrm: 1.00 | dt: 4293.52ms | tok/sec: 15,263 | bf16_mfu: 1.17 | epoch: 1 pq: 0 rg: 62 | total time: 34.79m | eta: 73.0m
step 00492/01500 (32.80%) | loss: 5.031191 | lrm: 1.00 | dt: 4268.62ms | tok/sec: 15,352 | bf16_mfu: 1.18 | epoch: 1 pq: 0 rg: 62 | total time: 34.86m | eta: 72.9m
step 00493/01500 (32.87%) | loss: 5.012080 | lrm: 1.00 | dt: 4324.26ms | tok/sec: 15,155 | bf16_mfu: 1.16 | epoch: 1 pq: 0 rg: 63 | total time: 34.93m | eta: 72.8m
step 00494/01500 (32.93%) | loss: 5.011007 | lrm: 1.00 | dt: 4310.54ms | tok/sec: 15,203 | bf16_mfu: 1.17 | epoch: 1 pq: 0 rg: 63 | total time: 35.00m | eta: 72.7m
step 00495/01500 (33.00%) | loss: 5.001916 | lrm: 1.00 | dt: 4299.52ms | tok/sec: 15,242 | bf16_mfu: 1.17 | epoch: 1 pq: 0 rg: 63 | total time: 35.07m | eta: 72.7m
step 00496/01500 (33.07%) | loss: 5.017250 | lrm: 1.00 | dt: 4287.91ms | tok/sec: 15,283 | bf16_mfu: 1.17 | epoch: 1 pq: 0 rg: 63 | total time: 35.14m | eta: 72.6m
step 00497/01500 (33.13%) | loss: 5.019803 | lrm: 1.00 | dt: 4306.02ms | tok/sec: 15,219 | bf16_mfu: 1.17 | epoch: 1 pq: 0 rg: 63 | total time: 35.22m | eta: 72.5m
step 00498/01500 (33.20%) | loss: 5.029807 | lrm: 1.00 | dt: 4312.15ms | tok/sec: 15,197 | bf16_mfu: 1.17 | epoch: 1 pq: 0 rg: 63 | total time: 35.29m | eta: 72.5m
step 00499/01500 (33.27%) | loss: 5.020086 | lrm: 1.00 | dt: 4326.32ms | tok/sec: 15,148 | bf16_mfu: 1.16 | epoch: 1 pq: 0 rg: 63 | total time: 35.36m | eta: 72.4m
step 00500/01500 (33.33%) | loss: 5.020113 | lrm: 1.00 | dt: 5250.70ms | tok/sec: 12,481 | bf16_mfu: 0.96 | epoch: 1 pq: 0 rg: 63 | total time: 35.45m | eta: 72.3m
step 00501/01500 (33.40%) | loss: 5.037748 | lrm: 1.00 | dt: 4284.62ms | tok/sec: 15,295 | bf16_mfu: 1.17 | epoch: 1 pq: 0 rg: 64 | total time: 35.52m | eta: 72.3m
step 00502/01500 (33.47%) | loss: 5.042423 | lrm: 1.00 | dt: 4281.08ms | tok/sec: 15,308 | bf16_mfu: 1.18 | epoch: 1 pq: 0 rg: 64 | total time: 35.59m | eta: 72.2m
step 00503/01500 (33.53%) | loss: 5.041693 | lrm: 1.00 | dt: 4296.30ms | tok/sec: 15,254 | bf16_mfu: 1.17 | epoch: 1 pq: 0 rg: 64 | total time: 35.66m | eta: 72.1m
step 00504/01500 (33.60%) | loss: 5.038234 | lrm: 1.00 | dt: 4325.51ms | tok/sec: 15,151 | bf16_mfu: 1.16 | epoch: 1 pq: 0 rg: 64 | total time: 35.73m | eta: 72.0m
step 00505/01500 (33.67%) | loss: 5.023148 | lrm: 1.00 | dt: 4323.87ms | tok/sec: 15,156 | bf16_mfu: 1.16 | epoch: 1 pq: 0 rg: 64 | total time: 35.81m | eta: 72.0m
step 00506/01500 (33.73%) | loss: 5.018586 | lrm: 1.00 | dt: 4314.86ms | tok/sec: 15,188 | bf16_mfu: 1.17 | epoch: 1 pq: 0 rg: 64 | total time: 35.88m | eta: 71.9m
step 00507/01500 (33.80%) | loss: 5.009778 | lrm: 1.00 | dt: 4306.42ms | tok/sec: 15,218 | bf16_mfu: 1.17 | epoch: 1 pq: 0 rg: 64 | total time: 35.95m | eta: 71.8m
step 00508/01500 (33.87%) | loss: 5.000160 | lrm: 1.00 | dt: 4296.54ms | tok/sec: 15,253 | bf16_mfu: 1.17 | epoch: 1 pq: 0 rg: 64 | total time: 36.02m | eta: 71.8m
step 00509/01500 (33.93%) | loss: 4.989788 | lrm: 1.00 | dt: 4328.88ms | tok/sec: 15,139 | bf16_mfu: 1.16 | epoch: 1 pq: 0 rg: 65 | total time: 36.09m | eta: 71.7m
step 00510/01500 (34.00%) | loss: 4.987464 | lrm: 1.00 | dt: 4275.90ms | tok/sec: 15,326 | bf16_mfu: 1.18 | epoch: 1 pq: 0 rg: 65 | total time: 36.16m | eta: 71.6m
step 00511/01500 (34.07%) | loss: 4.978982 | lrm: 1.00 | dt: 4345.33ms | tok/sec: 15,081 | bf16_mfu: 1.16 | epoch: 1 pq: 0 rg: 65 | total time: 36.24m | eta: 71.5m
step 00512/01500 (34.13%) | loss: 4.978156 | lrm: 1.00 | dt: 4304.77ms | tok/sec: 15,224 | bf16_mfu: 1.17 | epoch: 1 pq: 0 rg: 65 | total time: 36.31m | eta: 71.5m
step 00513/01500 (34.20%) | loss: 4.986718 | lrm: 1.00 | dt: 4261.26ms | tok/sec: 15,379 | bf16_mfu: 1.18 | epoch: 1 pq: 0 rg: 65 | total time: 36.38m | eta: 71.4m
step 00514/01500 (34.27%) | loss: 4.979878 | lrm: 1.00 | dt: 4282.91ms | tok/sec: 15,301 | bf16_mfu: 1.18 | epoch: 1 pq: 0 rg: 65 | total time: 36.45m | eta: 71.3m
step 00515/01500 (34.33%) | loss: 4.971846 | lrm: 1.00 | dt: 4276.45ms | tok/sec: 15,324 | bf16_mfu: 1.18 | epoch: 1 pq: 0 rg: 65 | total time: 36.52m | eta: 71.2m
step 00516/01500 (34.40%) | loss: 4.959997 | lrm: 1.00 | dt: 4316.13ms | tok/sec: 15,183 | bf16_mfu: 1.17 | epoch: 1 pq: 0 rg: 65 | total time: 36.59m | eta: 71.2m
step 00517/01500 (34.47%) | loss: 4.953910 | lrm: 1.00 | dt: 4280.98ms | tok/sec: 15,308 | bf16_mfu: 1.18 | epoch: 1 pq: 0 rg: 66 | total time: 36.66m | eta: 71.1m
step 00518/01500 (34.53%) | loss: 4.956574 | lrm: 1.00 | dt: 4296.12ms | tok/sec: 15,254 | bf16_mfu: 1.17 | epoch: 1 pq: 0 rg: 66 | total time: 36.74m | eta: 71.0m
step 00519/01500 (34.60%) | loss: 4.951063 | lrm: 1.00 | dt: 4287.35ms | tok/sec: 15,285 | bf16_mfu: 1.17 | epoch: 1 pq: 0 rg: 66 | total time: 36.81m | eta: 70.9m
step 00520/01500 (34.67%) | loss: 4.956397 | lrm: 1.00 | dt: 4288.46ms | tok/sec: 15,281 | bf16_mfu: 1.17 | epoch: 1 pq: 0 rg: 66 | total time: 36.88m | eta: 70.9m
step 00521/01500 (34.73%) | loss: 4.960883 | lrm: 1.00 | dt: 4296.61ms | tok/sec: 15,252 | bf16_mfu: 1.17 | epoch: 1 pq: 0 rg: 66 | total time: 36.95m | eta: 70.8m
step 00522/01500 (34.80%) | loss: 4.945010 | lrm: 1.00 | dt: 4262.06ms | tok/sec: 15,376 | bf16_mfu: 1.18 | epoch: 1 pq: 0 rg: 66 | total time: 37.02m | eta: 70.7m
step 00523/01500 (34.87%) | loss: 4.955493 | lrm: 1.00 | dt: 4295.15ms | tok/sec: 15,258 | bf16_mfu: 1.17 | epoch: 1 pq: 0 rg: 66 | total time: 37.09m | eta: 70.6m
step 00524/01500 (34.93%) | loss: 4.959115 | lrm: 1.00 | dt: 4299.65ms | tok/sec: 15,242 | bf16_mfu: 1.17 | epoch: 1 pq: 0 rg: 66 | total time: 37.17m | eta: 70.6m
step 00525/01500 (35.00%) | loss: 4.967383 | lrm: 1.00 | dt: 4311.59ms | tok/sec: 15,199 | bf16_mfu: 1.17 | epoch: 1 pq: 0 rg: 67 | total time: 37.24m | eta: 70.5m
step 00526/01500 (35.07%) | loss: 4.954967 | lrm: 1.00 | dt: 4304.33ms | tok/sec: 15,225 | bf16_mfu: 1.17 | epoch: 1 pq: 0 rg: 67 | total time: 37.31m | eta: 70.4m
step 00527/01500 (35.13%) | loss: 4.945657 | lrm: 1.00 | dt: 4294.05ms | tok/sec: 15,262 | bf16_mfu: 1.17 | epoch: 1 pq: 0 rg: 67 | total time: 37.38m | eta: 70.4m
step 00528/01500 (35.20%) | loss: 4.961396 | lrm: 1.00 | dt: 4261.96ms | tok/sec: 15,376 | bf16_mfu: 1.18 | epoch: 1 pq: 0 rg: 67 | total time: 37.45m | eta: 70.3m
step 00529/01500 (35.27%) | loss: 4.975788 | lrm: 1.00 | dt: 4305.20ms | tok/sec: 15,222 | bf16_mfu: 1.17 | epoch: 1 pq: 0 rg: 67 | total time: 37.52m | eta: 70.2m
step 00530/01500 (35.33%) | loss: 4.983498 | lrm: 1.00 | dt: 4355.87ms | tok/sec: 15,045 | bf16_mfu: 1.16 | epoch: 1 pq: 0 rg: 67 | total time: 37.60m | eta: 70.1m
step 00531/01500 (35.40%) | loss: 4.985521 | lrm: 0.99 | dt: 4310.63ms | tok/sec: 15,203 | bf16_mfu: 1.17 | epoch: 1 pq: 0 rg: 67 | total time: 37.67m | eta: 70.1m
step 00532/01500 (35.47%) | loss: 4.979399 | lrm: 0.99 | dt: 4276.52ms | tok/sec: 15,324 | bf16_mfu: 1.18 | epoch: 1 pq: 0 rg: 67 | total time: 37.74m | eta: 70.0m
step 00533/01500 (35.53%) | loss: 4.984759 | lrm: 0.99 | dt: 4345.74ms | tok/sec: 15,080 | bf16_mfu: 1.16 | epoch: 1 pq: 0 rg: 67 | total time: 37.81m | eta: 69.9m
step 00534/01500 (35.60%) | loss: 4.982149 | lrm: 0.99 | dt: 4317.08ms | tok/sec: 15,180 | bf16_mfu: 1.17 | epoch: 1 pq: 0 rg: 68 | total time: 37.88m | eta: 69.8m
step 00535/01500 (35.67%) | loss: 4.980949 | lrm: 0.99 | dt: 4348.97ms | tok/sec: 15,069 | bf16_mfu: 1.16 | epoch: 1 pq: 0 rg: 68 | total time: 37.96m | eta: 69.8m
step 00536/01500 (35.73%) | loss: 4.975760 | lrm: 0.99 | dt: 4295.95ms | tok/sec: 15,255 | bf16_mfu: 1.17 | epoch: 1 pq: 0 rg: 68 | total time: 38.03m | eta: 69.7m
step 00537/01500 (35.80%) | loss: 4.976348 | lrm: 0.99 | dt: 4350.59ms | tok/sec: 15,063 | bf16_mfu: 1.16 | epoch: 1 pq: 0 rg: 68 | total time: 38.10m | eta: 69.6m
step 00538/01500 (35.87%) | loss: 4.989561 | lrm: 0.99 | dt: 4314.59ms | tok/sec: 15,189 | bf16_mfu: 1.17 | epoch: 1 pq: 0 rg: 68 | total time: 38.17m | eta: 69.5m
step 00539/01500 (35.93%) | loss: 4.998698 | lrm: 0.99 | dt: 4290.56ms | tok/sec: 15,274 | bf16_mfu: 1.17 | epoch: 1 pq: 0 rg: 68 | total time: 38.24m | eta: 69.5m
step 00540/01500 (36.00%) | loss: 5.008494 | lrm: 0.99 | dt: 4289.25ms | tok/sec: 15,279 | bf16_mfu: 1.17 | epoch: 1 pq: 0 rg: 68 | total time: 38.31m | eta: 69.4m
step 00541/01500 (36.07%) | loss: 5.015462 | lrm: 0.98 | dt: 4286.89ms | tok/sec: 15,287 | bf16_mfu: 1.17 | epoch: 1 pq: 0 rg: 68 | total time: 38.39m | eta: 69.3m
step 00542/01500 (36.13%) | loss: 5.016771 | lrm: 0.98 | dt: 4277.83ms | tok/sec: 15,319 | bf16_mfu: 1.18 | epoch: 1 pq: 0 rg: 69 | total time: 38.46m | eta: 69.3m
step 00543/01500 (36.20%) | loss: 5.001296 | lrm: 0.98 | dt: 4310.92ms | tok/sec: 15,202 | bf16_mfu: 1.17 | epoch: 1 pq: 0 rg: 69 | total time: 38.53m | eta: 69.2m
step 00544/01500 (36.27%) | loss: 5.009854 | lrm: 0.98 | dt: 4298.21ms | tok/sec: 15,247 | bf16_mfu: 1.17 | epoch: 1 pq: 0 rg: 69 | total time: 38.60m | eta: 69.1m
step 00545/01500 (36.33%) | loss: 4.995693 | lrm: 0.98 | dt: 4282.53ms | tok/sec: 15,303 | bf16_mfu: 1.18 | epoch: 1 pq: 0 rg: 69 | total time: 38.67m | eta: 69.0m
step 00546/01500 (36.40%) | loss: 4.981101 | lrm: 0.98 | dt: 4298.17ms | tok/sec: 15,247 | bf16_mfu: 1.17 | epoch: 1 pq: 0 rg: 69 | total time: 38.74m | eta: 69.0m
step 00547/01500 (36.47%) | loss: 4.971723 | lrm: 0.98 | dt: 4305.37ms | tok/sec: 15,221 | bf16_mfu: 1.17 | epoch: 1 pq: 0 rg: 69 | total time: 38.82m | eta: 68.9m
step 00548/01500 (36.53%) | loss: 4.971061 | lrm: 0.98 | dt: 4285.16ms | tok/sec: 15,293 | bf16_mfu: 1.17 | epoch: 1 pq: 0 rg: 69 | total time: 38.89m | eta: 68.8m
step 00549/01500 (36.60%) | loss: 4.970226 | lrm: 0.98 | dt: 4273.09ms | tok/sec: 15,336 | bf16_mfu: 1.18 | epoch: 1 pq: 0 rg: 69 | total time: 38.96m | eta: 68.7m
step 00550/01500 (36.67%) | loss: 4.953069 | lrm: 0.98 | dt: 5246.69ms | tok/sec: 12,490 | bf16_mfu: 0.96 | epoch: 1 pq: 0 rg: 70 | total time: 39.05m | eta: 68.7m
step 00551/01500 (36.73%) | loss: 4.938738 | lrm: 0.97 | dt: 4274.04ms | tok/sec: 15,333 | bf16_mfu: 1.18 | epoch: 1 pq: 0 rg: 70 | total time: 39.12m | eta: 68.6m
step 00552/01500 (36.80%) | loss: 4.938406 | lrm: 0.97 | dt: 4264.80ms | tok/sec: 15,366 | bf16_mfu: 1.18 | epoch: 1 pq: 0 rg: 70 | total time: 39.19m | eta: 68.5m
step 00553/01500 (36.87%) | loss: 4.924336 | lrm: 0.97 | dt: 4300.46ms | tok/sec: 15,239 | bf16_mfu: 1.17 | epoch: 1 pq: 0 rg: 70 | total time: 39.26m | eta: 68.5m
step 00554/01500 (36.93%) | loss: 4.915310 | lrm: 0.97 | dt: 4285.11ms | tok/sec: 15,293 | bf16_mfu: 1.17 | epoch: 1 pq: 0 rg: 70 | total time: 39.33m | eta: 68.4m
step 00555/01500 (37.00%) | loss: 4.920293 | lrm: 0.97 | dt: 4256.27ms | tok/sec: 15,397 | bf16_mfu: 1.18 | epoch: 1 pq: 0 rg: 70 | total time: 39.40m | eta: 68.3m
step 00556/01500 (37.07%) | loss: 4.921353 | lrm: 0.97 | dt: 4313.37ms | tok/sec: 15,193 | bf16_mfu: 1.17 | epoch: 1 pq: 0 rg: 70 | total time: 39.47m | eta: 68.2m
step 00557/01500 (37.13%) | loss: 4.912938 | lrm: 0.97 | dt: 4308.60ms | tok/sec: 15,210 | bf16_mfu: 1.17 | epoch: 1 pq: 0 rg: 70 | total time: 39.55m | eta: 68.2m
step 00558/01500 (37.20%) | loss: 4.919094 | lrm: 0.97 | dt: 4262.75ms | tok/sec: 15,374 | bf16_mfu: 1.18 | epoch: 1 pq: 0 rg: 70 | total time: 39.62m | eta: 68.1m
step 00559/01500 (37.27%) | loss: 4.930852 | lrm: 0.97 | dt: 4318.10ms | tok/sec: 15,177 | bf16_mfu: 1.17 | epoch: 1 pq: 0 rg: 71 | total time: 39.69m | eta: 68.0m
step 00560/01500 (37.33%) | loss: 4.941550 | lrm: 0.97 | dt: 4302.38ms | tok/sec: 15,232 | bf16_mfu: 1.17 | epoch: 1 pq: 0 rg: 71 | total time: 39.76m | eta: 68.0m
step 00561/01500 (37.40%) | loss: 4.933933 | lrm: 0.96 | dt: 4272.54ms | tok/sec: 15,338 | bf16_mfu: 1.18 | epoch: 1 pq: 0 rg: 71 | total time: 39.83m | eta: 67.9m
step 00562/01500 (37.47%) | loss: 4.930945 | lrm: 0.96 | dt: 4315.70ms | tok/sec: 15,185 | bf16_mfu: 1.17 | epoch: 1 pq: 0 rg: 71 | total time: 39.90m | eta: 67.8m
step 00563/01500 (37.53%) | loss: 4.931068 | lrm: 0.96 | dt: 4286.25ms | tok/sec: 15,289 | bf16_mfu: 1.17 | epoch: 1 pq: 0 rg: 71 | total time: 39.98m | eta: 67.7m
step 00564/01500 (37.60%) | loss: 4.940023 | lrm: 0.96 | dt: 4314.96ms | tok/sec: 15,188 | bf16_mfu: 1.17 | epoch: 1 pq: 0 rg: 71 | total time: 40.05m | eta: 67.7m
step 00565/01500 (37.67%) | loss: 4.944474 | lrm: 0.96 | dt: 4294.11ms | tok/sec: 15,261 | bf16_mfu: 1.17 | epoch: 1 pq: 0 rg: 71 | total time: 40.12m | eta: 67.6m
step 00566/01500 (37.73%) | loss: 4.944907 | lrm: 0.96 | dt: 4325.54ms | tok/sec: 15,150 | bf16_mfu: 1.16 | epoch: 1 pq: 0 rg: 71 | total time: 40.19m | eta: 67.5m
step 00567/01500 (37.80%) | loss: 4.935645 | lrm: 0.96 | dt: 4336.64ms | tok/sec: 15,112 | bf16_mfu: 1.16 | epoch: 1 pq: 0 rg: 72 | total time: 40.26m | eta: 67.4m
step 00568/01500 (37.87%) | loss: 4.926756 | lrm: 0.96 | dt: 4256.03ms | tok/sec: 15,398 | bf16_mfu: 1.18 | epoch: 1 pq: 0 rg: 72 | total time: 40.33m | eta: 67.4m
step 00569/01500 (37.93%) | loss: 4.937491 | lrm: 0.96 | dt: 4279.91ms | tok/sec: 15,312 | bf16_mfu: 1.18 | epoch: 1 pq: 0 rg: 72 | total time: 40.41m | eta: 67.3m
step 00570/01500 (38.00%) | loss: 4.943392 | lrm: 0.96 | dt: 4269.34ms | tok/sec: 15,350 | bf16_mfu: 1.18 | epoch: 1 pq: 0 rg: 72 | total time: 40.48m | eta: 67.2m
step 00571/01500 (38.07%) | loss: 4.931632 | lrm: 0.96 | dt: 4301.02ms | tok/sec: 15,237 | bf16_mfu: 1.17 | epoch: 1 pq: 0 rg: 72 | total time: 40.55m | eta: 67.1m
step 00572/01500 (38.13%) | loss: 4.927053 | lrm: 0.95 | dt: 4297.83ms | tok/sec: 15,248 | bf16_mfu: 1.17 | epoch: 1 pq: 0 rg: 72 | total time: 40.62m | eta: 67.1m
step 00573/01500 (38.20%) | loss: 4.923215 | lrm: 0.95 | dt: 4296.91ms | tok/sec: 15,251 | bf16_mfu: 1.17 | epoch: 1 pq: 0 rg: 72 | total time: 40.69m | eta: 67.0m
step 00574/01500 (38.27%) | loss: 4.906777 | lrm: 0.95 | dt: 4284.38ms | tok/sec: 15,296 | bf16_mfu: 1.17 | epoch: 1 pq: 0 rg: 72 | total time: 40.76m | eta: 66.9m
step 00575/01500 (38.33%) | loss: 4.911960 | lrm: 0.95 | dt: 4314.72ms | tok/sec: 15,188 | bf16_mfu: 1.17 | epoch: 1 pq: 0 rg: 72 | total time: 40.83m | eta: 66.9m
step 00576/01500 (38.40%) | loss: 4.916013 | lrm: 0.95 | dt: 4299.40ms | tok/sec: 15,243 | bf16_mfu: 1.17 | epoch: 1 pq: 0 rg: 73 | total time: 40.91m | eta: 66.8m
step 00577/01500 (38.47%) | loss: 4.918410 | lrm: 0.95 | dt: 4305.22ms | tok/sec: 15,222 | bf16_mfu: 1.17 | epoch: 1 pq: 0 rg: 73 | total time: 40.98m | eta: 66.7m
step 00578/01500 (38.53%) | loss: 4.919661 | lrm: 0.95 | dt: 4277.90ms | tok/sec: 15,319 | bf16_mfu: 1.18 | epoch: 1 pq: 0 rg: 73 | total time: 41.05m | eta: 66.6m
step 00579/01500 (38.60%) | loss: 4.922943 | lrm: 0.95 | dt: 4307.82ms | tok/sec: 15,213 | bf16_mfu: 1.17 | epoch: 1 pq: 0 rg: 73 | total time: 41.12m | eta: 66.6m
step 00580/01500 (38.67%) | loss: 4.933777 | lrm: 0.95 | dt: 4269.24ms | tok/sec: 15,350 | bf16_mfu: 1.18 | epoch: 1 pq: 0 rg: 73 | total time: 41.19m | eta: 66.5m
step 00581/01500 (38.73%) | loss: 4.933630 | lrm: 0.95 | dt: 4312.79ms | tok/sec: 15,195 | bf16_mfu: 1.17 | epoch: 1 pq: 0 rg: 73 | total time: 41.26m | eta: 66.4m
step 00582/01500 (38.80%) | loss: 4.941293 | lrm: 0.94 | dt: 4308.50ms | tok/sec: 15,210 | bf16_mfu: 1.17 | epoch: 1 pq: 0 rg: 73 | total time: 41.34m | eta: 66.3m
step 00583/01500 (38.87%) | loss: 4.953931 | lrm: 0.94 | dt: 4290.07ms | tok/sec: 15,276 | bf16_mfu: 1.17 | epoch: 1 pq: 0 rg: 73 | total time: 41.41m | eta: 66.3m
step 00584/01500 (38.93%) | loss: 4.956819 | lrm: 0.94 | dt: 4329.90ms | tok/sec: 15,135 | bf16_mfu: 1.16 | epoch: 1 pq: 0 rg: 74 | total time: 41.48m | eta: 66.2m
step 00585/01500 (39.00%) | loss: 4.947105 | lrm: 0.94 | dt: 4285.39ms | tok/sec: 15,292 | bf16_mfu: 1.17 | epoch: 1 pq: 0 rg: 74 | total time: 41.55m | eta: 66.1m
step 00586/01500 (39.07%) | loss: 4.938344 | lrm: 0.94 | dt: 4323.68ms | tok/sec: 15,157 | bf16_mfu: 1.16 | epoch: 1 pq: 0 rg: 74 | total time: 41.62m | eta: 66.0m
step 00587/01500 (39.13%) | loss: 4.940392 | lrm: 0.94 | dt: 4301.48ms | tok/sec: 15,235 | bf16_mfu: 1.17 | epoch: 1 pq: 0 rg: 74 | total time: 41.70m | eta: 66.0m
step 00588/01500 (39.20%) | loss: 4.921285 | lrm: 0.94 | dt: 4331.22ms | tok/sec: 15,131 | bf16_mfu: 1.16 | epoch: 1 pq: 0 rg: 74 | total time: 41.77m | eta: 65.9m
step 00589/01500 (39.27%) | loss: 4.925703 | lrm: 0.94 | dt: 4267.23ms | tok/sec: 15,357 | bf16_mfu: 1.18 | epoch: 1 pq: 0 rg: 74 | total time: 41.84m | eta: 65.8m
step 00590/01500 (39.33%) | loss: 4.915181 | lrm: 0.94 | dt: 4285.95ms | tok/sec: 15,290 | bf16_mfu: 1.17 | epoch: 1 pq: 0 rg: 74 | total time: 41.91m | eta: 65.8m
step 00591/01500 (39.40%) | loss: 4.912916 | lrm: 0.94 | dt: 4296.07ms | tok/sec: 15,254 | bf16_mfu: 1.17 | epoch: 1 pq: 0 rg: 74 | total time: 41.98m | eta: 65.7m
step 00592/01500 (39.47%) | loss: 4.920803 | lrm: 0.93 | dt: 4292.92ms | tok/sec: 15,266 | bf16_mfu: 1.17 | epoch: 1 pq: 0 rg: 75 | total time: 42.05m | eta: 65.6m
step 00593/01500 (39.53%) | loss: 4.928180 | lrm: 0.93 | dt: 4284.27ms | tok/sec: 15,296 | bf16_mfu: 1.18 | epoch: 1 pq: 0 rg: 75 | total time: 42.12m | eta: 65.5m
step 00594/01500 (39.60%) | loss: 4.929388 | lrm: 0.93 | dt: 4302.18ms | tok/sec: 15,233 | bf16_mfu: 1.17 | epoch: 1 pq: 0 rg: 75 | total time: 42.20m | eta: 65.5m
step 00595/01500 (39.67%) | loss: 4.933614 | lrm: 0.93 | dt: 4285.17ms | tok/sec: 15,293 | bf16_mfu: 1.17 | epoch: 1 pq: 0 rg: 75 | total time: 42.27m | eta: 65.4m
step 00596/01500 (39.73%) | loss: 4.923218 | lrm: 0.93 | dt: 4273.65ms | tok/sec: 15,334 | bf16_mfu: 1.18 | epoch: 1 pq: 0 rg: 75 | total time: 42.34m | eta: 65.3m
step 00597/01500 (39.80%) | loss: 4.919340 | lrm: 0.93 | dt: 4283.94ms | tok/sec: 15,298 | bf16_mfu: 1.18 | epoch: 1 pq: 0 rg: 75 | total time: 42.41m | eta: 65.2m
step 00598/01500 (39.87%) | loss: 4.919023 | lrm: 0.93 | dt: 4348.29ms | tok/sec: 15,071 | bf16_mfu: 1.16 | epoch: 1 pq: 0 rg: 75 | total time: 42.48m | eta: 65.2m
step 00599/01500 (39.93%) | loss: 4.913690 | lrm: 0.93 | dt: 4286.45ms | tok/sec: 15,289 | bf16_mfu: 1.17 | epoch: 1 pq: 0 rg: 75 | total time: 42.55m | eta: 65.1m
step 00600/01500 (40.00%) | loss: 4.904430 | lrm: 0.93 | dt: 5193.51ms | tok/sec: 12,618 | bf16_mfu: 0.97 | epoch: 1 pq: 0 rg: 76 | total time: 42.64m | eta: 65.0m
step 00601/01500 (40.07%) | loss: 4.918679 | lrm: 0.93 | dt: 4269.91ms | tok/sec: 15,348 | bf16_mfu: 1.18 | epoch: 1 pq: 0 rg: 76 | total time: 42.71m | eta: 65.0m
step 00602/01500 (40.13%) | loss: 4.920236 | lrm: 0.92 | dt: 4292.72ms | tok/sec: 15,266 | bf16_mfu: 1.17 | epoch: 1 pq: 0 rg: 76 | total time: 42.78m | eta: 64.9m
step 00603/01500 (40.20%) | loss: 4.916782 | lrm: 0.92 | dt: 4320.86ms | tok/sec: 15,167 | bf16_mfu: 1.17 | epoch: 1 pq: 0 rg: 76 | total time: 42.86m | eta: 64.8m
step 00604/01500 (40.27%) | loss: 4.924139 | lrm: 0.92 | dt: 4297.40ms | tok/sec: 15,250 | bf16_mfu: 1.17 | epoch: 1 pq: 0 rg: 76 | total time: 42.93m | eta: 64.8m
step 00605/01500 (40.33%) | loss: 4.921254 | lrm: 0.92 | dt: 4283.36ms | tok/sec: 15,300 | bf16_mfu: 1.18 | epoch: 1 pq: 0 rg: 76 | total time: 43.00m | eta: 64.7m
step 00606/01500 (40.40%) | loss: 4.922975 | lrm: 0.92 | dt: 4271.16ms | tok/sec: 15,343 | bf16_mfu: 1.18 | epoch: 1 pq: 0 rg: 76 | total time: 43.07m | eta: 64.6m
step 00607/01500 (40.47%) | loss: 4.907350 | lrm: 0.92 | dt: 4263.01ms | tok/sec: 15,373 | bf16_mfu: 1.18 | epoch: 1 pq: 0 rg: 76 | total time: 43.14m | eta: 64.5m
step 00608/01500 (40.53%) | loss: 4.900499 | lrm: 0.92 | dt: 4266.04ms | tok/sec: 15,362 | bf16_mfu: 1.18 | epoch: 1 pq: 0 rg: 76 | total time: 43.21m | eta: 64.5m
step 00609/01500 (40.60%) | loss: 4.894789 | lrm: 0.92 | dt: 4328.86ms | tok/sec: 15,139 | bf16_mfu: 1.16 | epoch: 1 pq: 0 rg: 77 | total time: 43.28m | eta: 64.4m
step 00610/01500 (40.67%) | loss: 4.905552 | lrm: 0.92 | dt: 4288.15ms | tok/sec: 15,283 | bf16_mfu: 1.17 | epoch: 1 pq: 0 rg: 77 | total time: 43.36m | eta: 64.3m
step 00611/01500 (40.73%) | loss: 4.908434 | lrm: 0.92 | dt: 4303.90ms | tok/sec: 15,227 | bf16_mfu: 1.17 | epoch: 1 pq: 0 rg: 77 | total time: 43.43m | eta: 64.2m
step 00612/01500 (40.80%) | loss: 4.909390 | lrm: 0.92 | dt: 4308.84ms | tok/sec: 15,209 | bf16_mfu: 1.17 | epoch: 1 pq: 0 rg: 77 | total time: 43.50m | eta: 64.2m
step 00613/01500 (40.87%) | loss: 4.920618 | lrm: 0.91 | dt: 4301.27ms | tok/sec: 15,236 | bf16_mfu: 1.17 | epoch: 1 pq: 0 rg: 77 | total time: 43.57m | eta: 64.1m
step 00614/01500 (40.93%) | loss: 4.918778 | lrm: 0.91 | dt: 4276.84ms | tok/sec: 15,323 | bf16_mfu: 1.18 | epoch: 1 pq: 0 rg: 77 | total time: 43.64m | eta: 64.0m
step 00615/01500 (41.00%) | loss: 4.923438 | lrm: 0.91 | dt: 4320.90ms | tok/sec: 15,167 | bf16_mfu: 1.17 | epoch: 1 pq: 0 rg: 77 | total time: 43.71m | eta: 63.9m
step 00616/01500 (41.07%) | loss: 4.925653 | lrm: 0.91 | dt: 4277.60ms | tok/sec: 15,320 | bf16_mfu: 1.18 | epoch: 1 pq: 0 rg: 77 | total time: 43.79m | eta: 63.9m
step 00617/01500 (41.13%) | loss: 4.939921 | lrm: 0.91 | dt: 4300.96ms | tok/sec: 15,237 | bf16_mfu: 1.17 | epoch: 1 pq: 0 rg: 78 | total time: 43.86m | eta: 63.8m
step 00618/01500 (41.20%) | loss: 4.948223 | lrm: 0.91 | dt: 4301.51ms | tok/sec: 15,235 | bf16_mfu: 1.17 | epoch: 1 pq: 0 rg: 78 | total time: 43.93m | eta: 63.7m
step 00619/01500 (41.27%) | loss: 4.943483 | lrm: 0.91 | dt: 4290.40ms | tok/sec: 15,275 | bf16_mfu: 1.17 | epoch: 1 pq: 0 rg: 78 | total time: 44.00m | eta: 63.7m
step 00620/01500 (41.33%) | loss: 4.945782 | lrm: 0.91 | dt: 4290.28ms | tok/sec: 15,275 | bf16_mfu: 1.17 | epoch: 1 pq: 0 rg: 78 | total time: 44.07m | eta: 63.6m
step 00621/01500 (41.40%) | loss: 4.938508 | lrm: 0.91 | dt: 4271.47ms | tok/sec: 15,342 | bf16_mfu: 1.18 | epoch: 1 pq: 0 rg: 78 | total time: 44.14m | eta: 63.5m
step 00622/01500 (41.47%) | loss: 4.936917 | lrm: 0.91 | dt: 4301.44ms | tok/sec: 15,235 | bf16_mfu: 1.17 | epoch: 1 pq: 0 rg: 78 | total time: 44.21m | eta: 63.4m
step 00623/01500 (41.53%) | loss: 4.934399 | lrm: 0.90 | dt: 4328.28ms | tok/sec: 15,141 | bf16_mfu: 1.16 | epoch: 1 pq: 0 rg: 78 | total time: 44.29m | eta: 63.4m
step 00624/01500 (41.60%) | loss: 4.932878 | lrm: 0.90 | dt: 4272.39ms | tok/sec: 15,339 | bf16_mfu: 1.18 | epoch: 1 pq: 0 rg: 78 | total time: 44.36m | eta: 63.3m
step 00625/01500 (41.67%) | loss: 4.930298 | lrm: 0.90 | dt: 4355.04ms | tok/sec: 15,048 | bf16_mfu: 1.16 | epoch: 1 pq: 0 rg: 79 | total time: 44.43m | eta: 63.2m
step 00626/01500 (41.73%) | loss: 4.931564 | lrm: 0.90 | dt: 4293.46ms | tok/sec: 15,264 | bf16_mfu: 1.17 | epoch: 1 pq: 0 rg: 79 | total time: 44.50m | eta: 63.1m
step 00627/01500 (41.80%) | loss: 4.928340 | lrm: 0.90 | dt: 4313.91ms | tok/sec: 15,191 | bf16_mfu: 1.17 | epoch: 1 pq: 0 rg: 79 | total time: 44.57m | eta: 63.1m
step 00628/01500 (41.87%) | loss: 4.911595 | lrm: 0.90 | dt: 4312.49ms | tok/sec: 15,196 | bf16_mfu: 1.17 | epoch: 1 pq: 0 rg: 79 | total time: 44.65m | eta: 63.0m
step 00629/01500 (41.93%) | loss: 4.890881 | lrm: 0.90 | dt: 4290.00ms | tok/sec: 15,276 | bf16_mfu: 1.17 | epoch: 1 pq: 0 rg: 79 | total time: 44.72m | eta: 62.9m
step 00630/01500 (42.00%) | loss: 4.884163 | lrm: 0.90 | dt: 4278.77ms | tok/sec: 15,316 | bf16_mfu: 1.18 | epoch: 1 pq: 0 rg: 79 | total time: 44.79m | eta: 62.8m
step 00631/01500 (42.07%) | loss: 4.878725 | lrm: 0.90 | dt: 4343.92ms | tok/sec: 15,086 | bf16_mfu: 1.16 | epoch: 1 pq: 0 rg: 79 | total time: 44.86m | eta: 62.8m
step 00632/01500 (42.13%) | loss: 4.882173 | lrm: 0.90 | dt: 4330.02ms | tok/sec: 15,135 | bf16_mfu: 1.16 | epoch: 1 pq: 0 rg: 79 | total time: 44.93m | eta: 62.7m
step 00633/01500 (42.20%) | loss: 4.879103 | lrm: 0.89 | dt: 4307.61ms | tok/sec: 15,214 | bf16_mfu: 1.17 | epoch: 1 pq: 0 rg: 80 | total time: 45.00m | eta: 62.6m
step 00634/01500 (42.27%) | loss: 4.869433 | lrm: 0.89 | dt: 4280.48ms | tok/sec: 15,310 | bf16_mfu: 1.18 | epoch: 1 pq: 0 rg: 80 | total time: 45.08m | eta: 62.6m
step 00635/01500 (42.33%) | loss: 4.862338 | lrm: 0.89 | dt: 4279.17ms | tok/sec: 15,315 | bf16_mfu: 1.18 | epoch: 1 pq: 0 rg: 80 | total time: 45.15m | eta: 62.5m
step 00636/01500 (42.40%) | loss: 4.880780 | lrm: 0.89 | dt: 4312.87ms | tok/sec: 15,195 | bf16_mfu: 1.17 | epoch: 1 pq: 0 rg: 80 | total time: 45.22m | eta: 62.4m
step 00637/01500 (42.47%) | loss: 4.865269 | lrm: 0.89 | dt: 4265.08ms | tok/sec: 15,365 | bf16_mfu: 1.18 | epoch: 1 pq: 0 rg: 80 | total time: 45.29m | eta: 62.3m
step 00638/01500 (42.53%) | loss: 4.871341 | lrm: 0.89 | dt: 4265.20ms | tok/sec: 15,365 | bf16_mfu: 1.18 | epoch: 1 pq: 0 rg: 80 | total time: 45.36m | eta: 62.3m
step 00639/01500 (42.60%) | loss: 4.867998 | lrm: 0.89 | dt: 4323.07ms | tok/sec: 15,159 | bf16_mfu: 1.16 | epoch: 1 pq: 0 rg: 80 | total time: 45.43m | eta: 62.2m
step 00640/01500 (42.67%) | loss: 4.876145 | lrm: 0.89 | dt: 4320.47ms | tok/sec: 15,168 | bf16_mfu: 1.17 | epoch: 1 pq: 0 rg: 80 | total time: 45.51m | eta: 62.1m
step 00641/01500 (42.73%) | loss: 4.885947 | lrm: 0.89 | dt: 4295.93ms | tok/sec: 15,255 | bf16_mfu: 1.17 | epoch: 1 pq: 0 rg: 81 | total time: 45.58m | eta: 62.0m
step 00642/01500 (42.80%) | loss: 4.878584 | lrm: 0.89 | dt: 4271.61ms | tok/sec: 15,342 | bf16_mfu: 1.18 | epoch: 1 pq: 0 rg: 81 | total time: 45.65m | eta: 62.0m
step 00643/01500 (42.87%) | loss: 4.864241 | lrm: 0.89 | dt: 4261.90ms | tok/sec: 15,377 | bf16_mfu: 1.18 | epoch: 1 pq: 0 rg: 81 | total time: 45.72m | eta: 61.9m
step 00644/01500 (42.93%) | loss: 4.859153 | lrm: 0.88 | dt: 4267.68ms | tok/sec: 15,356 | bf16_mfu: 1.18 | epoch: 1 pq: 0 rg: 81 | total time: 45.79m | eta: 61.8m
step 00645/01500 (43.00%) | loss: 4.858224 | lrm: 0.88 | dt: 4271.54ms | tok/sec: 15,342 | bf16_mfu: 1.18 | epoch: 1 pq: 0 rg: 81 | total time: 45.86m | eta: 61.8m
step 00646/01500 (43.07%) | loss: 4.855532 | lrm: 0.88 | dt: 4303.05ms | tok/sec: 15,230 | bf16_mfu: 1.17 | epoch: 1 pq: 0 rg: 81 | total time: 45.93m | eta: 61.7m
step 00647/01500 (43.13%) | loss: 4.847178 | lrm: 0.88 | dt: 4296.26ms | tok/sec: 15,254 | bf16_mfu: 1.17 | epoch: 1 pq: 0 rg: 81 | total time: 46.01m | eta: 61.6m
step 00648/01500 (43.20%) | loss: 4.841429 | lrm: 0.88 | dt: 4276.89ms | tok/sec: 15,323 | bf16_mfu: 1.18 | epoch: 1 pq: 0 rg: 81 | total time: 46.08m | eta: 61.5m
step 00649/01500 (43.27%) | loss: 4.839798 | lrm: 0.88 | dt: 4269.13ms | tok/sec: 15,351 | bf16_mfu: 1.18 | epoch: 1 pq: 0 rg: 82 | total time: 46.15m | eta: 61.5m
step 00650/01500 (43.33%) | loss: 4.826151 | lrm: 0.88 | dt: 5187.12ms | tok/sec: 12,634 | bf16_mfu: 0.97 | epoch: 1 pq: 0 rg: 82 | total time: 46.23m | eta: 61.4m
step 00651/01500 (43.40%) | loss: 4.830030 | lrm: 0.88 | dt: 4292.40ms | tok/sec: 15,267 | bf16_mfu: 1.17 | epoch: 1 pq: 0 rg: 82 | total time: 46.31m | eta: 61.3m
step 00652/01500 (43.47%) | loss: 4.837236 | lrm: 0.88 | dt: 4300.26ms | tok/sec: 15,240 | bf16_mfu: 1.17 | epoch: 1 pq: 0 rg: 82 | total time: 46.38m | eta: 61.3m
step 00653/01500 (43.53%) | loss: 4.842264 | lrm: 0.88 | dt: 4254.45ms | tok/sec: 15,404 | bf16_mfu: 1.18 | epoch: 1 pq: 0 rg: 82 | total time: 46.45m | eta: 61.2m
step 00654/01500 (43.60%) | loss: 4.844290 | lrm: 0.87 | dt: 4281.15ms | tok/sec: 15,308 | bf16_mfu: 1.18 | epoch: 1 pq: 0 rg: 82 | total time: 46.52m | eta: 61.1m
step 00655/01500 (43.67%) | loss: 4.858745 | lrm: 0.87 | dt: 4306.11ms | tok/sec: 15,219 | bf16_mfu: 1.17 | epoch: 1 pq: 0 rg: 82 | total time: 46.59m | eta: 61.0m
step 00656/01500 (43.73%) | loss: 4.860852 | lrm: 0.87 | dt: 4284.14ms | tok/sec: 15,297 | bf16_mfu: 1.18 | epoch: 1 pq: 0 rg: 82 | total time: 46.66m | eta: 61.0m
step 00657/01500 (43.80%) | loss: 4.864770 | lrm: 0.87 | dt: 4264.73ms | tok/sec: 15,366 | bf16_mfu: 1.18 | epoch: 1 pq: 0 rg: 82 | total time: 46.73m | eta: 60.9m
step 00658/01500 (43.87%) | loss: 4.864217 | lrm: 0.87 | dt: 4282.08ms | tok/sec: 15,304 | bf16_mfu: 1.18 | epoch: 1 pq: 0 rg: 83 | total time: 46.81m | eta: 60.8m
step 00659/01500 (43.93%) | loss: 4.861690 | lrm: 0.87 | dt: 4266.23ms | tok/sec: 15,361 | bf16_mfu: 1.18 | epoch: 1 pq: 0 rg: 83 | total time: 46.88m | eta: 60.7m
step 00660/01500 (44.00%) | loss: 4.875252 | lrm: 0.87 | dt: 4262.44ms | tok/sec: 15,375 | bf16_mfu: 1.18 | epoch: 1 pq: 0 rg: 83 | total time: 46.95m | eta: 60.7m
step 00661/01500 (44.07%) | loss: 4.895804 | lrm: 0.87 | dt: 4271.39ms | tok/sec: 15,343 | bf16_mfu: 1.18 | epoch: 1 pq: 0 rg: 83 | total time: 47.02m | eta: 60.6m
step 00662/01500 (44.13%) | loss: 4.895913 | lrm: 0.87 | dt: 4288.65ms | tok/sec: 15,281 | bf16_mfu: 1.17 | epoch: 1 pq: 0 rg: 83 | total time: 47.09m | eta: 60.5m
step 00663/01500 (44.20%) | loss: 4.888369 | lrm: 0.87 | dt: 4310.29ms | tok/sec: 15,204 | bf16_mfu: 1.17 | epoch: 1 pq: 0 rg: 83 | total time: 47.16m | eta: 60.5m
step 00664/01500 (44.27%) | loss: 4.877131 | lrm: 0.86 | dt: 4290.29ms | tok/sec: 15,275 | bf16_mfu: 1.17 | epoch: 1 pq: 0 rg: 83 | total time: 47.23m | eta: 60.4m
step 00665/01500 (44.33%) | loss: 4.876768 | lrm: 0.86 | dt: 4306.83ms | tok/sec: 15,216 | bf16_mfu: 1.17 | epoch: 1 pq: 0 rg: 83 | total time: 47.30m | eta: 60.3m
step 00666/01500 (44.40%) | loss: 4.872991 | lrm: 0.86 | dt: 4308.54ms | tok/sec: 15,210 | bf16_mfu: 1.17 | epoch: 1 pq: 1 rg: 0 | total time: 47.38m | eta: 60.2m
step 00667/01500 (44.47%) | loss: 4.872828 | lrm: 0.86 | dt: 4281.35ms | tok/sec: 15,307 | bf16_mfu: 1.18 | epoch: 1 pq: 1 rg: 0 | total time: 47.45m | eta: 60.2m
step 00668/01500 (44.53%) | loss: 4.872727 | lrm: 0.86 | dt: 4271.29ms | tok/sec: 15,343 | bf16_mfu: 1.18 | epoch: 1 pq: 1 rg: 0 | total time: 47.52m | eta: 60.1m
step 00669/01500 (44.60%) | loss: 4.873258 | lrm: 0.86 | dt: 4273.54ms | tok/sec: 15,335 | bf16_mfu: 1.18 | epoch: 1 pq: 1 rg: 0 | total time: 47.59m | eta: 60.0m
step 00670/01500 (44.67%) | loss: 4.856465 | lrm: 0.86 | dt: 4242.02ms | tok/sec: 15,449 | bf16_mfu: 1.19 | epoch: 1 pq: 1 rg: 0 | total time: 47.66m | eta: 59.9m
step 00671/01500 (44.73%) | loss: 4.849490 | lrm: 0.86 | dt: 4295.26ms | tok/sec: 15,257 | bf16_mfu: 1.17 | epoch: 1 pq: 1 rg: 0 | total time: 47.73m | eta: 59.9m
step 00672/01500 (44.80%) | loss: 4.845102 | lrm: 0.86 | dt: 4337.15ms | tok/sec: 15,110 | bf16_mfu: 1.16 | epoch: 1 pq: 1 rg: 0 | total time: 47.81m | eta: 59.8m
step 00673/01500 (44.87%) | loss: 4.845453 | lrm: 0.86 | dt: 4328.54ms | tok/sec: 15,140 | bf16_mfu: 1.16 | epoch: 1 pq: 1 rg: 0 | total time: 47.88m | eta: 59.7m
step 00674/01500 (44.93%) | loss: 4.848252 | lrm: 0.85 | dt: 4316.26ms | tok/sec: 15,183 | bf16_mfu: 1.17 | epoch: 1 pq: 1 rg: 1 | total time: 47.95m | eta: 59.6m
step 00675/01500 (45.00%) | loss: 4.840153 | lrm: 0.85 | dt: 4274.25ms | tok/sec: 15,332 | bf16_mfu: 1.18 | epoch: 1 pq: 1 rg: 1 | total time: 48.02m | eta: 59.6m
step 00676/01500 (45.07%) | loss: 4.836727 | lrm: 0.85 | dt: 4277.07ms | tok/sec: 15,322 | bf16_mfu: 1.18 | epoch: 1 pq: 1 rg: 1 | total time: 48.09m | eta: 59.5m
step 00677/01500 (45.13%) | loss: 4.836457 | lrm: 0.85 | dt: 4267.79ms | tok/sec: 15,355 | bf16_mfu: 1.18 | epoch: 1 pq: 1 rg: 1 | total time: 48.16m | eta: 59.4m
step 00678/01500 (45.20%) | loss: 4.831749 | lrm: 0.85 | dt: 4292.32ms | tok/sec: 15,268 | bf16_mfu: 1.17 | epoch: 1 pq: 1 rg: 1 | total time: 48.23m | eta: 59.4m
step 00679/01500 (45.27%) | loss: 4.835637 | lrm: 0.85 | dt: 4335.99ms | tok/sec: 15,114 | bf16_mfu: 1.16 | epoch: 1 pq: 1 rg: 1 | total time: 48.31m | eta: 59.3m
step 00680/01500 (45.33%) | loss: 4.840350 | lrm: 0.85 | dt: 4266.63ms | tok/sec: 15,360 | bf16_mfu: 1.18 | epoch: 1 pq: 1 rg: 1 | total time: 48.38m | eta: 59.2m
step 00681/01500 (45.40%) | loss: 4.837661 | lrm: 0.85 | dt: 4301.96ms | tok/sec: 15,233 | bf16_mfu: 1.17 | epoch: 1 pq: 1 rg: 1 | total time: 48.45m | eta: 59.1m
step 00682/01500 (45.47%) | loss: 4.824424 | lrm: 0.85 | dt: 4266.18ms | tok/sec: 15,361 | bf16_mfu: 1.18 | epoch: 1 pq: 1 rg: 2 | total time: 48.52m | eta: 59.1m
step 00683/01500 (45.53%) | loss: 4.830994 | lrm: 0.85 | dt: 4334.69ms | tok/sec: 15,118 | bf16_mfu: 1.16 | epoch: 1 pq: 1 rg: 2 | total time: 48.59m | eta: 59.0m
step 00684/01500 (45.60%) | loss: 4.839435 | lrm: 0.85 | dt: 4306.53ms | tok/sec: 15,217 | bf16_mfu: 1.17 | epoch: 1 pq: 1 rg: 2 | total time: 48.66m | eta: 58.9m
step 00685/01500 (45.67%) | loss: 4.841386 | lrm: 0.84 | dt: 4274.15ms | tok/sec: 15,333 | bf16_mfu: 1.18 | epoch: 1 pq: 1 rg: 2 | total time: 48.74m | eta: 58.8m
step 00686/01500 (45.73%) | loss: 4.848878 | lrm: 0.84 | dt: 4262.27ms | tok/sec: 15,375 | bf16_mfu: 1.18 | epoch: 1 pq: 1 rg: 2 | total time: 48.81m | eta: 58.8m
step 00687/01500 (45.80%) | loss: 4.835961 | lrm: 0.84 | dt: 4277.83ms | tok/sec: 15,319 | bf16_mfu: 1.18 | epoch: 1 pq: 1 rg: 2 | total time: 48.88m | eta: 58.7m
step 00688/01500 (45.87%) | loss: 4.843083 | lrm: 0.84 | dt: 4279.39ms | tok/sec: 15,314 | bf16_mfu: 1.18 | epoch: 1 pq: 1 rg: 2 | total time: 48.95m | eta: 58.6m
step 00689/01500 (45.93%) | loss: 4.851214 | lrm: 0.84 | dt: 4294.41ms | tok/sec: 15,260 | bf16_mfu: 1.17 | epoch: 1 pq: 1 rg: 2 | total time: 49.02m | eta: 58.6m
step 00690/01500 (46.00%) | loss: 4.850592 | lrm: 0.84 | dt: 4320.28ms | tok/sec: 15,169 | bf16_mfu: 1.17 | epoch: 1 pq: 1 rg: 3 | total time: 49.09m | eta: 58.5m
step 00691/01500 (46.07%) | loss: 4.846361 | lrm: 0.84 | dt: 4311.77ms | tok/sec: 15,199 | bf16_mfu: 1.17 | epoch: 1 pq: 1 rg: 3 | total time: 49.16m | eta: 58.4m
step 00692/01500 (46.13%) | loss: 4.848621 | lrm: 0.84 | dt: 4346.67ms | tok/sec: 15,077 | bf16_mfu: 1.16 | epoch: 1 pq: 1 rg: 3 | total time: 49.24m | eta: 58.3m
step 00693/01500 (46.20%) | loss: 4.853250 | lrm: 0.84 | dt: 4320.71ms | tok/sec: 15,167 | bf16_mfu: 1.17 | epoch: 1 pq: 1 rg: 3 | total time: 49.31m | eta: 58.3m
step 00694/01500 (46.27%) | loss: 4.855090 | lrm: 0.84 | dt: 4276.72ms | tok/sec: 15,323 | bf16_mfu: 1.18 | epoch: 1 pq: 1 rg: 3 | total time: 49.38m | eta: 58.2m
step 00695/01500 (46.33%) | loss: 4.846057 | lrm: 0.83 | dt: 4278.92ms | tok/sec: 15,316 | bf16_mfu: 1.18 | epoch: 1 pq: 1 rg: 3 | total time: 49.45m | eta: 58.1m
step 00696/01500 (46.40%) | loss: 4.844776 | lrm: 0.83 | dt: 4301.65ms | tok/sec: 15,235 | bf16_mfu: 1.17 | epoch: 1 pq: 1 rg: 3 | total time: 49.52m | eta: 58.0m
step 00697/01500 (46.47%) | loss: 4.844278 | lrm: 0.83 | dt: 4317.23ms | tok/sec: 15,180 | bf16_mfu: 1.17 | epoch: 1 pq: 1 rg: 3 | total time: 49.60m | eta: 58.0m
step 00698/01500 (46.53%) | loss: 4.826888 | lrm: 0.83 | dt: 4281.23ms | tok/sec: 15,307 | bf16_mfu: 1.18 | epoch: 1 pq: 1 rg: 3 | total time: 49.67m | eta: 57.9m
step 00699/01500 (46.60%) | loss: 4.836936 | lrm: 0.83 | dt: 4314.88ms | tok/sec: 15,188 | bf16_mfu: 1.17 | epoch: 1 pq: 1 rg: 4 | total time: 49.74m | eta: 57.8m
step 00700/01500 (46.67%) | loss: 4.854729 | lrm: 0.83 | dt: 5191.73ms | tok/sec: 12,623 | bf16_mfu: 0.97 | epoch: 1 pq: 1 rg: 4 | total time: 49.83m | eta: 57.8m
step 00701/01500 (46.73%) | loss: 4.846905 | lrm: 0.83 | dt: 4297.53ms | tok/sec: 15,249 | bf16_mfu: 1.17 | epoch: 1 pq: 1 rg: 4 | total time: 49.90m | eta: 57.7m
step 00702/01500 (46.80%) | loss: 4.853606 | lrm: 0.83 | dt: 4296.72ms | tok/sec: 15,252 | bf16_mfu: 1.17 | epoch: 1 pq: 1 rg: 4 | total time: 49.97m | eta: 57.6m
step 00703/01500 (46.87%) | loss: 4.851116 | lrm: 0.83 | dt: 4307.40ms | tok/sec: 15,214 | bf16_mfu: 1.17 | epoch: 1 pq: 1 rg: 4 | total time: 50.04m | eta: 57.6m
step 00704/01500 (46.93%) | loss: 4.846461 | lrm: 0.83 | dt: 4276.37ms | tok/sec: 15,325 | bf16_mfu: 1.18 | epoch: 1 pq: 1 rg: 4 | total time: 50.11m | eta: 57.5m
step 00705/01500 (47.00%) | loss: 4.845270 | lrm: 0.82 | dt: 4285.92ms | tok/sec: 15,290 | bf16_mfu: 1.17 | epoch: 1 pq: 1 rg: 4 | total time: 50.18m | eta: 57.4m
step 00706/01500 (47.07%) | loss: 4.840903 | lrm: 0.82 | dt: 4281.56ms | tok/sec: 15,306 | bf16_mfu: 1.18 | epoch: 1 pq: 1 rg: 4 | total time: 50.25m | eta: 57.3m
step 00707/01500 (47.13%) | loss: 4.830391 | lrm: 0.82 | dt: 4320.09ms | tok/sec: 15,170 | bf16_mfu: 1.17 | epoch: 1 pq: 1 rg: 5 | total time: 50.33m | eta: 57.3m
step 00708/01500 (47.20%) | loss: 4.830856 | lrm: 0.82 | dt: 4279.89ms | tok/sec: 15,312 | bf16_mfu: 1.18 | epoch: 1 pq: 1 rg: 5 | total time: 50.40m | eta: 57.2m
step 00709/01500 (47.27%) | loss: 4.827138 | lrm: 0.82 | dt: 4287.49ms | tok/sec: 15,285 | bf16_mfu: 1.17 | epoch: 1 pq: 1 rg: 5 | total time: 50.47m | eta: 57.1m
step 00710/01500 (47.33%) | loss: 4.825306 | lrm: 0.82 | dt: 4255.14ms | tok/sec: 15,401 | bf16_mfu: 1.18 | epoch: 1 pq: 1 rg: 5 | total time: 50.54m | eta: 57.0m
step 00711/01500 (47.40%) | loss: 4.817828 | lrm: 0.82 | dt: 4276.32ms | tok/sec: 15,325 | bf16_mfu: 1.18 | epoch: 1 pq: 1 rg: 5 | total time: 50.61m | eta: 57.0m
step 00712/01500 (47.47%) | loss: 4.820806 | lrm: 0.82 | dt: 4276.59ms | tok/sec: 15,324 | bf16_mfu: 1.18 | epoch: 1 pq: 1 rg: 5 | total time: 50.68m | eta: 56.9m
step 00713/01500 (47.53%) | loss: 4.813885 | lrm: 0.82 | dt: 4286.66ms | tok/sec: 15,288 | bf16_mfu: 1.17 | epoch: 1 pq: 1 rg: 5 | total time: 50.75m | eta: 56.8m
step 00714/01500 (47.60%) | loss: 4.799211 | lrm: 0.82 | dt: 4284.33ms | tok/sec: 15,296 | bf16_mfu: 1.18 | epoch: 1 pq: 1 rg: 5 | total time: 50.83m | eta: 56.7m
step 00715/01500 (47.67%) | loss: 4.790336 | lrm: 0.81 | dt: 4262.24ms | tok/sec: 15,375 | bf16_mfu: 1.18 | epoch: 1 pq: 1 rg: 6 | total time: 50.90m | eta: 56.7m
step 00716/01500 (47.73%) | loss: 4.782609 | lrm: 0.81 | dt: 4289.77ms | tok/sec: 15,277 | bf16_mfu: 1.17 | epoch: 1 pq: 1 rg: 6 | total time: 50.97m | eta: 56.6m
step 00717/01500 (47.80%) | loss: 4.781831 | lrm: 0.81 | dt: 4270.60ms | tok/sec: 15,345 | bf16_mfu: 1.18 | epoch: 1 pq: 1 rg: 6 | total time: 51.04m | eta: 56.5m
step 00718/01500 (47.87%) | loss: 4.779982 | lrm: 0.81 | dt: 4271.82ms | tok/sec: 15,341 | bf16_mfu: 1.18 | epoch: 1 pq: 1 rg: 6 | total time: 51.11m | eta: 56.5m
step 00719/01500 (47.93%) | loss: 4.785077 | lrm: 0.81 | dt: 4283.09ms | tok/sec: 15,301 | bf16_mfu: 1.18 | epoch: 1 pq: 1 rg: 6 | total time: 51.18m | eta: 56.4m
step 00720/01500 (48.00%) | loss: 4.781591 | lrm: 0.81 | dt: 4277.61ms | tok/sec: 15,320 | bf16_mfu: 1.18 | epoch: 1 pq: 1 rg: 6 | total time: 51.25m | eta: 56.3m
step 00721/01500 (48.07%) | loss: 4.775585 | lrm: 0.81 | dt: 4279.26ms | tok/sec: 15,314 | bf16_mfu: 1.18 | epoch: 1 pq: 1 rg: 6 | total time: 51.32m | eta: 56.2m
step 00722/01500 (48.13%) | loss: 4.772750 | lrm: 0.81 | dt: 4306.03ms | tok/sec: 15,219 | bf16_mfu: 1.17 | epoch: 1 pq: 1 rg: 6 | total time: 51.40m | eta: 56.2m
step 00723/01500 (48.20%) | loss: 4.779714 | lrm: 0.81 | dt: 4306.15ms | tok/sec: 15,219 | bf16_mfu: 1.17 | epoch: 1 pq: 1 rg: 7 | total time: 51.47m | eta: 56.1m
step 00724/01500 (48.27%) | loss: 4.782725 | lrm: 0.81 | dt: 4317.14ms | tok/sec: 15,180 | bf16_mfu: 1.17 | epoch: 1 pq: 1 rg: 7 | total time: 51.54m | eta: 56.0m
step 00725/01500 (48.33%) | loss: 4.799081 | lrm: 0.81 | dt: 4284.57ms | tok/sec: 15,295 | bf16_mfu: 1.17 | epoch: 1 pq: 1 rg: 7 | total time: 51.61m | eta: 55.9m
step 00726/01500 (48.40%) | loss: 4.797421 | lrm: 0.80 | dt: 4316.85ms | tok/sec: 15,181 | bf16_mfu: 1.17 | epoch: 1 pq: 1 rg: 7 | total time: 51.68m | eta: 55.9m
step 00727/01500 (48.47%) | loss: 4.793169 | lrm: 0.80 | dt: 4296.64ms | tok/sec: 15,252 | bf16_mfu: 1.17 | epoch: 1 pq: 1 rg: 7 | total time: 51.75m | eta: 55.8m
step 00728/01500 (48.53%) | loss: 4.793494 | lrm: 0.80 | dt: 4309.30ms | tok/sec: 15,208 | bf16_mfu: 1.17 | epoch: 1 pq: 1 rg: 7 | total time: 51.83m | eta: 55.7m
step 00729/01500 (48.60%) | loss: 4.797991 | lrm: 0.80 | dt: 4286.38ms | tok/sec: 15,289 | bf16_mfu: 1.17 | epoch: 1 pq: 1 rg: 7 | total time: 51.90m | eta: 55.7m
step 00730/01500 (48.67%) | loss: 4.802123 | lrm: 0.80 | dt: 4308.48ms | tok/sec: 15,210 | bf16_mfu: 1.17 | epoch: 1 pq: 1 rg: 7 | total time: 51.97m | eta: 55.6m
step 00731/01500 (48.73%) | loss: 4.794276 | lrm: 0.80 | dt: 4322.36ms | tok/sec: 15,162 | bf16_mfu: 1.16 | epoch: 1 pq: 1 rg: 7 | total time: 52.04m | eta: 55.5m
step 00732/01500 (48.80%) | loss: 4.799669 | lrm: 0.80 | dt: 4282.12ms | tok/sec: 15,304 | bf16_mfu: 1.18 | epoch: 1 pq: 1 rg: 8 | total time: 52.11m | eta: 55.4m
step 00733/01500 (48.87%) | loss: 4.807105 | lrm: 0.80 | dt: 4334.65ms | tok/sec: 15,119 | bf16_mfu: 1.16 | epoch: 1 pq: 1 rg: 8 | total time: 52.19m | eta: 55.4m
step 00734/01500 (48.93%) | loss: 4.820175 | lrm: 0.80 | dt: 4291.01ms | tok/sec: 15,272 | bf16_mfu: 1.17 | epoch: 1 pq: 1 rg: 8 | total time: 52.26m | eta: 55.3m
step 00735/01500 (49.00%) | loss: 4.811682 | lrm: 0.80 | dt: 4284.88ms | tok/sec: 15,294 | bf16_mfu: 1.17 | epoch: 1 pq: 1 rg: 8 | total time: 52.33m | eta: 55.2m
step 00736/01500 (49.07%) | loss: 4.796051 | lrm: 0.79 | dt: 4291.12ms | tok/sec: 15,272 | bf16_mfu: 1.17 | epoch: 1 pq: 1 rg: 8 | total time: 52.40m | eta: 55.1m
step 00737/01500 (49.13%) | loss: 4.790976 | lrm: 0.79 | dt: 4315.64ms | tok/sec: 15,185 | bf16_mfu: 1.17 | epoch: 1 pq: 1 rg: 8 | total time: 52.47m | eta: 55.1m
step 00738/01500 (49.20%) | loss: 4.799716 | lrm: 0.79 | dt: 4261.14ms | tok/sec: 15,379 | bf16_mfu: 1.18 | epoch: 1 pq: 1 rg: 8 | total time: 52.54m | eta: 55.0m
step 00739/01500 (49.27%) | loss: 4.813526 | lrm: 0.79 | dt: 4246.98ms | tok/sec: 15,431 | bf16_mfu: 1.19 | epoch: 1 pq: 1 rg: 8 | total time: 52.61m | eta: 54.9m
step 00740/01500 (49.33%) | loss: 4.815127 | lrm: 0.79 | dt: 4277.57ms | tok/sec: 15,320 | bf16_mfu: 1.18 | epoch: 1 pq: 1 rg: 9 | total time: 52.69m | eta: 54.9m
step 00741/01500 (49.40%) | loss: 4.821185 | lrm: 0.79 | dt: 4256.98ms | tok/sec: 15,394 | bf16_mfu: 1.18 | epoch: 1 pq: 1 rg: 9 | total time: 52.76m | eta: 54.8m
step 00742/01500 (49.47%) | loss: 4.813454 | lrm: 0.79 | dt: 4294.50ms | tok/sec: 15,260 | bf16_mfu: 1.17 | epoch: 1 pq: 1 rg: 9 | total time: 52.83m | eta: 54.7m
step 00743/01500 (49.53%) | loss: 4.824651 | lrm: 0.79 | dt: 4267.77ms | tok/sec: 15,356 | bf16_mfu: 1.18 | epoch: 1 pq: 1 rg: 9 | total time: 52.90m | eta: 54.6m
step 00744/01500 (49.60%) | loss: 4.832500 | lrm: 0.79 | dt: 4262.30ms | tok/sec: 15,375 | bf16_mfu: 1.18 | epoch: 1 pq: 1 rg: 9 | total time: 52.97m | eta: 54.6m
step 00745/01500 (49.67%) | loss: 4.831485 | lrm: 0.79 | dt: 4288.20ms | tok/sec: 15,282 | bf16_mfu: 1.17 | epoch: 1 pq: 1 rg: 9 | total time: 53.04m | eta: 54.5m
step 00746/01500 (49.73%) | loss: 4.834927 | lrm: 0.78 | dt: 4295.32ms | tok/sec: 15,257 | bf16_mfu: 1.17 | epoch: 1 pq: 1 rg: 9 | total time: 53.11m | eta: 54.4m
step 00747/01500 (49.80%) | loss: 4.815748 | lrm: 0.78 | dt: 4283.87ms | tok/sec: 15,298 | bf16_mfu: 1.18 | epoch: 1 pq: 1 rg: 9 | total time: 53.18m | eta: 54.3m
step 00748/01500 (49.87%) | loss: 4.805418 | lrm: 0.78 | dt: 4311.56ms | tok/sec: 15,200 | bf16_mfu: 1.17 | epoch: 1 pq: 1 rg: 10 | total time: 53.26m | eta: 54.3m
step 00749/01500 (49.93%) | loss: 4.803184 | lrm: 0.78 | dt: 4245.50ms | tok/sec: 15,436 | bf16_mfu: 1.19 | epoch: 1 pq: 1 rg: 10 | total time: 53.33m | eta: 54.2m
step 00750/01500 (50.00%) | loss: 4.807392 | lrm: 0.78 | dt: 5163.60ms | tok/sec: 12,691 | bf16_mfu: 0.97 | epoch: 1 pq: 1 rg: 10 | total time: 53.41m | eta: 54.1m
step 00751/01500 (50.07%) | loss: 4.812164 | lrm: 0.78 | dt: 4276.22ms | tok/sec: 15,325 | bf16_mfu: 1.18 | epoch: 1 pq: 1 rg: 10 | total time: 53.48m | eta: 54.1m
step 00752/01500 (50.13%) | loss: 4.804900 | lrm: 0.78 | dt: 4264.51ms | tok/sec: 15,367 | bf16_mfu: 1.18 | epoch: 1 pq: 1 rg: 10 | total time: 53.56m | eta: 54.0m
step 00753/01500 (50.20%) | loss: 4.805842 | lrm: 0.78 | dt: 4278.52ms | tok/sec: 15,317 | bf16_mfu: 1.18 | epoch: 1 pq: 1 rg: 10 | total time: 53.63m | eta: 53.9m
step 00754/01500 (50.27%) | loss: 4.802073 | lrm: 0.78 | dt: 4285.68ms | tok/sec: 15,291 | bf16_mfu: 1.17 | epoch: 1 pq: 1 rg: 10 | total time: 53.70m | eta: 53.8m
step 00755/01500 (50.33%) | loss: 4.794764 | lrm: 0.78 | dt: 4303.16ms | tok/sec: 15,229 | bf16_mfu: 1.17 | epoch: 1 pq: 1 rg: 10 | total time: 53.77m | eta: 53.8m
step 00756/01500 (50.40%) | loss: 4.798364 | lrm: 0.77 | dt: 4299.28ms | tok/sec: 15,243 | bf16_mfu: 1.17 | epoch: 1 pq: 1 rg: 11 | total time: 53.84m | eta: 53.7m
step 00757/01500 (50.47%) | loss: 4.804040 | lrm: 0.77 | dt: 4286.59ms | tok/sec: 15,288 | bf16_mfu: 1.17 | epoch: 1 pq: 1 rg: 11 | total time: 53.91m | eta: 53.6m
step 00758/01500 (50.53%) | loss: 4.814088 | lrm: 0.77 | dt: 4266.45ms | tok/sec: 15,360 | bf16_mfu: 1.18 | epoch: 1 pq: 1 rg: 11 | total time: 53.98m | eta: 53.6m
step 00759/01500 (50.60%) | loss: 4.814630 | lrm: 0.77 | dt: 4256.92ms | tok/sec: 15,395 | bf16_mfu: 1.18 | epoch: 1 pq: 1 rg: 11 | total time: 54.05m | eta: 53.5m
step 00760/01500 (50.67%) | loss: 4.809108 | lrm: 0.77 | dt: 4295.30ms | tok/sec: 15,257 | bf16_mfu: 1.17 | epoch: 1 pq: 1 rg: 11 | total time: 54.13m | eta: 53.4m
step 00761/01500 (50.73%) | loss: 4.803404 | lrm: 0.77 | dt: 4312.29ms | tok/sec: 15,197 | bf16_mfu: 1.17 | epoch: 1 pq: 1 rg: 11 | total time: 54.20m | eta: 53.3m
step 00762/01500 (50.80%) | loss: 4.818779 | lrm: 0.77 | dt: 4292.69ms | tok/sec: 15,266 | bf16_mfu: 1.17 | epoch: 1 pq: 1 rg: 11 | total time: 54.27m | eta: 53.3m
step 00763/01500 (50.87%) | loss: 4.823322 | lrm: 0.77 | dt: 4298.61ms | tok/sec: 15,245 | bf16_mfu: 1.17 | epoch: 1 pq: 1 rg: 11 | total time: 54.34m | eta: 53.2m
step 00764/01500 (50.93%) | loss: 4.824184 | lrm: 0.77 | dt: 4275.26ms | tok/sec: 15,329 | bf16_mfu: 1.18 | epoch: 1 pq: 1 rg: 11 | total time: 54.41m | eta: 53.1m
step 00765/01500 (51.00%) | loss: 4.835316 | lrm: 0.77 | dt: 4297.40ms | tok/sec: 15,250 | bf16_mfu: 1.17 | epoch: 1 pq: 1 rg: 12 | total time: 54.48m | eta: 53.0m
step 00766/01500 (51.07%) | loss: 4.837226 | lrm: 0.77 | dt: 4274.78ms | tok/sec: 15,330 | bf16_mfu: 1.18 | epoch: 1 pq: 1 rg: 12 | total time: 54.56m | eta: 53.0m
step 00767/01500 (51.13%) | loss: 4.829800 | lrm: 0.76 | dt: 4268.27ms | tok/sec: 15,354 | bf16_mfu: 1.18 | epoch: 1 pq: 1 rg: 12 | total time: 54.63m | eta: 52.9m
step 00768/01500 (51.20%) | loss: 4.830885 | lrm: 0.76 | dt: 4282.47ms | tok/sec: 15,303 | bf16_mfu: 1.18 | epoch: 1 pq: 1 rg: 12 | total time: 54.70m | eta: 52.8m
step 00769/01500 (51.27%) | loss: 4.826533 | lrm: 0.76 | dt: 4296.52ms | tok/sec: 15,253 | bf16_mfu: 1.17 | epoch: 1 pq: 1 rg: 12 | total time: 54.77m | eta: 52.7m
step 00770/01500 (51.33%) | loss: 4.824559 | lrm: 0.76 | dt: 4279.00ms | tok/sec: 15,315 | bf16_mfu: 1.18 | epoch: 1 pq: 1 rg: 12 | total time: 54.84m | eta: 52.7m
step 00771/01500 (51.40%) | loss: 4.831897 | lrm: 0.76 | dt: 4332.14ms | tok/sec: 15,127 | bf16_mfu: 1.16 | epoch: 1 pq: 1 rg: 12 | total time: 54.91m | eta: 52.6m
step 00772/01500 (51.47%) | loss: 4.807927 | lrm: 0.76 | dt: 4304.62ms | tok/sec: 15,224 | bf16_mfu: 1.17 | epoch: 1 pq: 1 rg: 12 | total time: 54.99m | eta: 52.5m
step 00773/01500 (51.53%) | loss: 4.809867 | lrm: 0.76 | dt: 4288.62ms | tok/sec: 15,281 | bf16_mfu: 1.17 | epoch: 1 pq: 1 rg: 13 | total time: 55.06m | eta: 52.5m
step 00774/01500 (51.60%) | loss: 4.817234 | lrm: 0.76 | dt: 4294.28ms | tok/sec: 15,261 | bf16_mfu: 1.17 | epoch: 1 pq: 1 rg: 13 | total time: 55.13m | eta: 52.4m
step 00775/01500 (51.67%) | loss: 4.825501 | lrm: 0.76 | dt: 4325.46ms | tok/sec: 15,151 | bf16_mfu: 1.16 | epoch: 1 pq: 1 rg: 13 | total time: 55.20m | eta: 52.3m
step 00776/01500 (51.73%) | loss: 4.826648 | lrm: 0.76 | dt: 4330.38ms | tok/sec: 15,133 | bf16_mfu: 1.16 | epoch: 1 pq: 1 rg: 13 | total time: 55.27m | eta: 52.2m
step 00777/01500 (51.80%) | loss: 4.815194 | lrm: 0.75 | dt: 4295.22ms | tok/sec: 15,257 | bf16_mfu: 1.17 | epoch: 1 pq: 1 rg: 13 | total time: 55.34m | eta: 52.2m
step 00778/01500 (51.87%) | loss: 4.803042 | lrm: 0.75 | dt: 4266.01ms | tok/sec: 15,362 | bf16_mfu: 1.18 | epoch: 1 pq: 1 rg: 13 | total time: 55.42m | eta: 52.1m
step 00779/01500 (51.93%) | loss: 4.803592 | lrm: 0.75 | dt: 4271.45ms | tok/sec: 15,342 | bf16_mfu: 1.18 | epoch: 1 pq: 1 rg: 13 | total time: 55.49m | eta: 52.0m
step 00780/01500 (52.00%) | loss: 4.789453 | lrm: 0.75 | dt: 4309.89ms | tok/sec: 15,205 | bf16_mfu: 1.17 | epoch: 1 pq: 1 rg: 13 | total time: 55.56m | eta: 52.0m
step 00781/01500 (52.07%) | loss: 4.789552 | lrm: 0.75 | dt: 4323.77ms | tok/sec: 15,157 | bf16_mfu: 1.16 | epoch: 1 pq: 1 rg: 14 | total time: 55.63m | eta: 51.9m
step 00782/01500 (52.13%) | loss: 4.785568 | lrm: 0.75 | dt: 4300.61ms | tok/sec: 15,238 | bf16_mfu: 1.17 | epoch: 1 pq: 1 rg: 14 | total time: 55.70m | eta: 51.8m
step 00783/01500 (52.20%) | loss: 4.780597 | lrm: 0.75 | dt: 4326.64ms | tok/sec: 15,147 | bf16_mfu: 1.16 | epoch: 1 pq: 1 rg: 14 | total time: 55.77m | eta: 51.7m
step 00784/01500 (52.27%) | loss: 4.775119 | lrm: 0.75 | dt: 4304.73ms | tok/sec: 15,224 | bf16_mfu: 1.17 | epoch: 1 pq: 1 rg: 14 | total time: 55.85m | eta: 51.7m
step 00785/01500 (52.33%) | loss: 4.779679 | lrm: 0.75 | dt: 4304.35ms | tok/sec: 15,225 | bf16_mfu: 1.17 | epoch: 1 pq: 1 rg: 14 | total time: 55.92m | eta: 51.6m
step 00786/01500 (52.40%) | loss: 4.783438 | lrm: 0.75 | dt: 4298.29ms | tok/sec: 15,246 | bf16_mfu: 1.17 | epoch: 1 pq: 1 rg: 14 | total time: 55.99m | eta: 51.5m
step 00787/01500 (52.47%) | loss: 4.773468 | lrm: 0.74 | dt: 4290.80ms | tok/sec: 15,273 | bf16_mfu: 1.17 | epoch: 1 pq: 1 rg: 14 | total time: 56.06m | eta: 51.4m
step 00788/01500 (52.53%) | loss: 4.780738 | lrm: 0.74 | dt: 4260.99ms | tok/sec: 15,380 | bf16_mfu: 1.18 | epoch: 1 pq: 1 rg: 14 | total time: 56.13m | eta: 51.4m
step 00789/01500 (52.60%) | loss: 4.772577 | lrm: 0.74 | dt: 4313.45ms | tok/sec: 15,193 | bf16_mfu: 1.17 | epoch: 1 pq: 1 rg: 15 | total time: 56.20m | eta: 51.3m
step 00790/01500 (52.67%) | loss: 4.769710 | lrm: 0.74 | dt: 4316.80ms | tok/sec: 15,181 | bf16_mfu: 1.17 | epoch: 1 pq: 1 rg: 15 | total time: 56.28m | eta: 51.2m
step 00791/01500 (52.73%) | loss: 4.773830 | lrm: 0.74 | dt: 4296.97ms | tok/sec: 15,251 | bf16_mfu: 1.17 | epoch: 1 pq: 1 rg: 15 | total time: 56.35m | eta: 51.2m
step 00792/01500 (52.80%) | loss: 4.784938 | lrm: 0.74 | dt: 4271.47ms | tok/sec: 15,342 | bf16_mfu: 1.18 | epoch: 1 pq: 1 rg: 15 | total time: 56.42m | eta: 51.1m
step 00793/01500 (52.87%) | loss: 4.781135 | lrm: 0.74 | dt: 4329.13ms | tok/sec: 15,138 | bf16_mfu: 1.16 | epoch: 1 pq: 1 rg: 15 | total time: 56.49m | eta: 51.0m
step 00794/01500 (52.93%) | loss: 4.765515 | lrm: 0.74 | dt: 4285.06ms | tok/sec: 15,294 | bf16_mfu: 1.17 | epoch: 1 pq: 1 rg: 15 | total time: 56.56m | eta: 50.9m
step 00795/01500 (53.00%) | loss: 4.767648 | lrm: 0.74 | dt: 4303.20ms | tok/sec: 15,229 | bf16_mfu: 1.17 | epoch: 1 pq: 1 rg: 15 | total time: 56.63m | eta: 50.9m
step 00796/01500 (53.07%) | loss: 4.761867 | lrm: 0.74 | dt: 4277.07ms | tok/sec: 15,322 | bf16_mfu: 1.18 | epoch: 1 pq: 1 rg: 15 | total time: 56.70m | eta: 50.8m
step 00797/01500 (53.13%) | loss: 4.769746 | lrm: 0.73 | dt: 4296.25ms | tok/sec: 15,254 | bf16_mfu: 1.17 | epoch: 1 pq: 1 rg: 16 | total time: 56.78m | eta: 50.7m
step 00798/01500 (53.20%) | loss: 4.754979 | lrm: 0.73 | dt: 4291.82ms | tok/sec: 15,269 | bf16_mfu: 1.17 | epoch: 1 pq: 1 rg: 16 | total time: 56.85m | eta: 50.6m
step 00799/01500 (53.27%) | loss: 4.760182 | lrm: 0.73 | dt: 4323.74ms | tok/sec: 15,157 | bf16_mfu: 1.16 | epoch: 1 pq: 1 rg: 16 | total time: 56.92m | eta: 50.6m
step 00800/01500 (53.33%) | loss: 4.758225 | lrm: 0.73 | dt: 5208.19ms | tok/sec: 12,583 | bf16_mfu: 0.97 | epoch: 1 pq: 1 rg: 16 | total time: 57.01m | eta: 50.5m
step 00801/01500 (53.40%) | loss: 4.764580 | lrm: 0.73 | dt: 4269.14ms | tok/sec: 15,351 | bf16_mfu: 1.18 | epoch: 1 pq: 1 rg: 16 | total time: 57.08m | eta: 50.4m
step 00802/01500 (53.47%) | loss: 4.762426 | lrm: 0.73 | dt: 4308.12ms | tok/sec: 15,212 | bf16_mfu: 1.17 | epoch: 1 pq: 1 rg: 16 | total time: 57.15m | eta: 50.4m
step 00803/01500 (53.53%) | loss: 4.764576 | lrm: 0.73 | dt: 4296.90ms | tok/sec: 15,251 | bf16_mfu: 1.17 | epoch: 1 pq: 1 rg: 16 | total time: 57.22m | eta: 50.3m
step 00804/01500 (53.60%) | loss: 4.758970 | lrm: 0.73 | dt: 4311.24ms | tok/sec: 15,201 | bf16_mfu: 1.17 | epoch: 1 pq: 1 rg: 16 | total time: 57.29m | eta: 50.2m
step 00805/01500 (53.67%) | loss: 4.775608 | lrm: 0.73 | dt: 4287.14ms | tok/sec: 15,286 | bf16_mfu: 1.17 | epoch: 1 pq: 1 rg: 16 | total time: 57.36m | eta: 50.1m
step 00806/01500 (53.73%) | loss: 4.780504 | lrm: 0.73 | dt: 4351.55ms | tok/sec: 15,060 | bf16_mfu: 1.16 | epoch: 1 pq: 1 rg: 17 | total time: 57.44m | eta: 50.1m
step 00807/01500 (53.80%) | loss: 4.776880 | lrm: 0.73 | dt: 4321.14ms | tok/sec: 15,166 | bf16_mfu: 1.16 | epoch: 1 pq: 1 rg: 17 | total time: 57.51m | eta: 50.0m
step 00808/01500 (53.87%) | loss: 4.785916 | lrm: 0.72 | dt: 4273.67ms | tok/sec: 15,334 | bf16_mfu: 1.18 | epoch: 1 pq: 1 rg: 17 | total time: 57.58m | eta: 49.9m
step 00809/01500 (53.93%) | loss: 4.795921 | lrm: 0.72 | dt: 4281.12ms | tok/sec: 15,308 | bf16_mfu: 1.18 | epoch: 1 pq: 1 rg: 17 | total time: 57.65m | eta: 49.9m
step 00810/01500 (54.00%) | loss: 4.805033 | lrm: 0.72 | dt: 4250.04ms | tok/sec: 15,420 | bf16_mfu: 1.18 | epoch: 1 pq: 1 rg: 17 | total time: 57.72m | eta: 49.8m
step 00811/01500 (54.07%) | loss: 4.810172 | lrm: 0.72 | dt: 4421.54ms | tok/sec: 14,821 | bf16_mfu: 1.14 | epoch: 1 pq: 1 rg: 17 | total time: 57.80m | eta: 49.7m
step 00812/01500 (54.13%) | loss: 4.807338 | lrm: 0.72 | dt: 4316.37ms | tok/sec: 15,183 | bf16_mfu: 1.17 | epoch: 1 pq: 1 rg: 17 | total time: 57.87m | eta: 49.6m
step 00813/01500 (54.20%) | loss: 4.813485 | lrm: 0.72 | dt: 4350.01ms | tok/sec: 15,065 | bf16_mfu: 1.16 | epoch: 1 pq: 1 rg: 17 | total time: 57.94m | eta: 49.6m
step 00814/01500 (54.27%) | loss: 4.827936 | lrm: 0.72 | dt: 4316.06ms | tok/sec: 15,184 | bf16_mfu: 1.17 | epoch: 1 pq: 1 rg: 18 | total time: 58.01m | eta: 49.5m
step 00815/01500 (54.33%) | loss: 4.833470 | lrm: 0.72 | dt: 4307.88ms | tok/sec: 15,213 | bf16_mfu: 1.17 | epoch: 1 pq: 1 rg: 18 | total time: 58.08m | eta: 49.4m
step 00816/01500 (54.40%) | loss: 4.836387 | lrm: 0.72 | dt: 4271.08ms | tok/sec: 15,344 | bf16_mfu: 1.18 | epoch: 1 pq: 1 rg: 18 | total time: 58.16m | eta: 49.4m
step 00817/01500 (54.47%) | loss: 4.831694 | lrm: 0.72 | dt: 4269.37ms | tok/sec: 15,350 | bf16_mfu: 1.18 | epoch: 1 pq: 1 rg: 18 | total time: 58.23m | eta: 49.3m
step 00818/01500 (54.53%) | loss: 4.824141 | lrm: 0.71 | dt: 4307.47ms | tok/sec: 15,214 | bf16_mfu: 1.17 | epoch: 1 pq: 1 rg: 18 | total time: 58.30m | eta: 49.2m
step 00819/01500 (54.60%) | loss: 4.824372 | lrm: 0.71 | dt: 4257.79ms | tok/sec: 15,392 | bf16_mfu: 1.18 | epoch: 1 pq: 1 rg: 18 | total time: 58.37m | eta: 49.1m
step 00820/01500 (54.67%) | loss: 4.817012 | lrm: 0.71 | dt: 4308.57ms | tok/sec: 15,210 | bf16_mfu: 1.17 | epoch: 1 pq: 1 rg: 18 | total time: 58.44m | eta: 49.1m
step 00821/01500 (54.73%) | loss: 4.818701 | lrm: 0.71 | dt: 4285.58ms | tok/sec: 15,292 | bf16_mfu: 1.17 | epoch: 1 pq: 1 rg: 18 | total time: 58.51m | eta: 49.0m
step 00822/01500 (54.80%) | loss: 4.816812 | lrm: 0.71 | dt: 4303.89ms | tok/sec: 15,227 | bf16_mfu: 1.17 | epoch: 1 pq: 1 rg: 19 | total time: 58.58m | eta: 48.9m
step 00823/01500 (54.87%) | loss: 4.812041 | lrm: 0.71 | dt: 4288.74ms | tok/sec: 15,280 | bf16_mfu: 1.17 | epoch: 1 pq: 1 rg: 19 | total time: 58.66m | eta: 48.8m
step 00824/01500 (54.93%) | loss: 4.813206 | lrm: 0.71 | dt: 4291.43ms | tok/sec: 15,271 | bf16_mfu: 1.17 | epoch: 1 pq: 1 rg: 19 | total time: 58.73m | eta: 48.8m
step 00825/01500 (55.00%) | loss: 4.817391 | lrm: 0.71 | dt: 4360.05ms | tok/sec: 15,031 | bf16_mfu: 1.15 | epoch: 1 pq: 1 rg: 19 | total time: 58.80m | eta: 48.7m
step 00826/01500 (55.07%) | loss: 4.813320 | lrm: 0.71 | dt: 4312.50ms | tok/sec: 15,196 | bf16_mfu: 1.17 | epoch: 1 pq: 1 rg: 19 | total time: 58.87m | eta: 48.6m
step 00827/01500 (55.13%) | loss: 4.812361 | lrm: 0.71 | dt: 4296.03ms | tok/sec: 15,255 | bf16_mfu: 1.17 | epoch: 1 pq: 1 rg: 19 | total time: 58.94m | eta: 48.6m
step 00828/01500 (55.20%) | loss: 4.804725 | lrm: 0.70 | dt: 4313.54ms | tok/sec: 15,193 | bf16_mfu: 1.17 | epoch: 1 pq: 1 rg: 19 | total time: 59.02m | eta: 48.5m
step 00829/01500 (55.27%) | loss: 4.820029 | lrm: 0.70 | dt: 4344.62ms | tok/sec: 15,084 | bf16_mfu: 1.16 | epoch: 1 pq: 1 rg: 19 | total time: 59.09m | eta: 48.4m
step 00830/01500 (55.33%) | loss: 4.818902 | lrm: 0.70 | dt: 4324.29ms | tok/sec: 15,155 | bf16_mfu: 1.16 | epoch: 1 pq: 1 rg: 20 | total time: 59.16m | eta: 48.3m
step 00831/01500 (55.40%) | loss: 4.815900 | lrm: 0.70 | dt: 4286.82ms | tok/sec: 15,287 | bf16_mfu: 1.17 | epoch: 1 pq: 1 rg: 20 | total time: 59.23m | eta: 48.3m
step 00832/01500 (55.47%) | loss: 4.832121 | lrm: 0.70 | dt: 4303.84ms | tok/sec: 15,227 | bf16_mfu: 1.17 | epoch: 1 pq: 1 rg: 20 | total time: 59.30m | eta: 48.2m
step 00833/01500 (55.53%) | loss: 4.824908 | lrm: 0.70 | dt: 4302.34ms | tok/sec: 15,232 | bf16_mfu: 1.17 | epoch: 1 pq: 1 rg: 20 | total time: 59.38m | eta: 48.1m
step 00834/01500 (55.60%) | loss: 4.812313 | lrm: 0.70 | dt: 4267.22ms | tok/sec: 15,358 | bf16_mfu: 1.18 | epoch: 1 pq: 1 rg: 20 | total time: 59.45m | eta: 48.0m
step 00835/01500 (55.67%) | loss: 4.806265 | lrm: 0.70 | dt: 4284.42ms | tok/sec: 15,296 | bf16_mfu: 1.17 | epoch: 1 pq: 1 rg: 20 | total time: 59.52m | eta: 48.0m
step 00836/01500 (55.73%) | loss: 4.789086 | lrm: 0.70 | dt: 4269.94ms | tok/sec: 15,348 | bf16_mfu: 1.18 | epoch: 1 pq: 1 rg: 20 | total time: 59.59m | eta: 47.9m
step 00837/01500 (55.80%) | loss: 4.772414 | lrm: 0.70 | dt: 4284.53ms | tok/sec: 15,295 | bf16_mfu: 1.17 | epoch: 1 pq: 1 rg: 20 | total time: 59.66m | eta: 47.8m
step 00838/01500 (55.87%) | loss: 4.761840 | lrm: 0.70 | dt: 4368.97ms | tok/sec: 15,000 | bf16_mfu: 1.15 | epoch: 1 pq: 1 rg: 21 | total time: 59.73m | eta: 47.8m
step 00839/01500 (55.93%) | loss: 4.757845 | lrm: 0.69 | dt: 4332.83ms | tok/sec: 15,125 | bf16_mfu: 1.16 | epoch: 1 pq: 1 rg: 21 | total time: 59.81m | eta: 47.7m
step 00840/01500 (56.00%) | loss: 4.759042 | lrm: 0.69 | dt: 4291.10ms | tok/sec: 15,272 | bf16_mfu: 1.17 | epoch: 1 pq: 1 rg: 21 | total time: 59.88m | eta: 47.6m
step 00841/01500 (56.07%) | loss: 4.747987 | lrm: 0.69 | dt: 4344.94ms | tok/sec: 15,083 | bf16_mfu: 1.16 | epoch: 1 pq: 1 rg: 21 | total time: 59.95m | eta: 47.5m
step 00842/01500 (56.13%) | loss: 4.752323 | lrm: 0.69 | dt: 4295.47ms | tok/sec: 15,257 | bf16_mfu: 1.17 | epoch: 1 pq: 1 rg: 21 | total time: 60.02m | eta: 47.5m
step 00843/01500 (56.20%) | loss: 4.760541 | lrm: 0.69 | dt: 4309.74ms | tok/sec: 15,206 | bf16_mfu: 1.17 | epoch: 1 pq: 1 rg: 21 | total time: 60.09m | eta: 47.4m
step 00844/01500 (56.27%) | loss: 4.767297 | lrm: 0.69 | dt: 4277.44ms | tok/sec: 15,321 | bf16_mfu: 1.18 | epoch: 1 pq: 1 rg: 21 | total time: 60.16m | eta: 47.3m
step 00845/01500 (56.33%) | loss: 4.778472 | lrm: 0.69 | dt: 4316.66ms | tok/sec: 15,182 | bf16_mfu: 1.17 | epoch: 1 pq: 1 rg: 21 | total time: 60.24m | eta: 47.3m
step 00846/01500 (56.40%) | loss: 4.771889 | lrm: 0.69 | dt: 4317.43ms | tok/sec: 15,179 | bf16_mfu: 1.17 | epoch: 1 pq: 1 rg: 21 | total time: 60.31m | eta: 47.2m
step 00847/01500 (56.47%) | loss: 4.774655 | lrm: 0.69 | dt: 4301.88ms | tok/sec: 15,234 | bf16_mfu: 1.17 | epoch: 1 pq: 1 rg: 22 | total time: 60.38m | eta: 47.1m
step 00848/01500 (56.53%) | loss: 4.786290 | lrm: 0.69 | dt: 4309.53ms | tok/sec: 15,207 | bf16_mfu: 1.17 | epoch: 1 pq: 1 rg: 22 | total time: 60.45m | eta: 47.0m
step 00849/01500 (56.60%) | loss: 4.780999 | lrm: 0.68 | dt: 4281.84ms | tok/sec: 15,305 | bf16_mfu: 1.18 | epoch: 1 pq: 1 rg: 22 | total time: 60.52m | eta: 47.0m
step 00850/01500 (56.67%) | loss: 4.795932 | lrm: 0.68 | dt: 5228.22ms | tok/sec: 12,535 | bf16_mfu: 0.96 | epoch: 1 pq: 1 rg: 22 | total time: 60.61m | eta: 46.9m
step 00851/01500 (56.73%) | loss: 4.796558 | lrm: 0.68 | dt: 4278.79ms | tok/sec: 15,316 | bf16_mfu: 1.18 | epoch: 1 pq: 1 rg: 22 | total time: 60.68m | eta: 46.8m
step 00852/01500 (56.80%) | loss: 4.793576 | lrm: 0.68 | dt: 4281.74ms | tok/sec: 15,305 | bf16_mfu: 1.18 | epoch: 1 pq: 1 rg: 22 | total time: 60.75m | eta: 46.8m
step 00853/01500 (56.87%) | loss: 4.787850 | lrm: 0.68 | dt: 4252.74ms | tok/sec: 15,410 | bf16_mfu: 1.18 | epoch: 1 pq: 1 rg: 22 | total time: 60.82m | eta: 46.7m
step 00854/01500 (56.93%) | loss: 4.784466 | lrm: 0.68 | dt: 4268.54ms | tok/sec: 15,353 | bf16_mfu: 1.18 | epoch: 1 pq: 1 rg: 22 | total time: 60.89m | eta: 46.6m
step 00855/01500 (57.00%) | loss: 4.780355 | lrm: 0.68 | dt: 4280.21ms | tok/sec: 15,311 | bf16_mfu: 1.18 | epoch: 1 pq: 1 rg: 23 | total time: 60.97m | eta: 46.5m
step 00856/01500 (57.07%) | loss: 4.780214 | lrm: 0.68 | dt: 4262.84ms | tok/sec: 15,373 | bf16_mfu: 1.18 | epoch: 1 pq: 1 rg: 23 | total time: 61.04m | eta: 46.5m
step 00857/01500 (57.13%) | loss: 4.763588 | lrm: 0.68 | dt: 4295.53ms | tok/sec: 15,256 | bf16_mfu: 1.17 | epoch: 1 pq: 1 rg: 23 | total time: 61.11m | eta: 46.4m
step 00858/01500 (57.20%) | loss: 4.761743 | lrm: 0.68 | dt: 4281.35ms | tok/sec: 15,307 | bf16_mfu: 1.18 | epoch: 1 pq: 1 rg: 23 | total time: 61.18m | eta: 46.3m
step 00859/01500 (57.27%) | loss: 4.744860 | lrm: 0.67 | dt: 4276.55ms | tok/sec: 15,324 | bf16_mfu: 1.18 | epoch: 1 pq: 1 rg: 23 | total time: 61.25m | eta: 46.2m
step 00860/01500 (57.33%) | loss: 4.732744 | lrm: 0.67 | dt: 4308.22ms | tok/sec: 15,211 | bf16_mfu: 1.17 | epoch: 1 pq: 1 rg: 23 | total time: 61.32m | eta: 46.2m
step 00861/01500 (57.40%) | loss: 4.720450 | lrm: 0.67 | dt: 4329.26ms | tok/sec: 15,137 | bf16_mfu: 1.16 | epoch: 1 pq: 1 rg: 23 | total time: 61.39m | eta: 46.1m
step 00862/01500 (57.47%) | loss: 4.715209 | lrm: 0.67 | dt: 4248.75ms | tok/sec: 15,424 | bf16_mfu: 1.18 | epoch: 1 pq: 1 rg: 23 | total time: 61.47m | eta: 46.0m
step 00863/01500 (57.53%) | loss: 4.718682 | lrm: 0.67 | dt: 4284.87ms | tok/sec: 15,294 | bf16_mfu: 1.17 | epoch: 1 pq: 1 rg: 24 | total time: 61.54m | eta: 46.0m
step 00864/01500 (57.60%) | loss: 4.710365 | lrm: 0.67 | dt: 4285.14ms | tok/sec: 15,293 | bf16_mfu: 1.17 | epoch: 1 pq: 1 rg: 24 | total time: 61.61m | eta: 45.9m
step 00865/01500 (57.67%) | loss: 4.716141 | lrm: 0.67 | dt: 4267.42ms | tok/sec: 15,357 | bf16_mfu: 1.18 | epoch: 1 pq: 1 rg: 24 | total time: 61.68m | eta: 45.8m
step 00866/01500 (57.73%) | loss: 4.715736 | lrm: 0.67 | dt: 4298.35ms | tok/sec: 15,246 | bf16_mfu: 1.17 | epoch: 1 pq: 1 rg: 24 | total time: 61.75m | eta: 45.7m
step 00867/01500 (57.80%) | loss: 4.728908 | lrm: 0.67 | dt: 4331.72ms | tok/sec: 15,129 | bf16_mfu: 1.16 | epoch: 1 pq: 1 rg: 24 | total time: 61.82m | eta: 45.7m
step 00868/01500 (57.87%) | loss: 4.721975 | lrm: 0.67 | dt: 4269.54ms | tok/sec: 15,349 | bf16_mfu: 1.18 | epoch: 1 pq: 1 rg: 24 | total time: 61.89m | eta: 45.6m
step 00869/01500 (57.93%) | loss: 4.730851 | lrm: 0.66 | dt: 4264.94ms | tok/sec: 15,366 | bf16_mfu: 1.18 | epoch: 1 pq: 1 rg: 24 | total time: 61.97m | eta: 45.5m
step 00870/01500 (58.00%) | loss: 4.742030 | lrm: 0.66 | dt: 4275.38ms | tok/sec: 15,328 | bf16_mfu: 1.18 | epoch: 1 pq: 1 rg: 24 | total time: 62.04m | eta: 45.4m
step 00871/01500 (58.07%) | loss: 4.762709 | lrm: 0.66 | dt: 4248.49ms | tok/sec: 15,425 | bf16_mfu: 1.18 | epoch: 1 pq: 1 rg: 24 | total time: 62.11m | eta: 45.4m
step 00872/01500 (58.13%) | loss: 4.763502 | lrm: 0.66 | dt: 4288.90ms | tok/sec: 15,280 | bf16_mfu: 1.17 | epoch: 1 pq: 1 rg: 25 | total time: 62.18m | eta: 45.3m
step 00873/01500 (58.20%) | loss: 4.750342 | lrm: 0.66 | dt: 4270.05ms | tok/sec: 15,347 | bf16_mfu: 1.18 | epoch: 1 pq: 1 rg: 25 | total time: 62.25m | eta: 45.2m
step 00874/01500 (58.27%) | loss: 4.769554 | lrm: 0.66 | dt: 4286.57ms | tok/sec: 15,288 | bf16_mfu: 1.17 | epoch: 1 pq: 1 rg: 25 | total time: 62.32m | eta: 45.2m
step 00875/01500 (58.33%) | loss: 4.764095 | lrm: 0.66 | dt: 4289.53ms | tok/sec: 15,278 | bf16_mfu: 1.17 | epoch: 1 pq: 1 rg: 25 | total time: 62.39m | eta: 45.1m
step 00876/01500 (58.40%) | loss: 4.776917 | lrm: 0.66 | dt: 4276.38ms | tok/sec: 15,325 | bf16_mfu: 1.18 | epoch: 1 pq: 1 rg: 25 | total time: 62.46m | eta: 45.0m
step 00877/01500 (58.47%) | loss: 4.775142 | lrm: 0.66 | dt: 4308.61ms | tok/sec: 15,210 | bf16_mfu: 1.17 | epoch: 1 pq: 1 rg: 25 | total time: 62.54m | eta: 44.9m
step 00878/01500 (58.53%) | loss: 4.791057 | lrm: 0.66 | dt: 4284.01ms | tok/sec: 15,297 | bf16_mfu: 1.18 | epoch: 1 pq: 1 rg: 25 | total time: 62.61m | eta: 44.9m
step 00879/01500 (58.60%) | loss: 4.787716 | lrm: 0.66 | dt: 4288.03ms | tok/sec: 15,283 | bf16_mfu: 1.17 | epoch: 1 pq: 1 rg: 25 | total time: 62.68m | eta: 44.8m
step 00880/01500 (58.67%) | loss: 4.775827 | lrm: 0.65 | dt: 4273.00ms | tok/sec: 15,337 | bf16_mfu: 1.18 | epoch: 1 pq: 1 rg: 26 | total time: 62.75m | eta: 44.7m
step 00881/01500 (58.73%) | loss: 4.779402 | lrm: 0.65 | dt: 4266.10ms | tok/sec: 15,362 | bf16_mfu: 1.18 | epoch: 1 pq: 1 rg: 26 | total time: 62.82m | eta: 44.6m
step 00882/01500 (58.80%) | loss: 4.783835 | lrm: 0.65 | dt: 4261.38ms | tok/sec: 15,379 | bf16_mfu: 1.18 | epoch: 1 pq: 1 rg: 26 | total time: 62.89m | eta: 44.6m
step 00883/01500 (58.87%) | loss: 4.753050 | lrm: 0.65 | dt: 4300.50ms | tok/sec: 15,239 | bf16_mfu: 1.17 | epoch: 1 pq: 1 rg: 26 | total time: 62.96m | eta: 44.5m
step 00884/01500 (58.93%) | loss: 4.759853 | lrm: 0.65 | dt: 4288.12ms | tok/sec: 15,283 | bf16_mfu: 1.17 | epoch: 1 pq: 1 rg: 26 | total time: 63.04m | eta: 44.4m
step 00885/01500 (59.00%) | loss: 4.766141 | lrm: 0.65 | dt: 4279.19ms | tok/sec: 15,315 | bf16_mfu: 1.18 | epoch: 1 pq: 1 rg: 26 | total time: 63.11m | eta: 44.4m
step 00886/01500 (59.07%) | loss: 4.764671 | lrm: 0.65 | dt: 4297.36ms | tok/sec: 15,250 | bf16_mfu: 1.17 | epoch: 1 pq: 1 rg: 26 | total time: 63.18m | eta: 44.3m
step 00887/01500 (59.13%) | loss: 4.762390 | lrm: 0.65 | dt: 4285.09ms | tok/sec: 15,293 | bf16_mfu: 1.17 | epoch: 1 pq: 1 rg: 26 | total time: 63.25m | eta: 44.2m
step 00888/01500 (59.20%) | loss: 4.761978 | lrm: 0.65 | dt: 4259.76ms | tok/sec: 15,384 | bf16_mfu: 1.18 | epoch: 1 pq: 1 rg: 27 | total time: 63.32m | eta: 44.1m
step 00889/01500 (59.27%) | loss: 4.775631 | lrm: 0.65 | dt: 4277.54ms | tok/sec: 15,320 | bf16_mfu: 1.18 | epoch: 1 pq: 1 rg: 27 | total time: 63.39m | eta: 44.1m
step 00890/01500 (59.33%) | loss: 4.759969 | lrm: 0.64 | dt: 4281.55ms | tok/sec: 15,306 | bf16_mfu: 1.18 | epoch: 1 pq: 1 rg: 27 | total time: 63.46m | eta: 44.0m
step 00891/01500 (59.40%) | loss: 4.752300 | lrm: 0.64 | dt: 4277.48ms | tok/sec: 15,321 | bf16_mfu: 1.18 | epoch: 1 pq: 1 rg: 27 | total time: 63.54m | eta: 43.9m
step 00892/01500 (59.47%) | loss: 4.748381 | lrm: 0.64 | dt: 4295.32ms | tok/sec: 15,257 | bf16_mfu: 1.17 | epoch: 1 pq: 1 rg: 27 | total time: 63.61m | eta: 43.8m
step 00893/01500 (59.53%) | loss: 4.737692 | lrm: 0.64 | dt: 4317.05ms | tok/sec: 15,180 | bf16_mfu: 1.17 | epoch: 1 pq: 1 rg: 27 | total time: 63.68m | eta: 43.8m
step 00894/01500 (59.60%) | loss: 4.741392 | lrm: 0.64 | dt: 4260.80ms | tok/sec: 15,381 | bf16_mfu: 1.18 | epoch: 1 pq: 1 rg: 27 | total time: 63.75m | eta: 43.7m
step 00895/01500 (59.67%) | loss: 4.739856 | lrm: 0.64 | dt: 4264.78ms | tok/sec: 15,366 | bf16_mfu: 1.18 | epoch: 1 pq: 1 rg: 27 | total time: 63.82m | eta: 43.6m
step 00896/01500 (59.73%) | loss: 4.740672 | lrm: 0.64 | dt: 4268.67ms | tok/sec: 15,352 | bf16_mfu: 1.18 | epoch: 1 pq: 1 rg: 28 | total time: 63.89m | eta: 43.6m
step 00897/01500 (59.80%) | loss: 4.739729 | lrm: 0.64 | dt: 4252.59ms | tok/sec: 15,410 | bf16_mfu: 1.18 | epoch: 1 pq: 1 rg: 28 | total time: 63.96m | eta: 43.5m
step 00898/01500 (59.87%) | loss: 4.740891 | lrm: 0.64 | dt: 4286.68ms | tok/sec: 15,288 | bf16_mfu: 1.17 | epoch: 1 pq: 1 rg: 28 | total time: 64.03m | eta: 43.4m
step 00899/01500 (59.93%) | loss: 4.729514 | lrm: 0.64 | dt: 4289.59ms | tok/sec: 15,277 | bf16_mfu: 1.17 | epoch: 1 pq: 1 rg: 28 | total time: 64.11m | eta: 43.3m
step 00900/01500 (60.00%) | loss: 4.723542 | lrm: 0.63 | dt: 5131.28ms | tok/sec: 12,771 | bf16_mfu: 0.98 | epoch: 1 pq: 1 rg: 28 | total time: 64.19m | eta: 43.3m
step 00901/01500 (60.07%) | loss: 4.708161 | lrm: 0.63 | dt: 4270.71ms | tok/sec: 15,345 | bf16_mfu: 1.18 | epoch: 1 pq: 1 rg: 28 | total time: 64.26m | eta: 43.2m
step 00902/01500 (60.13%) | loss: 4.690674 | lrm: 0.63 | dt: 4240.97ms | tok/sec: 15,453 | bf16_mfu: 1.19 | epoch: 1 pq: 1 rg: 28 | total time: 64.33m | eta: 43.1m
step 00903/01500 (60.20%) | loss: 4.704448 | lrm: 0.63 | dt: 4245.72ms | tok/sec: 15,435 | bf16_mfu: 1.19 | epoch: 1 pq: 1 rg: 28 | total time: 64.40m | eta: 43.1m
step 00904/01500 (60.27%) | loss: 4.693989 | lrm: 0.63 | dt: 4282.82ms | tok/sec: 15,302 | bf16_mfu: 1.18 | epoch: 1 pq: 1 rg: 28 | total time: 64.48m | eta: 43.0m
step 00905/01500 (60.33%) | loss: 4.684490 | lrm: 0.63 | dt: 4276.93ms | tok/sec: 15,323 | bf16_mfu: 1.18 | epoch: 1 pq: 1 rg: 29 | total time: 64.55m | eta: 42.9m
step 00906/01500 (60.40%) | loss: 4.696839 | lrm: 0.63 | dt: 4302.93ms | tok/sec: 15,230 | bf16_mfu: 1.17 | epoch: 1 pq: 1 rg: 29 | total time: 64.62m | eta: 42.8m
step 00907/01500 (60.47%) | loss: 4.704560 | lrm: 0.63 | dt: 4276.65ms | tok/sec: 15,324 | bf16_mfu: 1.18 | epoch: 1 pq: 1 rg: 29 | total time: 64.69m | eta: 42.8m
step 00908/01500 (60.53%) | loss: 4.709424 | lrm: 0.63 | dt: 4288.38ms | tok/sec: 15,282 | bf16_mfu: 1.17 | epoch: 1 pq: 1 rg: 29 | total time: 64.76m | eta: 42.7m
step 00909/01500 (60.60%) | loss: 4.726385 | lrm: 0.63 | dt: 4270.55ms | tok/sec: 15,346 | bf16_mfu: 1.18 | epoch: 1 pq: 1 rg: 29 | total time: 64.83m | eta: 42.6m
step 00910/01500 (60.67%) | loss: 4.724719 | lrm: 0.62 | dt: 4277.30ms | tok/sec: 15,321 | bf16_mfu: 1.18 | epoch: 1 pq: 1 rg: 29 | total time: 64.90m | eta: 42.5m
step 00911/01500 (60.73%) | loss: 4.723446 | lrm: 0.62 | dt: 4308.92ms | tok/sec: 15,209 | bf16_mfu: 1.17 | epoch: 1 pq: 1 rg: 29 | total time: 64.98m | eta: 42.5m
step 00912/01500 (60.80%) | loss: 4.734401 | lrm: 0.62 | dt: 4249.15ms | tok/sec: 15,423 | bf16_mfu: 1.18 | epoch: 1 pq: 1 rg: 29 | total time: 65.05m | eta: 42.4m
step 00913/01500 (60.87%) | loss: 4.732683 | lrm: 0.62 | dt: 4273.71ms | tok/sec: 15,334 | bf16_mfu: 1.18 | epoch: 1 pq: 1 rg: 30 | total time: 65.12m | eta: 42.3m
step 00914/01500 (60.93%) | loss: 4.719339 | lrm: 0.62 | dt: 4269.76ms | tok/sec: 15,348 | bf16_mfu: 1.18 | epoch: 1 pq: 1 rg: 30 | total time: 65.19m | eta: 42.3m
step 00915/01500 (61.00%) | loss: 4.725345 | lrm: 0.62 | dt: 4302.73ms | tok/sec: 15,231 | bf16_mfu: 1.17 | epoch: 1 pq: 1 rg: 30 | total time: 65.26m | eta: 42.2m
step 00916/01500 (61.07%) | loss: 4.719872 | lrm: 0.62 | dt: 4316.54ms | tok/sec: 15,182 | bf16_mfu: 1.17 | epoch: 1 pq: 1 rg: 30 | total time: 65.33m | eta: 42.1m
step 00917/01500 (61.13%) | loss: 4.719396 | lrm: 0.62 | dt: 4245.64ms | tok/sec: 15,436 | bf16_mfu: 1.19 | epoch: 1 pq: 1 rg: 30 | total time: 65.40m | eta: 42.0m
step 00918/01500 (61.20%) | loss: 4.719521 | lrm: 0.62 | dt: 4272.87ms | tok/sec: 15,337 | bf16_mfu: 1.18 | epoch: 1 pq: 1 rg: 30 | total time: 65.47m | eta: 42.0m
step 00919/01500 (61.27%) | loss: 4.718951 | lrm: 0.62 | dt: 4254.14ms | tok/sec: 15,405 | bf16_mfu: 1.18 | epoch: 1 pq: 1 rg: 30 | total time: 65.55m | eta: 41.9m
step 00920/01500 (61.33%) | loss: 4.704367 | lrm: 0.62 | dt: 4276.25ms | tok/sec: 15,325 | bf16_mfu: 1.18 | epoch: 1 pq: 1 rg: 30 | total time: 65.62m | eta: 41.8m
step 00921/01500 (61.40%) | loss: 4.707977 | lrm: 0.61 | dt: 4282.77ms | tok/sec: 15,302 | bf16_mfu: 1.18 | epoch: 1 pq: 1 rg: 31 | total time: 65.69m | eta: 41.7m
step 00922/01500 (61.47%) | loss: 4.701837 | lrm: 0.61 | dt: 4284.19ms | tok/sec: 15,297 | bf16_mfu: 1.18 | epoch: 1 pq: 1 rg: 31 | total time: 65.76m | eta: 41.7m
step 00923/01500 (61.53%) | loss: 4.700081 | lrm: 0.61 | dt: 4296.48ms | tok/sec: 15,253 | bf16_mfu: 1.17 | epoch: 1 pq: 1 rg: 31 | total time: 65.83m | eta: 41.6m
step 00924/01500 (61.60%) | loss: 4.698365 | lrm: 0.61 | dt: 4251.68ms | tok/sec: 15,414 | bf16_mfu: 1.18 | epoch: 1 pq: 1 rg: 31 | total time: 65.90m | eta: 41.5m
step 00925/01500 (61.67%) | loss: 4.694596 | lrm: 0.61 | dt: 4296.81ms | tok/sec: 15,252 | bf16_mfu: 1.17 | epoch: 1 pq: 1 rg: 31 | total time: 65.97m | eta: 41.5m
step 00926/01500 (61.73%) | loss: 4.690449 | lrm: 0.61 | dt: 4322.66ms | tok/sec: 15,161 | bf16_mfu: 1.16 | epoch: 1 pq: 1 rg: 31 | total time: 66.05m | eta: 41.4m
step 00927/01500 (61.80%) | loss: 4.691480 | lrm: 0.61 | dt: 4301.99ms | tok/sec: 15,233 | bf16_mfu: 1.17 | epoch: 1 pq: 1 rg: 31 | total time: 66.12m | eta: 41.3m
step 00928/01500 (61.87%) | loss: 4.697862 | lrm: 0.61 | dt: 4262.88ms | tok/sec: 15,373 | bf16_mfu: 1.18 | epoch: 1 pq: 1 rg: 31 | total time: 66.19m | eta: 41.2m
step 00929/01500 (61.93%) | loss: 4.695775 | lrm: 0.61 | dt: 4303.44ms | tok/sec: 15,228 | bf16_mfu: 1.17 | epoch: 1 pq: 1 rg: 32 | total time: 66.26m | eta: 41.2m
step 00930/01500 (62.00%) | loss: 4.697862 | lrm: 0.61 | dt: 4298.48ms | tok/sec: 15,246 | bf16_mfu: 1.17 | epoch: 1 pq: 1 rg: 32 | total time: 66.33m | eta: 41.1m
step 00931/01500 (62.07%) | loss: 4.707162 | lrm: 0.60 | dt: 4248.24ms | tok/sec: 15,426 | bf16_mfu: 1.18 | epoch: 1 pq: 1 rg: 32 | total time: 66.40m | eta: 41.0m
step 00932/01500 (62.13%) | loss: 4.694404 | lrm: 0.60 | dt: 4248.90ms | tok/sec: 15,424 | bf16_mfu: 1.18 | epoch: 1 pq: 1 rg: 32 | total time: 66.47m | eta: 41.0m
step 00933/01500 (62.20%) | loss: 4.694896 | lrm: 0.60 | dt: 4258.18ms | tok/sec: 15,390 | bf16_mfu: 1.18 | epoch: 1 pq: 1 rg: 32 | total time: 66.54m | eta: 40.9m
step 00934/01500 (62.27%) | loss: 4.686447 | lrm: 0.60 | dt: 4259.81ms | tok/sec: 15,384 | bf16_mfu: 1.18 | epoch: 1 pq: 1 rg: 32 | total time: 66.61m | eta: 40.8m
step 00935/01500 (62.33%) | loss: 4.686155 | lrm: 0.60 | dt: 4277.88ms | tok/sec: 15,319 | bf16_mfu: 1.18 | epoch: 1 pq: 1 rg: 32 | total time: 66.69m | eta: 40.7m
step 00936/01500 (62.40%) | loss: 4.702839 | lrm: 0.60 | dt: 4302.20ms | tok/sec: 15,233 | bf16_mfu: 1.17 | epoch: 1 pq: 1 rg: 32 | total time: 66.76m | eta: 40.7m
step 00937/01500 (62.47%) | loss: 4.705337 | lrm: 0.60 | dt: 4266.66ms | tok/sec: 15,360 | bf16_mfu: 1.18 | epoch: 1 pq: 1 rg: 32 | total time: 66.83m | eta: 40.6m
step 00938/01500 (62.53%) | loss: 4.712623 | lrm: 0.60 | dt: 4314.32ms | tok/sec: 15,190 | bf16_mfu: 1.17 | epoch: 1 pq: 1 rg: 33 | total time: 66.90m | eta: 40.5m
step 00939/01500 (62.60%) | loss: 4.718689 | lrm: 0.60 | dt: 4298.38ms | tok/sec: 15,246 | bf16_mfu: 1.17 | epoch: 1 pq: 1 rg: 33 | total time: 66.97m | eta: 40.4m
step 00940/01500 (62.67%) | loss: 4.706874 | lrm: 0.60 | dt: 4281.74ms | tok/sec: 15,305 | bf16_mfu: 1.18 | epoch: 1 pq: 1 rg: 33 | total time: 67.04m | eta: 40.4m
step 00941/01500 (62.73%) | loss: 4.709175 | lrm: 0.59 | dt: 4275.40ms | tok/sec: 15,328 | bf16_mfu: 1.18 | epoch: 1 pq: 1 rg: 33 | total time: 67.12m | eta: 40.3m
step 00942/01500 (62.80%) | loss: 4.710705 | lrm: 0.59 | dt: 4251.17ms | tok/sec: 15,415 | bf16_mfu: 1.18 | epoch: 1 pq: 1 rg: 33 | total time: 67.19m | eta: 40.2m
step 00943/01500 (62.87%) | loss: 4.711172 | lrm: 0.59 | dt: 4311.57ms | tok/sec: 15,200 | bf16_mfu: 1.17 | epoch: 1 pq: 1 rg: 33 | total time: 67.26m | eta: 40.2m
step 00944/01500 (62.93%) | loss: 4.721162 | lrm: 0.59 | dt: 4273.47ms | tok/sec: 15,335 | bf16_mfu: 1.18 | epoch: 1 pq: 1 rg: 33 | total time: 67.33m | eta: 40.1m
step 00945/01500 (63.00%) | loss: 4.723751 | lrm: 0.59 | dt: 4286.66ms | tok/sec: 15,288 | bf16_mfu: 1.17 | epoch: 1 pq: 1 rg: 33 | total time: 67.40m | eta: 40.0m
step 00946/01500 (63.07%) | loss: 4.726078 | lrm: 0.59 | dt: 4325.51ms | tok/sec: 15,151 | bf16_mfu: 1.16 | epoch: 1 pq: 1 rg: 34 | total time: 67.47m | eta: 39.9m
step 00947/01500 (63.13%) | loss: 4.735771 | lrm: 0.59 | dt: 4304.91ms | tok/sec: 15,223 | bf16_mfu: 1.17 | epoch: 1 pq: 1 rg: 34 | total time: 67.54m | eta: 39.9m
step 00948/01500 (63.20%) | loss: 4.757266 | lrm: 0.59 | dt: 4288.98ms | tok/sec: 15,280 | bf16_mfu: 1.17 | epoch: 1 pq: 1 rg: 34 | total time: 67.62m | eta: 39.8m
step 00949/01500 (63.27%) | loss: 4.740829 | lrm: 0.59 | dt: 4258.48ms | tok/sec: 15,389 | bf16_mfu: 1.18 | epoch: 1 pq: 1 rg: 34 | total time: 67.69m | eta: 39.7m
step 00950/01500 (63.33%) | loss: 4.722883 | lrm: 0.59 | dt: 5203.25ms | tok/sec: 12,595 | bf16_mfu: 0.97 | epoch: 1 pq: 1 rg: 34 | total time: 67.77m | eta: 39.7m
step 00951/01500 (63.40%) | loss: 4.718971 | lrm: 0.58 | dt: 4322.61ms | tok/sec: 15,161 | bf16_mfu: 1.16 | epoch: 1 pq: 1 rg: 34 | total time: 67.85m | eta: 39.6m
step 00952/01500 (63.47%) | loss: 4.706125 | lrm: 0.58 | dt: 4249.09ms | tok/sec: 15,423 | bf16_mfu: 1.18 | epoch: 1 pq: 1 rg: 34 | total time: 67.92m | eta: 39.5m
step 00953/01500 (63.53%) | loss: 4.699209 | lrm: 0.58 | dt: 4264.85ms | tok/sec: 15,366 | bf16_mfu: 1.18 | epoch: 1 pq: 1 rg: 34 | total time: 67.99m | eta: 39.4m
step 00954/01500 (63.60%) | loss: 4.698126 | lrm: 0.58 | dt: 4301.72ms | tok/sec: 15,234 | bf16_mfu: 1.17 | epoch: 1 pq: 1 rg: 35 | total time: 68.06m | eta: 39.4m
step 00955/01500 (63.67%) | loss: 4.699560 | lrm: 0.58 | dt: 4270.34ms | tok/sec: 15,346 | bf16_mfu: 1.18 | epoch: 1 pq: 1 rg: 35 | total time: 68.13m | eta: 39.3m
step 00956/01500 (63.73%) | loss: 4.689925 | lrm: 0.58 | dt: 4290.01ms | tok/sec: 15,276 | bf16_mfu: 1.17 | epoch: 1 pq: 1 rg: 35 | total time: 68.20m | eta: 39.2m
step 00957/01500 (63.80%) | loss: 4.681694 | lrm: 0.58 | dt: 4293.93ms | tok/sec: 15,262 | bf16_mfu: 1.17 | epoch: 1 pq: 1 rg: 35 | total time: 68.27m | eta: 39.1m
step 00958/01500 (63.87%) | loss: 4.691319 | lrm: 0.58 | dt: 4257.94ms | tok/sec: 15,391 | bf16_mfu: 1.18 | epoch: 1 pq: 1 rg: 35 | total time: 68.34m | eta: 39.1m
step 00959/01500 (63.93%) | loss: 4.688612 | lrm: 0.58 | dt: 4296.36ms | tok/sec: 15,253 | bf16_mfu: 1.17 | epoch: 1 pq: 1 rg: 35 | total time: 68.42m | eta: 39.0m
step 00960/01500 (64.00%) | loss: 4.685007 | lrm: 0.58 | dt: 4269.55ms | tok/sec: 15,349 | bf16_mfu: 1.18 | epoch: 1 pq: 1 rg: 35 | total time: 68.49m | eta: 38.9m
step 00961/01500 (64.07%) | loss: 4.681517 | lrm: 0.58 | dt: 4319.59ms | tok/sec: 15,171 | bf16_mfu: 1.17 | epoch: 1 pq: 1 rg: 35 | total time: 68.56m | eta: 38.9m
step 00962/01500 (64.13%) | loss: 4.681082 | lrm: 0.57 | dt: 4281.83ms | tok/sec: 15,305 | bf16_mfu: 1.18 | epoch: 1 pq: 1 rg: 36 | total time: 68.63m | eta: 38.8m
step 00963/01500 (64.20%) | loss: 4.665061 | lrm: 0.57 | dt: 4335.35ms | tok/sec: 15,116 | bf16_mfu: 1.16 | epoch: 1 pq: 1 rg: 36 | total time: 68.70m | eta: 38.7m
step 00964/01500 (64.27%) | loss: 4.657897 | lrm: 0.57 | dt: 4272.73ms | tok/sec: 15,338 | bf16_mfu: 1.18 | epoch: 1 pq: 1 rg: 36 | total time: 68.77m | eta: 38.6m
step 00965/01500 (64.33%) | loss: 4.641971 | lrm: 0.57 | dt: 4255.50ms | tok/sec: 15,400 | bf16_mfu: 1.18 | epoch: 1 pq: 1 rg: 36 | total time: 68.84m | eta: 38.6m
step 00966/01500 (64.40%) | loss: 4.648576 | lrm: 0.57 | dt: 4235.21ms | tok/sec: 15,474 | bf16_mfu: 1.19 | epoch: 1 pq: 1 rg: 36 | total time: 68.92m | eta: 38.5m
step 00967/01500 (64.47%) | loss: 4.664999 | lrm: 0.57 | dt: 4290.22ms | tok/sec: 15,275 | bf16_mfu: 1.17 | epoch: 1 pq: 1 rg: 36 | total time: 68.99m | eta: 38.4m
step 00968/01500 (64.53%) | loss: 4.672558 | lrm: 0.57 | dt: 4281.19ms | tok/sec: 15,307 | bf16_mfu: 1.18 | epoch: 1 pq: 1 rg: 36 | total time: 69.06m | eta: 38.3m
step 00969/01500 (64.60%) | loss: 4.666555 | lrm: 0.57 | dt: 4263.71ms | tok/sec: 15,370 | bf16_mfu: 1.18 | epoch: 1 pq: 1 rg: 36 | total time: 69.13m | eta: 38.3m
step 00970/01500 (64.67%) | loss: 4.657616 | lrm: 0.57 | dt: 4267.74ms | tok/sec: 15,356 | bf16_mfu: 1.18 | epoch: 1 pq: 1 rg: 36 | total time: 69.20m | eta: 38.2m
step 00971/01500 (64.73%) | loss: 4.668958 | lrm: 0.57 | dt: 4294.03ms | tok/sec: 15,262 | bf16_mfu: 1.17 | epoch: 1 pq: 1 rg: 37 | total time: 69.27m | eta: 38.1m
step 00972/01500 (64.80%) | loss: 4.688202 | lrm: 0.56 | dt: 4251.22ms | tok/sec: 15,415 | bf16_mfu: 1.18 | epoch: 1 pq: 1 rg: 37 | total time: 69.34m | eta: 38.1m
step 00973/01500 (64.87%) | loss: 4.695934 | lrm: 0.56 | dt: 4278.37ms | tok/sec: 15,317 | bf16_mfu: 1.18 | epoch: 1 pq: 1 rg: 37 | total time: 69.41m | eta: 38.0m
step 00974/01500 (64.93%) | loss: 4.690304 | lrm: 0.56 | dt: 4271.67ms | tok/sec: 15,342 | bf16_mfu: 1.18 | epoch: 1 pq: 1 rg: 37 | total time: 69.49m | eta: 37.9m
step 00975/01500 (65.00%) | loss: 4.678562 | lrm: 0.56 | dt: 4280.06ms | tok/sec: 15,311 | bf16_mfu: 1.18 | epoch: 1 pq: 1 rg: 37 | total time: 69.56m | eta: 37.8m
step 00976/01500 (65.07%) | loss: 4.687243 | lrm: 0.56 | dt: 4263.06ms | tok/sec: 15,373 | bf16_mfu: 1.18 | epoch: 1 pq: 1 rg: 37 | total time: 69.63m | eta: 37.8m
step 00977/01500 (65.13%) | loss: 4.686036 | lrm: 0.56 | dt: 4257.06ms | tok/sec: 15,394 | bf16_mfu: 1.18 | epoch: 1 pq: 1 rg: 37 | total time: 69.70m | eta: 37.7m
step 00978/01500 (65.20%) | loss: 4.697042 | lrm: 0.56 | dt: 4320.56ms | tok/sec: 15,168 | bf16_mfu: 1.17 | epoch: 1 pq: 1 rg: 37 | total time: 69.77m | eta: 37.6m
step 00979/01500 (65.27%) | loss: 4.715597 | lrm: 0.56 | dt: 4276.87ms | tok/sec: 15,323 | bf16_mfu: 1.18 | epoch: 1 pq: 1 rg: 38 | total time: 69.84m | eta: 37.6m
step 00980/01500 (65.33%) | loss: 4.715356 | lrm: 0.56 | dt: 4306.09ms | tok/sec: 15,219 | bf16_mfu: 1.17 | epoch: 1 pq: 1 rg: 38 | total time: 69.91m | eta: 37.5m
step 00981/01500 (65.40%) | loss: 4.708903 | lrm: 0.56 | dt: 4314.11ms | tok/sec: 15,191 | bf16_mfu: 1.17 | epoch: 1 pq: 1 rg: 38 | total time: 69.99m | eta: 37.4m
step 00982/01500 (65.47%) | loss: 4.708179 | lrm: 0.55 | dt: 4274.61ms | tok/sec: 15,331 | bf16_mfu: 1.18 | epoch: 1 pq: 1 rg: 38 | total time: 70.06m | eta: 37.3m
step 00983/01500 (65.53%) | loss: 4.711347 | lrm: 0.55 | dt: 4273.03ms | tok/sec: 15,337 | bf16_mfu: 1.18 | epoch: 1 pq: 1 rg: 38 | total time: 70.13m | eta: 37.3m
step 00984/01500 (65.60%) | loss: 4.703113 | lrm: 0.55 | dt: 4245.40ms | tok/sec: 15,436 | bf16_mfu: 1.19 | epoch: 1 pq: 1 rg: 38 | total time: 70.20m | eta: 37.2m
step 00985/01500 (65.67%) | loss: 4.687510 | lrm: 0.55 | dt: 4293.21ms | tok/sec: 15,265 | bf16_mfu: 1.17 | epoch: 1 pq: 1 rg: 38 | total time: 70.27m | eta: 37.1m
step 00986/01500 (65.73%) | loss: 4.673454 | lrm: 0.55 | dt: 4281.23ms | tok/sec: 15,307 | bf16_mfu: 1.18 | epoch: 1 pq: 1 rg: 38 | total time: 70.34m | eta: 37.0m
step 00987/01500 (65.80%) | loss: 4.670431 | lrm: 0.55 | dt: 4274.69ms | tok/sec: 15,331 | bf16_mfu: 1.18 | epoch: 1 pq: 1 rg: 39 | total time: 70.41m | eta: 37.0m
step 00988/01500 (65.87%) | loss: 4.656931 | lrm: 0.55 | dt: 4255.09ms | tok/sec: 15,401 | bf16_mfu: 1.18 | epoch: 1 pq: 1 rg: 39 | total time: 70.48m | eta: 36.9m
step 00989/01500 (65.93%) | loss: 4.658458 | lrm: 0.55 | dt: 4273.75ms | tok/sec: 15,334 | bf16_mfu: 1.18 | epoch: 1 pq: 1 rg: 39 | total time: 70.56m | eta: 36.8m
step 00990/01500 (66.00%) | loss: 4.659712 | lrm: 0.55 | dt: 4276.06ms | tok/sec: 15,326 | bf16_mfu: 1.18 | epoch: 1 pq: 1 rg: 39 | total time: 70.63m | eta: 36.8m
step 00991/01500 (66.07%) | loss: 4.653657 | lrm: 0.55 | dt: 4246.88ms | tok/sec: 15,431 | bf16_mfu: 1.19 | epoch: 1 pq: 1 rg: 39 | total time: 70.70m | eta: 36.7m
step 00992/01500 (66.13%) | loss: 4.643678 | lrm: 0.54 | dt: 4318.42ms | tok/sec: 15,175 | bf16_mfu: 1.17 | epoch: 1 pq: 1 rg: 39 | total time: 70.77m | eta: 36.6m
step 00993/01500 (66.20%) | loss: 4.647450 | lrm: 0.54 | dt: 4292.07ms | tok/sec: 15,269 | bf16_mfu: 1.17 | epoch: 1 pq: 1 rg: 39 | total time: 70.84m | eta: 36.5m
step 00994/01500 (66.27%) | loss: 4.639798 | lrm: 0.54 | dt: 4275.92ms | tok/sec: 15,326 | bf16_mfu: 1.18 | epoch: 1 pq: 1 rg: 39 | total time: 70.91m | eta: 36.5m
step 00995/01500 (66.33%) | loss: 4.637746 | lrm: 0.54 | dt: 4276.08ms | tok/sec: 15,326 | bf16_mfu: 1.18 | epoch: 1 pq: 1 rg: 40 | total time: 70.98m | eta: 36.4m
step 00996/01500 (66.40%) | loss: 4.642487 | lrm: 0.54 | dt: 4268.25ms | tok/sec: 15,354 | bf16_mfu: 1.18 | epoch: 1 pq: 1 rg: 40 | total time: 71.05m | eta: 36.3m
step 00997/01500 (66.47%) | loss: 4.644904 | lrm: 0.54 | dt: 4249.87ms | tok/sec: 15,420 | bf16_mfu: 1.18 | epoch: 1 pq: 1 rg: 40 | total time: 71.13m | eta: 36.2m
step 00998/01500 (66.53%) | loss: 4.636822 | lrm: 0.54 | dt: 4269.01ms | tok/sec: 15,351 | bf16_mfu: 1.18 | epoch: 1 pq: 1 rg: 40 | total time: 71.20m | eta: 36.2m
step 00999/01500 (66.60%) | loss: 4.639705 | lrm: 0.54 | dt: 4264.34ms | tok/sec: 15,368 | bf16_mfu: 1.18 | epoch: 1 pq: 1 rg: 40 | total time: 71.27m | eta: 36.1m
step 01000/01500 (66.67%) | loss: 4.652716 | lrm: 0.54 | dt: 5174.95ms | tok/sec: 12,664 | bf16_mfu: 0.97 | epoch: 1 pq: 1 rg: 40 | total time: 71.35m | eta: 36.0m
step 01001/01500 (66.73%) | loss: 4.651526 | lrm: 0.54 | dt: 4309.58ms | tok/sec: 15,207 | bf16_mfu: 1.17 | epoch: 1 pq: 1 rg: 40 | total time: 71.43m | eta: 36.0m
step 01002/01500 (66.80%) | loss: 4.664428 | lrm: 0.54 | dt: 4265.85ms | tok/sec: 15,362 | bf16_mfu: 1.18 | epoch: 1 pq: 1 rg: 40 | total time: 71.50m | eta: 35.9m
step 01003/01500 (66.87%) | loss: 4.661200 | lrm: 0.53 | dt: 4271.32ms | tok/sec: 15,343 | bf16_mfu: 1.18 | epoch: 1 pq: 1 rg: 41 | total time: 71.57m | eta: 35.8m
step 01004/01500 (66.93%) | loss: 4.650964 | lrm: 0.53 | dt: 4270.60ms | tok/sec: 15,345 | bf16_mfu: 1.18 | epoch: 1 pq: 1 rg: 41 | total time: 71.64m | eta: 35.7m
step 01005/01500 (67.00%) | loss: 4.653495 | lrm: 0.53 | dt: 4285.17ms | tok/sec: 15,293 | bf16_mfu: 1.17 | epoch: 1 pq: 1 rg: 41 | total time: 71.71m | eta: 35.7m
step 01006/01500 (67.07%) | loss: 4.645424 | lrm: 0.53 | dt: 4266.21ms | tok/sec: 15,361 | bf16_mfu: 1.18 | epoch: 1 pq: 1 rg: 41 | total time: 71.78m | eta: 35.6m
step 01007/01500 (67.13%) | loss: 4.637987 | lrm: 0.53 | dt: 4265.61ms | tok/sec: 15,363 | bf16_mfu: 1.18 | epoch: 1 pq: 1 rg: 41 | total time: 71.85m | eta: 35.5m
step 01008/01500 (67.20%) | loss: 4.629393 | lrm: 0.53 | dt: 4302.87ms | tok/sec: 15,230 | bf16_mfu: 1.17 | epoch: 1 pq: 1 rg: 41 | total time: 71.92m | eta: 35.5m
step 01009/01500 (67.27%) | loss: 4.629362 | lrm: 0.53 | dt: 4277.40ms | tok/sec: 15,321 | bf16_mfu: 1.18 | epoch: 1 pq: 1 rg: 41 | total time: 72.00m | eta: 35.4m
step 01010/01500 (67.33%) | loss: 4.622843 | lrm: 0.53 | dt: 4285.55ms | tok/sec: 15,292 | bf16_mfu: 1.17 | epoch: 1 pq: 1 rg: 41 | total time: 72.07m | eta: 35.3m
step 01011/01500 (67.40%) | loss: 4.642667 | lrm: 0.53 | dt: 4268.12ms | tok/sec: 15,354 | bf16_mfu: 1.18 | epoch: 1 pq: 1 rg: 42 | total time: 72.14m | eta: 35.2m
step 01012/01500 (67.47%) | loss: 4.633768 | lrm: 0.53 | dt: 4285.29ms | tok/sec: 15,293 | bf16_mfu: 1.17 | epoch: 1 pq: 1 rg: 42 | total time: 72.21m | eta: 35.2m
step 01013/01500 (67.53%) | loss: 4.628000 | lrm: 0.52 | dt: 4268.02ms | tok/sec: 15,355 | bf16_mfu: 1.18 | epoch: 1 pq: 1 rg: 42 | total time: 72.28m | eta: 35.1m
step 01014/01500 (67.60%) | loss: 4.619361 | lrm: 0.52 | dt: 4282.98ms | tok/sec: 15,301 | bf16_mfu: 1.18 | epoch: 1 pq: 1 rg: 42 | total time: 72.35m | eta: 35.0m
step 01015/01500 (67.67%) | loss: 4.617002 | lrm: 0.52 | dt: 4277.16ms | tok/sec: 15,322 | bf16_mfu: 1.18 | epoch: 1 pq: 1 rg: 42 | total time: 72.42m | eta: 35.0m
step 01016/01500 (67.73%) | loss: 4.625508 | lrm: 0.52 | dt: 4287.02ms | tok/sec: 15,287 | bf16_mfu: 1.17 | epoch: 1 pq: 1 rg: 42 | total time: 72.50m | eta: 34.9m
step 01017/01500 (67.80%) | loss: 4.634366 | lrm: 0.52 | dt: 4258.01ms | tok/sec: 15,391 | bf16_mfu: 1.18 | epoch: 1 pq: 1 rg: 42 | total time: 72.57m | eta: 34.8m
step 01018/01500 (67.87%) | loss: 4.632709 | lrm: 0.52 | dt: 4268.32ms | tok/sec: 15,354 | bf16_mfu: 1.18 | epoch: 1 pq: 1 rg: 42 | total time: 72.64m | eta: 34.7m
step 01019/01500 (67.93%) | loss: 4.625059 | lrm: 0.52 | dt: 4292.37ms | tok/sec: 15,268 | bf16_mfu: 1.17 | epoch: 1 pq: 1 rg: 43 | total time: 72.71m | eta: 34.7m
step 01020/01500 (68.00%) | loss: 4.628629 | lrm: 0.52 | dt: 4270.36ms | tok/sec: 15,346 | bf16_mfu: 1.18 | epoch: 1 pq: 1 rg: 43 | total time: 72.78m | eta: 34.6m
step 01021/01500 (68.07%) | loss: 4.626537 | lrm: 0.52 | dt: 4266.54ms | tok/sec: 15,360 | bf16_mfu: 1.18 | epoch: 1 pq: 1 rg: 43 | total time: 72.85m | eta: 34.5m
step 01022/01500 (68.13%) | loss: 4.642235 | lrm: 0.52 | dt: 4335.92ms | tok/sec: 15,114 | bf16_mfu: 1.16 | epoch: 1 pq: 1 rg: 43 | total time: 72.92m | eta: 34.4m
step 01023/01500 (68.20%) | loss: 4.635936 | lrm: 0.51 | dt: 4325.03ms | tok/sec: 15,152 | bf16_mfu: 1.16 | epoch: 1 pq: 1 rg: 43 | total time: 73.00m | eta: 34.4m
step 01024/01500 (68.27%) | loss: 4.656187 | lrm: 0.51 | dt: 4270.53ms | tok/sec: 15,346 | bf16_mfu: 1.18 | epoch: 1 pq: 1 rg: 43 | total time: 73.07m | eta: 34.3m
step 01025/01500 (68.33%) | loss: 4.670272 | lrm: 0.51 | dt: 4272.52ms | tok/sec: 15,338 | bf16_mfu: 1.18 | epoch: 1 pq: 1 rg: 43 | total time: 73.14m | eta: 34.2m
step 01026/01500 (68.40%) | loss: 4.667689 | lrm: 0.51 | dt: 4288.32ms | tok/sec: 15,282 | bf16_mfu: 1.17 | epoch: 1 pq: 1 rg: 43 | total time: 73.21m | eta: 34.2m
step 01027/01500 (68.47%) | loss: 4.677262 | lrm: 0.51 | dt: 4289.77ms | tok/sec: 15,277 | bf16_mfu: 1.17 | epoch: 1 pq: 1 rg: 43 | total time: 73.28m | eta: 34.1m
step 01028/01500 (68.53%) | loss: 4.693764 | lrm: 0.51 | dt: 4271.30ms | tok/sec: 15,343 | bf16_mfu: 1.18 | epoch: 1 pq: 1 rg: 44 | total time: 73.35m | eta: 34.0m
step 01029/01500 (68.60%) | loss: 4.693049 | lrm: 0.51 | dt: 4266.52ms | tok/sec: 15,360 | bf16_mfu: 1.18 | epoch: 1 pq: 1 rg: 44 | total time: 73.42m | eta: 33.9m
step 01030/01500 (68.67%) | loss: 4.686364 | lrm: 0.51 | dt: 4283.03ms | tok/sec: 15,301 | bf16_mfu: 1.18 | epoch: 1 pq: 1 rg: 44 | total time: 73.49m | eta: 33.9m
step 01031/01500 (68.73%) | loss: 4.683730 | lrm: 0.51 | dt: 4317.32ms | tok/sec: 15,179 | bf16_mfu: 1.17 | epoch: 1 pq: 1 rg: 44 | total time: 73.57m | eta: 33.8m
step 01032/01500 (68.80%) | loss: 4.696453 | lrm: 0.51 | dt: 4281.17ms | tok/sec: 15,307 | bf16_mfu: 1.18 | epoch: 1 pq: 1 rg: 44 | total time: 73.64m | eta: 33.7m
step 01033/01500 (68.87%) | loss: 4.709682 | lrm: 0.51 | dt: 4263.48ms | tok/sec: 15,371 | bf16_mfu: 1.18 | epoch: 1 pq: 1 rg: 44 | total time: 73.71m | eta: 33.6m
step 01034/01500 (68.93%) | loss: 4.703577 | lrm: 0.50 | dt: 4290.30ms | tok/sec: 15,275 | bf16_mfu: 1.17 | epoch: 1 pq: 1 rg: 44 | total time: 73.78m | eta: 33.6m
step 01035/01500 (69.00%) | loss: 4.690847 | lrm: 0.50 | dt: 4285.67ms | tok/sec: 15,291 | bf16_mfu: 1.17 | epoch: 1 pq: 1 rg: 44 | total time: 73.85m | eta: 33.5m
step 01036/01500 (69.07%) | loss: 4.679343 | lrm: 0.50 | dt: 4282.22ms | tok/sec: 15,304 | bf16_mfu: 1.18 | epoch: 1 pq: 1 rg: 45 | total time: 73.92m | eta: 33.4m
step 01037/01500 (69.13%) | loss: 4.675928 | lrm: 0.50 | dt: 4287.25ms | tok/sec: 15,286 | bf16_mfu: 1.17 | epoch: 1 pq: 1 rg: 45 | total time: 73.99m | eta: 33.4m
step 01038/01500 (69.20%) | loss: 4.669075 | lrm: 0.50 | dt: 4270.01ms | tok/sec: 15,347 | bf16_mfu: 1.18 | epoch: 1 pq: 1 rg: 45 | total time: 74.07m | eta: 33.3m
step 01039/01500 (69.27%) | loss: 4.678065 | lrm: 0.50 | dt: 4341.40ms | tok/sec: 15,095 | bf16_mfu: 1.16 | epoch: 1 pq: 1 rg: 45 | total time: 74.14m | eta: 33.2m
step 01040/01500 (69.33%) | loss: 4.679297 | lrm: 0.50 | dt: 4320.45ms | tok/sec: 15,168 | bf16_mfu: 1.17 | epoch: 1 pq: 1 rg: 45 | total time: 74.21m | eta: 33.1m
step 01041/01500 (69.40%) | loss: 4.673622 | lrm: 0.50 | dt: 4267.13ms | tok/sec: 15,358 | bf16_mfu: 1.18 | epoch: 1 pq: 1 rg: 45 | total time: 74.28m | eta: 33.1m
step 01042/01500 (69.47%) | loss: 4.660677 | lrm: 0.50 | dt: 4295.75ms | tok/sec: 15,256 | bf16_mfu: 1.17 | epoch: 1 pq: 1 rg: 45 | total time: 74.35m | eta: 33.0m
step 01043/01500 (69.53%) | loss: 4.656575 | lrm: 0.50 | dt: 4295.08ms | tok/sec: 15,258 | bf16_mfu: 1.17 | epoch: 1 pq: 1 rg: 45 | total time: 74.42m | eta: 32.9m
step 01044/01500 (69.60%) | loss: 4.643748 | lrm: 0.49 | dt: 4266.74ms | tok/sec: 15,359 | bf16_mfu: 1.18 | epoch: 1 pq: 1 rg: 46 | total time: 74.50m | eta: 32.9m
step 01045/01500 (69.67%) | loss: 4.632032 | lrm: 0.49 | dt: 4283.70ms | tok/sec: 15,298 | bf16_mfu: 1.18 | epoch: 1 pq: 1 rg: 46 | total time: 74.57m | eta: 32.8m
step 01046/01500 (69.73%) | loss: 4.631507 | lrm: 0.49 | dt: 4312.66ms | tok/sec: 15,196 | bf16_mfu: 1.17 | epoch: 1 pq: 1 rg: 46 | total time: 74.64m | eta: 32.7m
step 01047/01500 (69.80%) | loss: 4.625156 | lrm: 0.49 | dt: 4254.10ms | tok/sec: 15,405 | bf16_mfu: 1.18 | epoch: 1 pq: 1 rg: 46 | total time: 74.71m | eta: 32.6m
step 01048/01500 (69.87%) | loss: 4.608978 | lrm: 0.49 | dt: 4281.08ms | tok/sec: 15,308 | bf16_mfu: 1.18 | epoch: 1 pq: 1 rg: 46 | total time: 74.78m | eta: 32.6m
step 01049/01500 (69.93%) | loss: 4.606590 | lrm: 0.49 | dt: 4282.84ms | tok/sec: 15,302 | bf16_mfu: 1.18 | epoch: 1 pq: 1 rg: 46 | total time: 74.85m | eta: 32.5m
step 01050/01500 (70.00%) | loss: 4.597381 | lrm: 0.49 | dt: 5199.84ms | tok/sec: 12,603 | bf16_mfu: 0.97 | epoch: 1 pq: 1 rg: 46 | total time: 74.94m | eta: 32.4m
step 01051/01500 (70.07%) | loss: 4.590250 | lrm: 0.49 | dt: 4296.08ms | tok/sec: 15,254 | bf16_mfu: 1.17 | epoch: 1 pq: 1 rg: 46 | total time: 75.01m | eta: 32.4m
step 01052/01500 (70.13%) | loss: 4.590182 | lrm: 0.49 | dt: 4293.53ms | tok/sec: 15,263 | bf16_mfu: 1.17 | epoch: 1 pq: 1 rg: 47 | total time: 75.08m | eta: 32.3m
step 01053/01500 (70.20%) | loss: 4.588371 | lrm: 0.49 | dt: 4296.13ms | tok/sec: 15,254 | bf16_mfu: 1.17 | epoch: 1 pq: 1 rg: 47 | total time: 75.15m | eta: 32.2m
step 01054/01500 (70.27%) | loss: 4.597897 | lrm: 0.48 | dt: 4299.39ms | tok/sec: 15,243 | bf16_mfu: 1.17 | epoch: 1 pq: 1 rg: 47 | total time: 75.23m | eta: 32.1m
step 01055/01500 (70.33%) | loss: 4.600455 | lrm: 0.48 | dt: 4350.75ms | tok/sec: 15,063 | bf16_mfu: 1.16 | epoch: 1 pq: 1 rg: 47 | total time: 75.30m | eta: 32.1m
step 01056/01500 (70.40%) | loss: 4.591403 | lrm: 0.48 | dt: 4255.67ms | tok/sec: 15,399 | bf16_mfu: 1.18 | epoch: 1 pq: 1 rg: 47 | total time: 75.37m | eta: 32.0m
step 01057/01500 (70.47%) | loss: 4.595254 | lrm: 0.48 | dt: 4311.66ms | tok/sec: 15,199 | bf16_mfu: 1.17 | epoch: 1 pq: 1 rg: 47 | total time: 75.44m | eta: 31.9m
step 01058/01500 (70.53%) | loss: 4.600506 | lrm: 0.48 | dt: 4289.45ms | tok/sec: 15,278 | bf16_mfu: 1.17 | epoch: 1 pq: 1 rg: 47 | total time: 75.51m | eta: 31.8m
step 01059/01500 (70.60%) | loss: 4.600626 | lrm: 0.48 | dt: 4298.00ms | tok/sec: 15,248 | bf16_mfu: 1.17 | epoch: 1 pq: 1 rg: 47 | total time: 75.58m | eta: 31.8m
step 01060/01500 (70.67%) | loss: 4.601046 | lrm: 0.48 | dt: 4307.18ms | tok/sec: 15,215 | bf16_mfu: 1.17 | epoch: 1 pq: 1 rg: 47 | total time: 75.66m | eta: 31.7m
step 01061/01500 (70.73%) | loss: 4.607860 | lrm: 0.48 | dt: 4351.95ms | tok/sec: 15,059 | bf16_mfu: 1.16 | epoch: 1 pq: 1 rg: 48 | total time: 75.73m | eta: 31.6m
step 01062/01500 (70.80%) | loss: 4.614145 | lrm: 0.48 | dt: 4272.77ms | tok/sec: 15,338 | bf16_mfu: 1.18 | epoch: 1 pq: 1 rg: 48 | total time: 75.80m | eta: 31.6m
step 01063/01500 (70.87%) | loss: 4.615676 | lrm: 0.48 | dt: 4250.99ms | tok/sec: 15,416 | bf16_mfu: 1.18 | epoch: 1 pq: 1 rg: 48 | total time: 75.87m | eta: 31.5m
step 01064/01500 (70.93%) | loss: 4.623164 | lrm: 0.47 | dt: 4299.71ms | tok/sec: 15,241 | bf16_mfu: 1.17 | epoch: 1 pq: 1 rg: 48 | total time: 75.94m | eta: 31.4m
step 01065/01500 (71.00%) | loss: 4.620169 | lrm: 0.47 | dt: 4252.70ms | tok/sec: 15,410 | bf16_mfu: 1.18 | epoch: 1 pq: 1 rg: 48 | total time: 76.01m | eta: 31.3m
step 01066/01500 (71.07%) | loss: 4.631065 | lrm: 0.47 | dt: 4294.63ms | tok/sec: 15,259 | bf16_mfu: 1.17 | epoch: 1 pq: 1 rg: 48 | total time: 76.08m | eta: 31.3m
step 01067/01500 (71.13%) | loss: 4.635836 | lrm: 0.47 | dt: 4273.53ms | tok/sec: 15,335 | bf16_mfu: 1.18 | epoch: 1 pq: 1 rg: 48 | total time: 76.16m | eta: 31.2m
step 01068/01500 (71.20%) | loss: 4.635916 | lrm: 0.47 | dt: 4279.82ms | tok/sec: 15,312 | bf16_mfu: 1.18 | epoch: 1 pq: 1 rg: 48 | total time: 76.23m | eta: 31.1m
step 01069/01500 (71.27%) | loss: 4.645926 | lrm: 0.47 | dt: 4316.68ms | tok/sec: 15,182 | bf16_mfu: 1.17 | epoch: 1 pq: 1 rg: 49 | total time: 76.30m | eta: 31.1m
step 01070/01500 (71.33%) | loss: 4.658814 | lrm: 0.47 | dt: 4290.88ms | tok/sec: 15,273 | bf16_mfu: 1.17 | epoch: 1 pq: 1 rg: 49 | total time: 76.37m | eta: 31.0m
step 01071/01500 (71.40%) | loss: 4.655634 | lrm: 0.47 | dt: 4293.56ms | tok/sec: 15,263 | bf16_mfu: 1.17 | epoch: 1 pq: 1 rg: 49 | total time: 76.44m | eta: 30.9m
step 01072/01500 (71.47%) | loss: 4.668465 | lrm: 0.47 | dt: 4300.57ms | tok/sec: 15,238 | bf16_mfu: 1.17 | epoch: 1 pq: 1 rg: 49 | total time: 76.51m | eta: 30.8m
step 01073/01500 (71.53%) | loss: 4.659461 | lrm: 0.47 | dt: 4293.55ms | tok/sec: 15,263 | bf16_mfu: 1.17 | epoch: 1 pq: 1 rg: 49 | total time: 76.59m | eta: 30.8m
step 01074/01500 (71.60%) | loss: 4.664977 | lrm: 0.47 | dt: 4279.44ms | tok/sec: 15,314 | bf16_mfu: 1.18 | epoch: 1 pq: 1 rg: 49 | total time: 76.66m | eta: 30.7m
step 01075/01500 (71.67%) | loss: 4.662775 | lrm: 0.46 | dt: 4281.71ms | tok/sec: 15,306 | bf16_mfu: 1.18 | epoch: 1 pq: 1 rg: 49 | total time: 76.73m | eta: 30.6m
step 01076/01500 (71.73%) | loss: 4.646262 | lrm: 0.46 | dt: 4265.13ms | tok/sec: 15,365 | bf16_mfu: 1.18 | epoch: 1 pq: 1 rg: 49 | total time: 76.80m | eta: 30.5m
step 01077/01500 (71.80%) | loss: 4.635409 | lrm: 0.46 | dt: 4302.67ms | tok/sec: 15,231 | bf16_mfu: 1.17 | epoch: 1 pq: 1 rg: 50 | total time: 76.87m | eta: 30.5m
step 01078/01500 (71.87%) | loss: 4.640859 | lrm: 0.46 | dt: 4260.66ms | tok/sec: 15,381 | bf16_mfu: 1.18 | epoch: 1 pq: 1 rg: 50 | total time: 76.94m | eta: 30.4m
step 01079/01500 (71.93%) | loss: 4.633609 | lrm: 0.46 | dt: 4285.38ms | tok/sec: 15,292 | bf16_mfu: 1.17 | epoch: 1 pq: 1 rg: 50 | total time: 77.01m | eta: 30.3m
step 01080/01500 (72.00%) | loss: 4.619370 | lrm: 0.46 | dt: 4279.18ms | tok/sec: 15,315 | bf16_mfu: 1.18 | epoch: 1 pq: 1 rg: 50 | total time: 77.08m | eta: 30.3m
step 01081/01500 (72.07%) | loss: 4.636325 | lrm: 0.46 | dt: 4318.80ms | tok/sec: 15,174 | bf16_mfu: 1.17 | epoch: 1 pq: 1 rg: 50 | total time: 77.16m | eta: 30.2m
step 01082/01500 (72.13%) | loss: 4.638206 | lrm: 0.46 | dt: 4309.65ms | tok/sec: 15,206 | bf16_mfu: 1.17 | epoch: 1 pq: 1 rg: 50 | total time: 77.23m | eta: 30.1m
step 01083/01500 (72.20%) | loss: 4.654596 | lrm: 0.46 | dt: 4325.95ms | tok/sec: 15,149 | bf16_mfu: 1.16 | epoch: 1 pq: 1 rg: 50 | total time: 77.30m | eta: 30.0m
step 01084/01500 (72.27%) | loss: 4.656427 | lrm: 0.46 | dt: 4268.50ms | tok/sec: 15,353 | bf16_mfu: 1.18 | epoch: 1 pq: 1 rg: 50 | total time: 77.37m | eta: 30.0m
step 01085/01500 (72.33%) | loss: 4.651163 | lrm: 0.45 | dt: 4256.57ms | tok/sec: 15,396 | bf16_mfu: 1.18 | epoch: 1 pq: 1 rg: 50 | total time: 77.44m | eta: 29.9m
step 01086/01500 (72.40%) | loss: 4.652228 | lrm: 0.45 | dt: 4316.37ms | tok/sec: 15,183 | bf16_mfu: 1.17 | epoch: 1 pq: 1 rg: 51 | total time: 77.51m | eta: 29.8m
step 01087/01500 (72.47%) | loss: 4.656860 | lrm: 0.45 | dt: 4300.65ms | tok/sec: 15,238 | bf16_mfu: 1.17 | epoch: 1 pq: 1 rg: 51 | total time: 77.59m | eta: 29.8m
step 01088/01500 (72.53%) | loss: 4.670077 | lrm: 0.45 | dt: 4304.98ms | tok/sec: 15,223 | bf16_mfu: 1.17 | epoch: 1 pq: 1 rg: 51 | total time: 77.66m | eta: 29.7m
step 01089/01500 (72.60%) | loss: 4.681062 | lrm: 0.45 | dt: 4273.29ms | tok/sec: 15,336 | bf16_mfu: 1.18 | epoch: 1 pq: 1 rg: 51 | total time: 77.73m | eta: 29.6m
step 01090/01500 (72.67%) | loss: 4.682049 | lrm: 0.45 | dt: 4381.46ms | tok/sec: 14,957 | bf16_mfu: 1.15 | epoch: 1 pq: 1 rg: 51 | total time: 77.80m | eta: 29.5m
step 01091/01500 (72.73%) | loss: 4.687633 | lrm: 0.45 | dt: 4316.05ms | tok/sec: 15,184 | bf16_mfu: 1.17 | epoch: 1 pq: 1 rg: 51 | total time: 77.87m | eta: 29.5m
step 01092/01500 (72.80%) | loss: 4.702639 | lrm: 0.45 | dt: 4312.19ms | tok/sec: 15,197 | bf16_mfu: 1.17 | epoch: 1 pq: 1 rg: 51 | total time: 77.95m | eta: 29.4m
step 01093/01500 (72.87%) | loss: 4.699023 | lrm: 0.45 | dt: 4283.60ms | tok/sec: 15,299 | bf16_mfu: 1.18 | epoch: 1 pq: 1 rg: 51 | total time: 78.02m | eta: 29.3m
step 01094/01500 (72.93%) | loss: 4.678226 | lrm: 0.45 | dt: 4318.86ms | tok/sec: 15,174 | bf16_mfu: 1.17 | epoch: 1 pq: 1 rg: 52 | total time: 78.09m | eta: 29.2m
step 01095/01500 (73.00%) | loss: 4.675175 | lrm: 0.44 | dt: 4281.62ms | tok/sec: 15,306 | bf16_mfu: 1.18 | epoch: 1 pq: 1 rg: 52 | total time: 78.16m | eta: 29.2m
step 01096/01500 (73.07%) | loss: 4.672400 | lrm: 0.44 | dt: 4295.73ms | tok/sec: 15,256 | bf16_mfu: 1.17 | epoch: 1 pq: 1 rg: 52 | total time: 78.23m | eta: 29.1m
step 01097/01500 (73.13%) | loss: 4.658420 | lrm: 0.44 | dt: 4332.57ms | tok/sec: 15,126 | bf16_mfu: 1.16 | epoch: 1 pq: 1 rg: 52 | total time: 78.30m | eta: 29.0m
step 01098/01500 (73.20%) | loss: 4.645170 | lrm: 0.44 | dt: 4317.13ms | tok/sec: 15,180 | bf16_mfu: 1.17 | epoch: 1 pq: 1 rg: 52 | total time: 78.38m | eta: 29.0m
step 01099/01500 (73.27%) | loss: 4.641245 | lrm: 0.44 | dt: 4309.14ms | tok/sec: 15,208 | bf16_mfu: 1.17 | epoch: 1 pq: 1 rg: 52 | total time: 78.45m | eta: 28.9m
step 01100/01500 (73.33%) | loss: 4.627385 | lrm: 0.44 | dt: 5167.51ms | tok/sec: 12,682 | bf16_mfu: 0.97 | epoch: 1 pq: 1 rg: 52 | total time: 78.53m | eta: 28.8m
step 01101/01500 (73.40%) | loss: 4.623199 | lrm: 0.44 | dt: 4304.50ms | tok/sec: 15,225 | bf16_mfu: 1.17 | epoch: 1 pq: 1 rg: 52 | total time: 78.61m | eta: 28.7m
step 01102/01500 (73.47%) | loss: 4.623866 | lrm: 0.44 | dt: 4345.66ms | tok/sec: 15,080 | bf16_mfu: 1.16 | epoch: 1 pq: 1 rg: 53 | total time: 78.68m | eta: 28.7m
step 01103/01500 (73.53%) | loss: 4.619385 | lrm: 0.44 | dt: 4279.68ms | tok/sec: 15,313 | bf16_mfu: 1.18 | epoch: 1 pq: 1 rg: 53 | total time: 78.75m | eta: 28.6m
step 01104/01500 (73.60%) | loss: 4.611062 | lrm: 0.44 | dt: 4262.62ms | tok/sec: 15,374 | bf16_mfu: 1.18 | epoch: 1 pq: 1 rg: 53 | total time: 78.82m | eta: 28.5m
step 01105/01500 (73.67%) | loss: 4.609026 | lrm: 0.43 | dt: 4295.28ms | tok/sec: 15,257 | bf16_mfu: 1.17 | epoch: 1 pq: 1 rg: 53 | total time: 78.89m | eta: 28.5m
step 01106/01500 (73.73%) | loss: 4.603593 | lrm: 0.43 | dt: 4307.18ms | tok/sec: 15,215 | bf16_mfu: 1.17 | epoch: 1 pq: 1 rg: 53 | total time: 78.96m | eta: 28.4m
step 01107/01500 (73.80%) | loss: 4.592211 | lrm: 0.43 | dt: 4303.67ms | tok/sec: 15,227 | bf16_mfu: 1.17 | epoch: 1 pq: 1 rg: 53 | total time: 79.04m | eta: 28.3m
step 01108/01500 (73.87%) | loss: 4.591231 | lrm: 0.43 | dt: 4310.29ms | tok/sec: 15,204 | bf16_mfu: 1.17 | epoch: 1 pq: 1 rg: 53 | total time: 79.11m | eta: 28.2m
step 01109/01500 (73.93%) | loss: 4.589321 | lrm: 0.43 | dt: 4274.81ms | tok/sec: 15,330 | bf16_mfu: 1.18 | epoch: 1 pq: 1 rg: 53 | total time: 79.18m | eta: 28.2m
step 01110/01500 (74.00%) | loss: 4.599796 | lrm: 0.43 | dt: 4320.72ms | tok/sec: 15,167 | bf16_mfu: 1.17 | epoch: 1 pq: 1 rg: 53 | total time: 79.25m | eta: 28.1m
step 01111/01500 (74.07%) | loss: 4.617610 | lrm: 0.43 | dt: 4308.35ms | tok/sec: 15,211 | bf16_mfu: 1.17 | epoch: 1 pq: 1 rg: 54 | total time: 79.32m | eta: 28.0m
step 01112/01500 (74.13%) | loss: 4.630439 | lrm: 0.43 | dt: 4295.18ms | tok/sec: 15,258 | bf16_mfu: 1.17 | epoch: 1 pq: 1 rg: 54 | total time: 79.39m | eta: 28.0m
step 01113/01500 (74.20%) | loss: 4.637838 | lrm: 0.43 | dt: 4285.32ms | tok/sec: 15,293 | bf16_mfu: 1.17 | epoch: 1 pq: 1 rg: 54 | total time: 79.47m | eta: 27.9m
step 01114/01500 (74.27%) | loss: 4.637769 | lrm: 0.43 | dt: 4308.64ms | tok/sec: 15,210 | bf16_mfu: 1.17 | epoch: 1 pq: 1 rg: 54 | total time: 79.54m | eta: 27.8m
step 01115/01500 (74.33%) | loss: 4.631140 | lrm: 0.43 | dt: 4280.17ms | tok/sec: 15,311 | bf16_mfu: 1.18 | epoch: 1 pq: 1 rg: 54 | total time: 79.61m | eta: 27.7m
step 01116/01500 (74.40%) | loss: 4.622405 | lrm: 0.42 | dt: 4286.37ms | tok/sec: 15,289 | bf16_mfu: 1.17 | epoch: 1 pq: 1 rg: 54 | total time: 79.68m | eta: 27.7m
step 01117/01500 (74.47%) | loss: 4.641059 | lrm: 0.42 | dt: 4281.61ms | tok/sec: 15,306 | bf16_mfu: 1.18 | epoch: 1 pq: 1 rg: 54 | total time: 79.75m | eta: 27.6m
step 01118/01500 (74.53%) | loss: 4.644211 | lrm: 0.42 | dt: 4326.27ms | tok/sec: 15,148 | bf16_mfu: 1.16 | epoch: 1 pq: 1 rg: 54 | total time: 79.82m | eta: 27.5m
step 01119/01500 (74.60%) | loss: 4.645670 | lrm: 0.42 | dt: 4321.75ms | tok/sec: 15,164 | bf16_mfu: 1.16 | epoch: 1 pq: 1 rg: 55 | total time: 79.90m | eta: 27.4m
step 01120/01500 (74.67%) | loss: 4.646504 | lrm: 0.42 | dt: 4306.40ms | tok/sec: 15,218 | bf16_mfu: 1.17 | epoch: 1 pq: 1 rg: 55 | total time: 79.97m | eta: 27.4m
step 01121/01500 (74.73%) | loss: 4.646198 | lrm: 0.42 | dt: 4288.41ms | tok/sec: 15,282 | bf16_mfu: 1.17 | epoch: 1 pq: 1 rg: 55 | total time: 80.04m | eta: 27.3m
step 01122/01500 (74.80%) | loss: 4.634166 | lrm: 0.42 | dt: 4291.13ms | tok/sec: 15,272 | bf16_mfu: 1.17 | epoch: 1 pq: 1 rg: 55 | total time: 80.11m | eta: 27.2m
step 01123/01500 (74.87%) | loss: 4.635863 | lrm: 0.42 | dt: 4292.54ms | tok/sec: 15,267 | bf16_mfu: 1.17 | epoch: 1 pq: 1 rg: 55 | total time: 80.18m | eta: 27.2m
step 01124/01500 (74.93%) | loss: 4.632923 | lrm: 0.42 | dt: 4310.67ms | tok/sec: 15,203 | bf16_mfu: 1.17 | epoch: 1 pq: 1 rg: 55 | total time: 80.25m | eta: 27.1m
step 01125/01500 (75.00%) | loss: 4.627484 | lrm: 0.42 | dt: 4318.07ms | tok/sec: 15,177 | bf16_mfu: 1.17 | epoch: 1 pq: 1 rg: 55 | total time: 80.33m | eta: 27.0m
step 01126/01500 (75.07%) | loss: 4.642147 | lrm: 0.41 | dt: 4316.36ms | tok/sec: 15,183 | bf16_mfu: 1.17 | epoch: 1 pq: 1 rg: 55 | total time: 80.40m | eta: 26.9m
step 01127/01500 (75.13%) | loss: 4.634174 | lrm: 0.41 | dt: 4278.16ms | tok/sec: 15,318 | bf16_mfu: 1.18 | epoch: 1 pq: 1 rg: 55 | total time: 80.47m | eta: 26.9m
step 01128/01500 (75.20%) | loss: 4.629264 | lrm: 0.41 | dt: 4254.06ms | tok/sec: 15,405 | bf16_mfu: 1.18 | epoch: 1 pq: 1 rg: 56 | total time: 80.54m | eta: 26.8m
step 01129/01500 (75.27%) | loss: 4.616401 | lrm: 0.41 | dt: 4280.87ms | tok/sec: 15,309 | bf16_mfu: 1.18 | epoch: 1 pq: 1 rg: 56 | total time: 80.61m | eta: 26.7m
step 01130/01500 (75.33%) | loss: 4.612955 | lrm: 0.41 | dt: 4272.30ms | tok/sec: 15,339 | bf16_mfu: 1.18 | epoch: 1 pq: 1 rg: 56 | total time: 80.68m | eta: 26.7m
step 01131/01500 (75.40%) | loss: 4.625389 | lrm: 0.41 | dt: 4296.71ms | tok/sec: 15,252 | bf16_mfu: 1.17 | epoch: 1 pq: 1 rg: 56 | total time: 80.75m | eta: 26.6m
step 01132/01500 (75.47%) | loss: 4.636659 | lrm: 0.41 | dt: 4292.11ms | tok/sec: 15,268 | bf16_mfu: 1.17 | epoch: 1 pq: 1 rg: 56 | total time: 80.83m | eta: 26.5m
step 01133/01500 (75.53%) | loss: 4.648440 | lrm: 0.41 | dt: 4305.74ms | tok/sec: 15,220 | bf16_mfu: 1.17 | epoch: 1 pq: 1 rg: 56 | total time: 80.90m | eta: 26.4m
step 01134/01500 (75.60%) | loss: 4.646609 | lrm: 0.41 | dt: 4267.02ms | tok/sec: 15,358 | bf16_mfu: 1.18 | epoch: 1 pq: 1 rg: 56 | total time: 80.97m | eta: 26.4m
step 01135/01500 (75.67%) | loss: 4.647125 | lrm: 0.41 | dt: 4269.25ms | tok/sec: 15,350 | bf16_mfu: 1.18 | epoch: 1 pq: 1 rg: 56 | total time: 81.04m | eta: 26.3m
step 01136/01500 (75.73%) | loss: 4.654788 | lrm: 0.40 | dt: 4299.87ms | tok/sec: 15,241 | bf16_mfu: 1.17 | epoch: 1 pq: 1 rg: 57 | total time: 81.11m | eta: 26.2m
step 01137/01500 (75.80%) | loss: 4.650493 | lrm: 0.40 | dt: 4280.50ms | tok/sec: 15,310 | bf16_mfu: 1.18 | epoch: 1 pq: 1 rg: 57 | total time: 81.18m | eta: 26.1m
step 01138/01500 (75.87%) | loss: 4.635856 | lrm: 0.40 | dt: 4270.90ms | tok/sec: 15,344 | bf16_mfu: 1.18 | epoch: 1 pq: 1 rg: 57 | total time: 81.25m | eta: 26.1m
step 01139/01500 (75.93%) | loss: 4.636369 | lrm: 0.40 | dt: 4295.67ms | tok/sec: 15,256 | bf16_mfu: 1.17 | epoch: 1 pq: 1 rg: 57 | total time: 81.33m | eta: 26.0m
step 01140/01500 (76.00%) | loss: 4.625871 | lrm: 0.40 | dt: 4283.88ms | tok/sec: 15,298 | bf16_mfu: 1.18 | epoch: 1 pq: 1 rg: 57 | total time: 81.40m | eta: 25.9m
step 01141/01500 (76.07%) | loss: 4.636629 | lrm: 0.40 | dt: 4329.89ms | tok/sec: 15,135 | bf16_mfu: 1.16 | epoch: 1 pq: 1 rg: 57 | total time: 81.47m | eta: 25.9m
step 01142/01500 (76.13%) | loss: 4.621359 | lrm: 0.40 | dt: 4291.54ms | tok/sec: 15,270 | bf16_mfu: 1.17 | epoch: 1 pq: 1 rg: 57 | total time: 81.54m | eta: 25.8m
step 01143/01500 (76.20%) | loss: 4.630209 | lrm: 0.40 | dt: 4294.85ms | tok/sec: 15,259 | bf16_mfu: 1.17 | epoch: 1 pq: 1 rg: 57 | total time: 81.61m | eta: 25.7m
step 01144/01500 (76.27%) | loss: 4.621397 | lrm: 0.40 | dt: 4281.12ms | tok/sec: 15,308 | bf16_mfu: 1.18 | epoch: 1 pq: 1 rg: 58 | total time: 81.68m | eta: 25.6m
step 01145/01500 (76.33%) | loss: 4.615135 | lrm: 0.40 | dt: 4287.79ms | tok/sec: 15,284 | bf16_mfu: 1.17 | epoch: 1 pq: 1 rg: 58 | total time: 81.76m | eta: 25.6m
step 01146/01500 (76.40%) | loss: 4.613068 | lrm: 0.39 | dt: 4320.45ms | tok/sec: 15,168 | bf16_mfu: 1.17 | epoch: 1 pq: 1 rg: 58 | total time: 81.83m | eta: 25.5m
step 01147/01500 (76.47%) | loss: 4.619352 | lrm: 0.39 | dt: 4259.79ms | tok/sec: 15,384 | bf16_mfu: 1.18 | epoch: 1 pq: 1 rg: 58 | total time: 81.90m | eta: 25.4m
step 01148/01500 (76.53%) | loss: 4.605817 | lrm: 0.39 | dt: 4266.62ms | tok/sec: 15,360 | bf16_mfu: 1.18 | epoch: 1 pq: 1 rg: 58 | total time: 81.97m | eta: 25.4m
step 01149/01500 (76.60%) | loss: 4.605811 | lrm: 0.39 | dt: 4258.85ms | tok/sec: 15,388 | bf16_mfu: 1.18 | epoch: 1 pq: 1 rg: 58 | total time: 82.04m | eta: 25.3m
step 01150/01500 (76.67%) | loss: 4.591536 | lrm: 0.39 | dt: 5146.28ms | tok/sec: 12,734 | bf16_mfu: 0.98 | epoch: 1 pq: 1 rg: 58 | total time: 82.13m | eta: 25.2m
step 01151/01500 (76.73%) | loss: 4.582386 | lrm: 0.39 | dt: 4329.89ms | tok/sec: 15,135 | bf16_mfu: 1.16 | epoch: 1 pq: 1 rg: 58 | total time: 82.20m | eta: 25.1m
step 01152/01500 (76.80%) | loss: 4.592861 | lrm: 0.39 | dt: 4313.54ms | tok/sec: 15,193 | bf16_mfu: 1.17 | epoch: 1 pq: 1 rg: 58 | total time: 82.27m | eta: 25.1m
step 01153/01500 (76.87%) | loss: 4.614540 | lrm: 0.39 | dt: 4299.88ms | tok/sec: 15,241 | bf16_mfu: 1.17 | epoch: 1 pq: 1 rg: 59 | total time: 82.34m | eta: 25.0m
step 01154/01500 (76.93%) | loss: 4.628623 | lrm: 0.39 | dt: 4297.71ms | tok/sec: 15,249 | bf16_mfu: 1.17 | epoch: 1 pq: 1 rg: 59 | total time: 82.41m | eta: 24.9m
step 01155/01500 (77.00%) | loss: 4.646539 | lrm: 0.39 | dt: 4284.85ms | tok/sec: 15,294 | bf16_mfu: 1.17 | epoch: 1 pq: 1 rg: 59 | total time: 82.48m | eta: 24.9m
step 01156/01500 (77.07%) | loss: 4.635947 | lrm: 0.39 | dt: 4263.41ms | tok/sec: 15,371 | bf16_mfu: 1.18 | epoch: 1 pq: 1 rg: 59 | total time: 82.56m | eta: 24.8m
step 01157/01500 (77.13%) | loss: 4.625452 | lrm: 0.38 | dt: 4267.00ms | tok/sec: 15,358 | bf16_mfu: 1.18 | epoch: 1 pq: 1 rg: 59 | total time: 82.63m | eta: 24.7m
step 01158/01500 (77.20%) | loss: 4.618497 | lrm: 0.38 | dt: 4295.98ms | tok/sec: 15,255 | bf16_mfu: 1.17 | epoch: 1 pq: 1 rg: 59 | total time: 82.70m | eta: 24.6m
step 01159/01500 (77.27%) | loss: 4.623404 | lrm: 0.38 | dt: 4293.43ms | tok/sec: 15,264 | bf16_mfu: 1.17 | epoch: 1 pq: 1 rg: 59 | total time: 82.77m | eta: 24.6m
step 01160/01500 (77.33%) | loss: 4.626927 | lrm: 0.38 | dt: 4305.00ms | tok/sec: 15,223 | bf16_mfu: 1.17 | epoch: 1 pq: 1 rg: 59 | total time: 82.84m | eta: 24.5m
step 01161/01500 (77.40%) | loss: 4.618158 | lrm: 0.38 | dt: 4345.40ms | tok/sec: 15,081 | bf16_mfu: 1.16 | epoch: 1 pq: 1 rg: 60 | total time: 82.91m | eta: 24.4m
step 01162/01500 (77.47%) | loss: 4.625181 | lrm: 0.38 | dt: 4247.47ms | tok/sec: 15,429 | bf16_mfu: 1.19 | epoch: 1 pq: 1 rg: 60 | total time: 82.99m | eta: 24.3m
step 01163/01500 (77.53%) | loss: 4.614513 | lrm: 0.38 | dt: 4299.35ms | tok/sec: 15,243 | bf16_mfu: 1.17 | epoch: 1 pq: 1 rg: 60 | total time: 83.06m | eta: 24.3m
step 01164/01500 (77.60%) | loss: 4.618216 | lrm: 0.38 | dt: 4248.33ms | tok/sec: 15,426 | bf16_mfu: 1.18 | epoch: 1 pq: 1 rg: 60 | total time: 83.13m | eta: 24.2m
step 01165/01500 (77.67%) | loss: 4.619109 | lrm: 0.38 | dt: 4273.19ms | tok/sec: 15,336 | bf16_mfu: 1.18 | epoch: 1 pq: 1 rg: 60 | total time: 83.20m | eta: 24.1m
step 01166/01500 (77.73%) | loss: 4.618787 | lrm: 0.38 | dt: 4318.46ms | tok/sec: 15,175 | bf16_mfu: 1.17 | epoch: 1 pq: 1 rg: 60 | total time: 83.27m | eta: 24.1m
step 01167/01500 (77.80%) | loss: 4.617070 | lrm: 0.37 | dt: 4249.66ms | tok/sec: 15,421 | bf16_mfu: 1.18 | epoch: 1 pq: 1 rg: 60 | total time: 83.34m | eta: 24.0m
step 01168/01500 (77.87%) | loss: 4.631623 | lrm: 0.37 | dt: 4271.52ms | tok/sec: 15,342 | bf16_mfu: 1.18 | epoch: 1 pq: 1 rg: 60 | total time: 83.41m | eta: 23.9m
step 01169/01500 (77.93%) | loss: 4.636627 | lrm: 0.37 | dt: 4304.29ms | tok/sec: 15,225 | bf16_mfu: 1.17 | epoch: 1 pq: 1 rg: 61 | total time: 83.48m | eta: 23.8m
step 01170/01500 (78.00%) | loss: 4.636903 | lrm: 0.37 | dt: 4273.23ms | tok/sec: 15,336 | bf16_mfu: 1.18 | epoch: 1 pq: 1 rg: 61 | total time: 83.56m | eta: 23.8m
step 01171/01500 (78.07%) | loss: 4.641011 | lrm: 0.37 | dt: 4293.23ms | tok/sec: 15,264 | bf16_mfu: 1.17 | epoch: 1 pq: 1 rg: 61 | total time: 83.63m | eta: 23.7m
step 01172/01500 (78.13%) | loss: 4.636596 | lrm: 0.37 | dt: 4290.79ms | tok/sec: 15,273 | bf16_mfu: 1.17 | epoch: 1 pq: 1 rg: 61 | total time: 83.70m | eta: 23.6m
step 01173/01500 (78.20%) | loss: 4.618856 | lrm: 0.37 | dt: 4318.89ms | tok/sec: 15,174 | bf16_mfu: 1.17 | epoch: 1 pq: 1 rg: 61 | total time: 83.77m | eta: 23.6m
step 01174/01500 (78.27%) | loss: 4.605290 | lrm: 0.37 | dt: 4292.95ms | tok/sec: 15,265 | bf16_mfu: 1.17 | epoch: 1 pq: 1 rg: 61 | total time: 83.84m | eta: 23.5m
step 01175/01500 (78.33%) | loss: 4.598949 | lrm: 0.37 | dt: 4324.28ms | tok/sec: 15,155 | bf16_mfu: 1.16 | epoch: 1 pq: 1 rg: 61 | total time: 83.91m | eta: 23.4m
step 01176/01500 (78.40%) | loss: 4.586561 | lrm: 0.37 | dt: 4302.26ms | tok/sec: 15,232 | bf16_mfu: 1.17 | epoch: 1 pq: 1 rg: 61 | total time: 83.99m | eta: 23.3m
step 01177/01500 (78.47%) | loss: 4.577227 | lrm: 0.36 | dt: 4323.01ms | tok/sec: 15,159 | bf16_mfu: 1.16 | epoch: 1 pq: 1 rg: 62 | total time: 84.06m | eta: 23.3m
step 01178/01500 (78.53%) | loss: 4.567988 | lrm: 0.36 | dt: 4269.08ms | tok/sec: 15,351 | bf16_mfu: 1.18 | epoch: 1 pq: 1 rg: 62 | total time: 84.13m | eta: 23.2m
step 01179/01500 (78.60%) | loss: 4.566370 | lrm: 0.36 | dt: 4252.96ms | tok/sec: 15,409 | bf16_mfu: 1.18 | epoch: 1 pq: 1 rg: 62 | total time: 84.20m | eta: 23.1m
step 01180/01500 (78.67%) | loss: 4.564382 | lrm: 0.36 | dt: 4285.61ms | tok/sec: 15,292 | bf16_mfu: 1.17 | epoch: 1 pq: 1 rg: 62 | total time: 84.27m | eta: 23.0m
step 01181/01500 (78.73%) | loss: 4.566785 | lrm: 0.36 | dt: 4286.52ms | tok/sec: 15,288 | bf16_mfu: 1.17 | epoch: 1 pq: 1 rg: 62 | total time: 84.34m | eta: 23.0m
step 01182/01500 (78.80%) | loss: 4.565647 | lrm: 0.36 | dt: 4269.37ms | tok/sec: 15,350 | bf16_mfu: 1.18 | epoch: 1 pq: 1 rg: 62 | total time: 84.41m | eta: 22.9m
step 01183/01500 (78.87%) | loss: 4.585620 | lrm: 0.36 | dt: 4280.82ms | tok/sec: 15,309 | bf16_mfu: 1.18 | epoch: 1 pq: 1 rg: 62 | total time: 84.49m | eta: 22.8m
step 01184/01500 (78.93%) | loss: 4.586878 | lrm: 0.36 | dt: 4300.95ms | tok/sec: 15,237 | bf16_mfu: 1.17 | epoch: 1 pq: 1 rg: 62 | total time: 84.56m | eta: 22.8m
step 01185/01500 (79.00%) | loss: 4.579228 | lrm: 0.36 | dt: 4273.46ms | tok/sec: 15,335 | bf16_mfu: 1.18 | epoch: 1 pq: 1 rg: 62 | total time: 84.63m | eta: 22.7m
step 01186/01500 (79.07%) | loss: 4.581442 | lrm: 0.36 | dt: 4286.73ms | tok/sec: 15,288 | bf16_mfu: 1.17 | epoch: 1 pq: 1 rg: 63 | total time: 84.70m | eta: 22.6m
step 01187/01500 (79.13%) | loss: 4.590166 | lrm: 0.35 | dt: 4325.56ms | tok/sec: 15,150 | bf16_mfu: 1.16 | epoch: 1 pq: 1 rg: 63 | total time: 84.77m | eta: 22.5m
step 01188/01500 (79.20%) | loss: 4.603931 | lrm: 0.35 | dt: 4287.93ms | tok/sec: 15,283 | bf16_mfu: 1.17 | epoch: 1 pq: 1 rg: 63 | total time: 84.84m | eta: 22.5m
step 01189/01500 (79.27%) | loss: 4.608900 | lrm: 0.35 | dt: 4313.24ms | tok/sec: 15,194 | bf16_mfu: 1.17 | epoch: 1 pq: 1 rg: 63 | total time: 84.92m | eta: 22.4m
step 01190/01500 (79.33%) | loss: 4.613096 | lrm: 0.35 | dt: 4289.07ms | tok/sec: 15,279 | bf16_mfu: 1.17 | epoch: 1 pq: 1 rg: 63 | total time: 84.99m | eta: 22.3m
step 01191/01500 (79.40%) | loss: 4.609270 | lrm: 0.35 | dt: 4299.98ms | tok/sec: 15,240 | bf16_mfu: 1.17 | epoch: 1 pq: 1 rg: 63 | total time: 85.06m | eta: 22.3m
step 01192/01500 (79.47%) | loss: 4.618643 | lrm: 0.35 | dt: 4286.14ms | tok/sec: 15,290 | bf16_mfu: 1.17 | epoch: 1 pq: 1 rg: 63 | total time: 85.13m | eta: 22.2m
step 01193/01500 (79.53%) | loss: 4.615339 | lrm: 0.35 | dt: 4273.02ms | tok/sec: 15,337 | bf16_mfu: 1.18 | epoch: 1 pq: 1 rg: 63 | total time: 85.20m | eta: 22.1m
step 01194/01500 (79.60%) | loss: 4.624142 | lrm: 0.35 | dt: 4343.49ms | tok/sec: 15,088 | bf16_mfu: 1.16 | epoch: 1 pq: 1 rg: 64 | total time: 85.27m | eta: 22.0m
step 01195/01500 (79.67%) | loss: 4.625348 | lrm: 0.35 | dt: 4297.20ms | tok/sec: 15,250 | bf16_mfu: 1.17 | epoch: 1 pq: 1 rg: 64 | total time: 85.35m | eta: 22.0m
step 01196/01500 (79.73%) | loss: 4.620947 | lrm: 0.35 | dt: 4267.54ms | tok/sec: 15,356 | bf16_mfu: 1.18 | epoch: 1 pq: 1 rg: 64 | total time: 85.42m | eta: 21.9m
step 01197/01500 (79.80%) | loss: 4.617744 | lrm: 0.35 | dt: 4265.53ms | tok/sec: 15,364 | bf16_mfu: 1.18 | epoch: 1 pq: 1 rg: 64 | total time: 85.49m | eta: 21.8m
step 01198/01500 (79.87%) | loss: 4.617066 | lrm: 0.34 | dt: 4262.34ms | tok/sec: 15,375 | bf16_mfu: 1.18 | epoch: 1 pq: 1 rg: 64 | total time: 85.56m | eta: 21.7m
step 01199/01500 (79.93%) | loss: 4.629954 | lrm: 0.34 | dt: 4304.30ms | tok/sec: 15,225 | bf16_mfu: 1.17 | epoch: 1 pq: 1 rg: 64 | total time: 85.63m | eta: 21.7m
step 01200/01500 (80.00%) | loss: 4.634405 | lrm: 0.34 | dt: 5185.73ms | tok/sec: 12,637 | bf16_mfu: 0.97 | epoch: 1 pq: 1 rg: 64 | total time: 85.72m | eta: 21.6m
step 01201/01500 (80.07%) | loss: 4.638913 | lrm: 0.34 | dt: 4260.18ms | tok/sec: 15,383 | bf16_mfu: 1.18 | epoch: 1 pq: 1 rg: 64 | total time: 85.79m | eta: 21.5m
step 01202/01500 (80.13%) | loss: 4.636161 | lrm: 0.34 | dt: 4297.67ms | tok/sec: 15,249 | bf16_mfu: 1.17 | epoch: 1 pq: 1 rg: 65 | total time: 85.86m | eta: 21.5m
step 01203/01500 (80.20%) | loss: 4.645290 | lrm: 0.34 | dt: 4281.90ms | tok/sec: 15,305 | bf16_mfu: 1.18 | epoch: 1 pq: 1 rg: 65 | total time: 85.93m | eta: 21.4m
step 01204/01500 (80.27%) | loss: 4.640199 | lrm: 0.34 | dt: 4280.64ms | tok/sec: 15,309 | bf16_mfu: 1.18 | epoch: 1 pq: 1 rg: 65 | total time: 86.00m | eta: 21.3m
step 01205/01500 (80.33%) | loss: 4.640068 | lrm: 0.34 | dt: 4280.03ms | tok/sec: 15,312 | bf16_mfu: 1.18 | epoch: 1 pq: 1 rg: 65 | total time: 86.07m | eta: 21.2m
step 01206/01500 (80.40%) | loss: 4.621009 | lrm: 0.34 | dt: 4275.48ms | tok/sec: 15,328 | bf16_mfu: 1.18 | epoch: 1 pq: 1 rg: 65 | total time: 86.14m | eta: 21.2m
step 01207/01500 (80.47%) | loss: 4.617135 | lrm: 0.34 | dt: 4262.39ms | tok/sec: 15,375 | bf16_mfu: 1.18 | epoch: 1 pq: 1 rg: 65 | total time: 86.22m | eta: 21.1m
step 01208/01500 (80.53%) | loss: 4.615537 | lrm: 0.33 | dt: 4292.24ms | tok/sec: 15,268 | bf16_mfu: 1.17 | epoch: 1 pq: 1 rg: 65 | total time: 86.29m | eta: 21.0m
step 01209/01500 (80.60%) | loss: 4.620770 | lrm: 0.33 | dt: 4284.71ms | tok/sec: 15,295 | bf16_mfu: 1.17 | epoch: 1 pq: 1 rg: 65 | total time: 86.36m | eta: 21.0m
step 01210/01500 (80.67%) | loss: 4.618652 | lrm: 0.33 | dt: 4326.13ms | tok/sec: 15,148 | bf16_mfu: 1.16 | epoch: 1 pq: 1 rg: 66 | total time: 86.43m | eta: 20.9m
step 01211/01500 (80.73%) | loss: 4.622932 | lrm: 0.33 | dt: 4320.36ms | tok/sec: 15,169 | bf16_mfu: 1.17 | epoch: 1 pq: 1 rg: 66 | total time: 86.50m | eta: 20.8m
step 01212/01500 (80.80%) | loss: 4.629204 | lrm: 0.33 | dt: 4280.16ms | tok/sec: 15,311 | bf16_mfu: 1.18 | epoch: 1 pq: 1 rg: 66 | total time: 86.57m | eta: 20.7m
step 01213/01500 (80.87%) | loss: 4.628325 | lrm: 0.33 | dt: 4271.80ms | tok/sec: 15,341 | bf16_mfu: 1.18 | epoch: 1 pq: 1 rg: 66 | total time: 86.65m | eta: 20.7m
step 01214/01500 (80.93%) | loss: 4.625596 | lrm: 0.33 | dt: 4282.66ms | tok/sec: 15,302 | bf16_mfu: 1.18 | epoch: 1 pq: 1 rg: 66 | total time: 86.72m | eta: 20.6m
step 01215/01500 (81.00%) | loss: 4.611212 | lrm: 0.33 | dt: 4288.91ms | tok/sec: 15,280 | bf16_mfu: 1.17 | epoch: 1 pq: 1 rg: 66 | total time: 86.79m | eta: 20.5m
step 01216/01500 (81.07%) | loss: 4.613339 | lrm: 0.33 | dt: 4262.15ms | tok/sec: 15,376 | bf16_mfu: 1.18 | epoch: 1 pq: 1 rg: 66 | total time: 86.86m | eta: 20.5m
step 01217/01500 (81.13%) | loss: 4.603553 | lrm: 0.33 | dt: 4287.94ms | tok/sec: 15,283 | bf16_mfu: 1.17 | epoch: 1 pq: 1 rg: 66 | total time: 86.93m | eta: 20.4m
step 01218/01500 (81.20%) | loss: 4.602458 | lrm: 0.32 | dt: 4331.99ms | tok/sec: 15,128 | bf16_mfu: 1.16 | epoch: 1 pq: 1 rg: 67 | total time: 87.00m | eta: 20.3m
step 01219/01500 (81.27%) | loss: 4.592068 | lrm: 0.32 | dt: 4273.35ms | tok/sec: 15,335 | bf16_mfu: 1.18 | epoch: 1 pq: 1 rg: 67 | total time: 87.07m | eta: 20.2m
step 01220/01500 (81.33%) | loss: 4.582795 | lrm: 0.32 | dt: 4261.86ms | tok/sec: 15,377 | bf16_mfu: 1.18 | epoch: 1 pq: 1 rg: 67 | total time: 87.14m | eta: 20.2m
step 01221/01500 (81.40%) | loss: 4.569324 | lrm: 0.32 | dt: 4283.44ms | tok/sec: 15,299 | bf16_mfu: 1.18 | epoch: 1 pq: 1 rg: 67 | total time: 87.22m | eta: 20.1m
step 01222/01500 (81.47%) | loss: 4.576710 | lrm: 0.32 | dt: 4275.02ms | tok/sec: 15,329 | bf16_mfu: 1.18 | epoch: 1 pq: 1 rg: 67 | total time: 87.29m | eta: 20.0m
step 01223/01500 (81.53%) | loss: 4.570927 | lrm: 0.32 | dt: 4302.60ms | tok/sec: 15,231 | bf16_mfu: 1.17 | epoch: 1 pq: 1 rg: 67 | total time: 87.36m | eta: 19.9m
step 01224/01500 (81.60%) | loss: 4.583730 | lrm: 0.32 | dt: 4316.48ms | tok/sec: 15,182 | bf16_mfu: 1.17 | epoch: 1 pq: 1 rg: 67 | total time: 87.43m | eta: 19.9m
step 01225/01500 (81.67%) | loss: 4.573810 | lrm: 0.32 | dt: 4278.21ms | tok/sec: 15,318 | bf16_mfu: 1.18 | epoch: 1 pq: 1 rg: 67 | total time: 87.50m | eta: 19.8m
step 01226/01500 (81.73%) | loss: 4.571198 | lrm: 0.32 | dt: 4299.01ms | tok/sec: 15,244 | bf16_mfu: 1.17 | epoch: 1 pq: 1 rg: 68 | total time: 87.57m | eta: 19.7m
step 01227/01500 (81.80%) | loss: 4.573879 | lrm: 0.32 | dt: 4262.53ms | tok/sec: 15,374 | bf16_mfu: 1.18 | epoch: 1 pq: 1 rg: 68 | total time: 87.65m | eta: 19.7m
step 01228/01500 (81.87%) | loss: 4.554235 | lrm: 0.32 | dt: 4269.23ms | tok/sec: 15,350 | bf16_mfu: 1.18 | epoch: 1 pq: 1 rg: 68 | total time: 87.72m | eta: 19.6m
step 01229/01500 (81.93%) | loss: 4.562149 | lrm: 0.31 | dt: 4280.77ms | tok/sec: 15,309 | bf16_mfu: 1.18 | epoch: 1 pq: 1 rg: 68 | total time: 87.79m | eta: 19.5m
step 01230/01500 (82.00%) | loss: 4.570928 | lrm: 0.31 | dt: 4282.98ms | tok/sec: 15,301 | bf16_mfu: 1.18 | epoch: 1 pq: 1 rg: 68 | total time: 87.86m | eta: 19.4m
step 01231/01500 (82.07%) | loss: 4.582516 | lrm: 0.31 | dt: 4336.09ms | tok/sec: 15,114 | bf16_mfu: 1.16 | epoch: 1 pq: 1 rg: 68 | total time: 87.93m | eta: 19.4m
step 01232/01500 (82.13%) | loss: 4.569277 | lrm: 0.31 | dt: 4299.37ms | tok/sec: 15,243 | bf16_mfu: 1.17 | epoch: 1 pq: 1 rg: 68 | total time: 88.00m | eta: 19.3m
step 01233/01500 (82.20%) | loss: 4.582724 | lrm: 0.31 | dt: 4237.21ms | tok/sec: 15,466 | bf16_mfu: 1.19 | epoch: 1 pq: 1 rg: 68 | total time: 88.07m | eta: 19.2m
step 01234/01500 (82.27%) | loss: 4.586954 | lrm: 0.31 | dt: 4312.44ms | tok/sec: 15,196 | bf16_mfu: 1.17 | epoch: 1 pq: 1 rg: 68 | total time: 88.15m | eta: 19.2m
step 01235/01500 (82.33%) | loss: 4.584908 | lrm: 0.31 | dt: 4317.86ms | tok/sec: 15,177 | bf16_mfu: 1.17 | epoch: 1 pq: 1 rg: 69 | total time: 88.22m | eta: 19.1m
step 01236/01500 (82.40%) | loss: 4.576346 | lrm: 0.31 | dt: 4265.18ms | tok/sec: 15,365 | bf16_mfu: 1.18 | epoch: 1 pq: 1 rg: 69 | total time: 88.29m | eta: 19.0m
step 01237/01500 (82.47%) | loss: 4.581704 | lrm: 0.31 | dt: 4296.07ms | tok/sec: 15,254 | bf16_mfu: 1.17 | epoch: 1 pq: 1 rg: 69 | total time: 88.36m | eta: 18.9m
step 01238/01500 (82.53%) | loss: 4.576179 | lrm: 0.31 | dt: 4337.49ms | tok/sec: 15,109 | bf16_mfu: 1.16 | epoch: 1 pq: 1 rg: 69 | total time: 88.43m | eta: 18.9m
step 01239/01500 (82.60%) | loss: 4.594087 | lrm: 0.30 | dt: 4311.52ms | tok/sec: 15,200 | bf16_mfu: 1.17 | epoch: 1 pq: 1 rg: 69 | total time: 88.50m | eta: 18.8m
step 01240/01500 (82.67%) | loss: 4.601112 | lrm: 0.30 | dt: 4277.64ms | tok/sec: 15,320 | bf16_mfu: 1.18 | epoch: 1 pq: 1 rg: 69 | total time: 88.58m | eta: 18.7m
step 01241/01500 (82.73%) | loss: 4.608447 | lrm: 0.30 | dt: 4258.64ms | tok/sec: 15,388 | bf16_mfu: 1.18 | epoch: 1 pq: 1 rg: 69 | total time: 88.65m | eta: 18.7m
step 01242/01500 (82.80%) | loss: 4.606404 | lrm: 0.30 | dt: 4274.11ms | tok/sec: 15,333 | bf16_mfu: 1.18 | epoch: 1 pq: 1 rg: 69 | total time: 88.72m | eta: 18.6m
step 01243/01500 (82.87%) | loss: 4.610041 | lrm: 0.30 | dt: 4264.07ms | tok/sec: 15,369 | bf16_mfu: 1.18 | epoch: 1 pq: 1 rg: 70 | total time: 88.79m | eta: 18.5m
step 01244/01500 (82.93%) | loss: 4.603044 | lrm: 0.30 | dt: 4258.39ms | tok/sec: 15,389 | bf16_mfu: 1.18 | epoch: 1 pq: 1 rg: 70 | total time: 88.86m | eta: 18.4m
step 01245/01500 (83.00%) | loss: 4.599328 | lrm: 0.30 | dt: 4316.70ms | tok/sec: 15,181 | bf16_mfu: 1.17 | epoch: 1 pq: 1 rg: 70 | total time: 88.93m | eta: 18.4m
step 01246/01500 (83.07%) | loss: 4.592330 | lrm: 0.30 | dt: 4319.50ms | tok/sec: 15,172 | bf16_mfu: 1.17 | epoch: 1 pq: 1 rg: 70 | total time: 89.00m | eta: 18.3m
step 01247/01500 (83.13%) | loss: 4.581584 | lrm: 0.30 | dt: 4264.58ms | tok/sec: 15,367 | bf16_mfu: 1.18 | epoch: 1 pq: 1 rg: 70 | total time: 89.07m | eta: 18.2m
step 01248/01500 (83.20%) | loss: 4.580855 | lrm: 0.30 | dt: 4291.17ms | tok/sec: 15,272 | bf16_mfu: 1.17 | epoch: 1 pq: 1 rg: 70 | total time: 89.15m | eta: 18.1m
step 01249/01500 (83.27%) | loss: 4.573082 | lrm: 0.29 | dt: 4262.45ms | tok/sec: 15,375 | bf16_mfu: 1.18 | epoch: 1 pq: 1 rg: 70 | total time: 89.22m | eta: 18.1m
step 01250/01500 (83.33%) | loss: 4.555960 | lrm: 0.29 | dt: 5221.22ms | tok/sec: 12,551 | bf16_mfu: 0.96 | epoch: 1 pq: 1 rg: 70 | total time: 89.30m | eta: 18.0m
step 01251/01500 (83.40%) | loss: 4.565970 | lrm: 0.29 | dt: 4272.06ms | tok/sec: 15,340 | bf16_mfu: 1.18 | epoch: 1 pq: 1 rg: 71 | total time: 89.38m | eta: 17.9m
step 01252/01500 (83.47%) | loss: 4.562769 | lrm: 0.29 | dt: 4256.44ms | tok/sec: 15,396 | bf16_mfu: 1.18 | epoch: 1 pq: 1 rg: 71 | total time: 89.45m | eta: 17.9m
step 01253/01500 (83.53%) | loss: 4.561870 | lrm: 0.29 | dt: 4261.05ms | tok/sec: 15,380 | bf16_mfu: 1.18 | epoch: 1 pq: 1 rg: 71 | total time: 89.52m | eta: 17.8m
step 01254/01500 (83.60%) | loss: 4.566116 | lrm: 0.29 | dt: 4281.41ms | tok/sec: 15,307 | bf16_mfu: 1.18 | epoch: 1 pq: 1 rg: 71 | total time: 89.59m | eta: 17.7m
step 01255/01500 (83.67%) | loss: 4.568435 | lrm: 0.29 | dt: 4263.83ms | tok/sec: 15,370 | bf16_mfu: 1.18 | epoch: 1 pq: 1 rg: 71 | total time: 89.66m | eta: 17.6m
step 01256/01500 (83.73%) | loss: 4.570812 | lrm: 0.29 | dt: 4303.47ms | tok/sec: 15,228 | bf16_mfu: 1.17 | epoch: 1 pq: 1 rg: 71 | total time: 89.73m | eta: 17.6m
step 01257/01500 (83.80%) | loss: 4.558029 | lrm: 0.29 | dt: 4279.08ms | tok/sec: 15,315 | bf16_mfu: 1.18 | epoch: 1 pq: 1 rg: 71 | total time: 89.80m | eta: 17.5m
step 01258/01500 (83.87%) | loss: 4.566447 | lrm: 0.29 | dt: 4255.47ms | tok/sec: 15,400 | bf16_mfu: 1.18 | epoch: 1 pq: 1 rg: 71 | total time: 89.87m | eta: 17.4m
step 01259/01500 (83.93%) | loss: 4.561858 | lrm: 0.28 | dt: 4274.80ms | tok/sec: 15,330 | bf16_mfu: 1.18 | epoch: 1 pq: 1 rg: 72 | total time: 89.95m | eta: 17.4m
step 01260/01500 (84.00%) | loss: 4.558027 | lrm: 0.28 | dt: 4317.69ms | tok/sec: 15,178 | bf16_mfu: 1.17 | epoch: 1 pq: 1 rg: 72 | total time: 90.02m | eta: 17.3m
step 01261/01500 (84.07%) | loss: 4.550505 | lrm: 0.28 | dt: 4291.30ms | tok/sec: 15,271 | bf16_mfu: 1.17 | epoch: 1 pq: 1 rg: 72 | total time: 90.09m | eta: 17.2m
step 01262/01500 (84.13%) | loss: 4.537151 | lrm: 0.28 | dt: 4287.46ms | tok/sec: 15,285 | bf16_mfu: 1.17 | epoch: 1 pq: 1 rg: 72 | total time: 90.16m | eta: 17.1m
step 01263/01500 (84.20%) | loss: 4.535578 | lrm: 0.28 | dt: 4308.34ms | tok/sec: 15,211 | bf16_mfu: 1.17 | epoch: 1 pq: 1 rg: 72 | total time: 90.23m | eta: 17.1m
step 01264/01500 (84.27%) | loss: 4.532806 | lrm: 0.28 | dt: 4343.53ms | tok/sec: 15,088 | bf16_mfu: 1.16 | epoch: 1 pq: 1 rg: 72 | total time: 90.30m | eta: 17.0m
step 01265/01500 (84.33%) | loss: 4.532226 | lrm: 0.28 | dt: 4291.12ms | tok/sec: 15,272 | bf16_mfu: 1.17 | epoch: 1 pq: 1 rg: 72 | total time: 90.38m | eta: 16.9m
step 01266/01500 (84.40%) | loss: 4.522129 | lrm: 0.28 | dt: 4289.33ms | tok/sec: 15,278 | bf16_mfu: 1.17 | epoch: 1 pq: 1 rg: 72 | total time: 90.45m | eta: 16.9m
step 01267/01500 (84.47%) | loss: 4.521472 | lrm: 0.28 | dt: 4303.38ms | tok/sec: 15,228 | bf16_mfu: 1.17 | epoch: 1 pq: 1 rg: 73 | total time: 90.52m | eta: 16.8m
step 01268/01500 (84.53%) | loss: 4.519206 | lrm: 0.28 | dt: 4310.87ms | tok/sec: 15,202 | bf16_mfu: 1.17 | epoch: 1 pq: 1 rg: 73 | total time: 90.59m | eta: 16.7m
step 01269/01500 (84.60%) | loss: 4.529182 | lrm: 0.28 | dt: 4271.49ms | tok/sec: 15,342 | bf16_mfu: 1.18 | epoch: 1 pq: 1 rg: 73 | total time: 90.66m | eta: 16.6m
step 01270/01500 (84.67%) | loss: 4.531756 | lrm: 0.27 | dt: 4294.73ms | tok/sec: 15,259 | bf16_mfu: 1.17 | epoch: 1 pq: 1 rg: 73 | total time: 90.73m | eta: 16.6m
step 01271/01500 (84.73%) | loss: 4.517916 | lrm: 0.27 | dt: 4300.68ms | tok/sec: 15,238 | bf16_mfu: 1.17 | epoch: 1 pq: 1 rg: 73 | total time: 90.81m | eta: 16.5m
step 01272/01500 (84.80%) | loss: 4.519974 | lrm: 0.27 | dt: 4291.57ms | tok/sec: 15,270 | bf16_mfu: 1.17 | epoch: 1 pq: 1 rg: 73 | total time: 90.88m | eta: 16.4m
step 01273/01500 (84.87%) | loss: 4.518222 | lrm: 0.27 | dt: 4348.68ms | tok/sec: 15,070 | bf16_mfu: 1.16 | epoch: 1 pq: 1 rg: 73 | total time: 90.95m | eta: 16.3m
step 01274/01500 (84.93%) | loss: 4.539768 | lrm: 0.27 | dt: 4293.70ms | tok/sec: 15,263 | bf16_mfu: 1.17 | epoch: 1 pq: 1 rg: 73 | total time: 91.02m | eta: 16.3m
step 01275/01500 (85.00%) | loss: 4.551563 | lrm: 0.27 | dt: 4288.37ms | tok/sec: 15,282 | bf16_mfu: 1.17 | epoch: 1 pq: 1 rg: 73 | total time: 91.09m | eta: 16.2m
step 01276/01500 (85.07%) | loss: 4.545647 | lrm: 0.27 | dt: 4255.96ms | tok/sec: 15,398 | bf16_mfu: 1.18 | epoch: 1 pq: 1 rg: 74 | total time: 91.16m | eta: 16.1m
step 01277/01500 (85.13%) | loss: 4.537345 | lrm: 0.27 | dt: 4282.77ms | tok/sec: 15,302 | bf16_mfu: 1.18 | epoch: 1 pq: 1 rg: 74 | total time: 91.23m | eta: 16.1m
step 01278/01500 (85.20%) | loss: 4.535562 | lrm: 0.27 | dt: 4311.90ms | tok/sec: 15,198 | bf16_mfu: 1.17 | epoch: 1 pq: 1 rg: 74 | total time: 91.31m | eta: 16.0m
step 01279/01500 (85.27%) | loss: 4.551659 | lrm: 0.27 | dt: 4267.69ms | tok/sec: 15,356 | bf16_mfu: 1.18 | epoch: 1 pq: 1 rg: 74 | total time: 91.38m | eta: 15.9m
step 01280/01500 (85.33%) | loss: 4.532963 | lrm: 0.26 | dt: 4261.40ms | tok/sec: 15,378 | bf16_mfu: 1.18 | epoch: 1 pq: 1 rg: 74 | total time: 91.45m | eta: 15.8m
step 01281/01500 (85.40%) | loss: 4.528488 | lrm: 0.26 | dt: 4312.56ms | tok/sec: 15,196 | bf16_mfu: 1.17 | epoch: 1 pq: 1 rg: 74 | total time: 91.52m | eta: 15.8m
step 01282/01500 (85.47%) | loss: 4.527753 | lrm: 0.26 | dt: 4305.19ms | tok/sec: 15,222 | bf16_mfu: 1.17 | epoch: 1 pq: 1 rg: 74 | total time: 91.59m | eta: 15.7m
step 01283/01500 (85.53%) | loss: 4.537891 | lrm: 0.26 | dt: 4315.82ms | tok/sec: 15,185 | bf16_mfu: 1.17 | epoch: 1 pq: 1 rg: 74 | total time: 91.66m | eta: 15.6m
step 01284/01500 (85.60%) | loss: 4.547395 | lrm: 0.26 | dt: 4273.67ms | tok/sec: 15,334 | bf16_mfu: 1.18 | epoch: 1 pq: 1 rg: 75 | total time: 91.74m | eta: 15.6m
step 01285/01500 (85.67%) | loss: 4.560657 | lrm: 0.26 | dt: 4287.58ms | tok/sec: 15,285 | bf16_mfu: 1.17 | epoch: 1 pq: 1 rg: 75 | total time: 91.81m | eta: 15.5m
step 01286/01500 (85.73%) | loss: 4.555155 | lrm: 0.26 | dt: 4270.33ms | tok/sec: 15,346 | bf16_mfu: 1.18 | epoch: 1 pq: 1 rg: 75 | total time: 91.88m | eta: 15.4m
step 01287/01500 (85.80%) | loss: 4.570560 | lrm: 0.26 | dt: 4278.47ms | tok/sec: 15,317 | bf16_mfu: 1.18 | epoch: 1 pq: 1 rg: 75 | total time: 91.95m | eta: 15.3m
step 01288/01500 (85.87%) | loss: 4.570194 | lrm: 0.26 | dt: 4277.68ms | tok/sec: 15,320 | bf16_mfu: 1.18 | epoch: 1 pq: 1 rg: 75 | total time: 92.02m | eta: 15.3m
step 01289/01500 (85.93%) | loss: 4.564751 | lrm: 0.26 | dt: 4310.35ms | tok/sec: 15,204 | bf16_mfu: 1.17 | epoch: 1 pq: 1 rg: 75 | total time: 92.09m | eta: 15.2m
step 01290/01500 (86.00%) | loss: 4.560337 | lrm: 0.25 | dt: 4332.94ms | tok/sec: 15,125 | bf16_mfu: 1.16 | epoch: 1 pq: 1 rg: 75 | total time: 92.16m | eta: 15.1m
step 01291/01500 (86.07%) | loss: 4.573061 | lrm: 0.25 | dt: 4308.53ms | tok/sec: 15,210 | bf16_mfu: 1.17 | epoch: 1 pq: 1 rg: 75 | total time: 92.24m | eta: 15.0m
step 01292/01500 (86.13%) | loss: 4.568501 | lrm: 0.25 | dt: 4268.57ms | tok/sec: 15,353 | bf16_mfu: 1.18 | epoch: 1 pq: 1 rg: 76 | total time: 92.31m | eta: 15.0m
step 01293/01500 (86.20%) | loss: 4.565306 | lrm: 0.25 | dt: 4250.36ms | tok/sec: 15,418 | bf16_mfu: 1.18 | epoch: 1 pq: 1 rg: 76 | total time: 92.38m | eta: 14.9m
step 01294/01500 (86.27%) | loss: 4.564456 | lrm: 0.25 | dt: 4267.27ms | tok/sec: 15,357 | bf16_mfu: 1.18 | epoch: 1 pq: 1 rg: 76 | total time: 92.45m | eta: 14.8m
step 01295/01500 (86.33%) | loss: 4.561715 | lrm: 0.25 | dt: 4279.97ms | tok/sec: 15,312 | bf16_mfu: 1.18 | epoch: 1 pq: 1 rg: 76 | total time: 92.52m | eta: 14.8m
step 01296/01500 (86.40%) | loss: 4.556526 | lrm: 0.25 | dt: 4287.58ms | tok/sec: 15,285 | bf16_mfu: 1.17 | epoch: 1 pq: 1 rg: 76 | total time: 92.59m | eta: 14.7m
step 01297/01500 (86.47%) | loss: 4.548284 | lrm: 0.25 | dt: 4247.61ms | tok/sec: 15,428 | bf16_mfu: 1.19 | epoch: 1 pq: 1 rg: 76 | total time: 92.66m | eta: 14.6m
step 01298/01500 (86.53%) | loss: 4.550639 | lrm: 0.25 | dt: 4344.44ms | tok/sec: 15,085 | bf16_mfu: 1.16 | epoch: 1 pq: 1 rg: 76 | total time: 92.74m | eta: 14.5m
step 01299/01500 (86.60%) | loss: 4.545304 | lrm: 0.25 | dt: 4355.72ms | tok/sec: 15,045 | bf16_mfu: 1.16 | epoch: 1 pq: 1 rg: 76 | total time: 92.81m | eta: 14.5m
step 01300/01500 (86.67%) | loss: 4.536730 | lrm: 0.24 | dt: 5166.00ms | tok/sec: 12,686 | bf16_mfu: 0.97 | epoch: 1 pq: 1 rg: 77 | total time: 92.89m | eta: 14.4m
step 01301/01500 (86.73%) | loss: 4.540645 | lrm: 0.24 | dt: 4287.70ms | tok/sec: 15,284 | bf16_mfu: 1.17 | epoch: 1 pq: 1 rg: 77 | total time: 92.97m | eta: 14.3m
step 01302/01500 (86.80%) | loss: 4.536628 | lrm: 0.24 | dt: 4315.76ms | tok/sec: 15,185 | bf16_mfu: 1.17 | epoch: 1 pq: 1 rg: 77 | total time: 93.04m | eta: 14.3m
step 01303/01500 (86.87%) | loss: 4.529834 | lrm: 0.24 | dt: 4286.72ms | tok/sec: 15,288 | bf16_mfu: 1.17 | epoch: 1 pq: 1 rg: 77 | total time: 93.11m | eta: 14.2m
step 01304/01500 (86.93%) | loss: 4.546946 | lrm: 0.24 | dt: 4266.92ms | tok/sec: 15,359 | bf16_mfu: 1.18 | epoch: 1 pq: 1 rg: 77 | total time: 93.18m | eta: 14.1m
step 01305/01500 (87.00%) | loss: 4.547116 | lrm: 0.24 | dt: 4347.07ms | tok/sec: 15,075 | bf16_mfu: 1.16 | epoch: 1 pq: 1 rg: 77 | total time: 93.25m | eta: 14.0m
step 01306/01500 (87.07%) | loss: 4.576403 | lrm: 0.24 | dt: 4277.34ms | tok/sec: 15,321 | bf16_mfu: 1.18 | epoch: 1 pq: 1 rg: 77 | total time: 93.32m | eta: 14.0m
step 01307/01500 (87.13%) | loss: 4.561886 | lrm: 0.24 | dt: 4266.13ms | tok/sec: 15,361 | bf16_mfu: 1.18 | epoch: 1 pq: 1 rg: 77 | total time: 93.40m | eta: 13.9m
step 01308/01500 (87.20%) | loss: 4.560105 | lrm: 0.24 | dt: 4341.18ms | tok/sec: 15,096 | bf16_mfu: 1.16 | epoch: 1 pq: 1 rg: 78 | total time: 93.47m | eta: 13.8m
step 01309/01500 (87.27%) | loss: 4.567479 | lrm: 0.24 | dt: 4271.65ms | tok/sec: 15,342 | bf16_mfu: 1.18 | epoch: 1 pq: 1 rg: 78 | total time: 93.54m | eta: 13.8m
step 01310/01500 (87.33%) | loss: 4.553383 | lrm: 0.24 | dt: 4254.83ms | tok/sec: 15,402 | bf16_mfu: 1.18 | epoch: 1 pq: 1 rg: 78 | total time: 93.61m | eta: 13.7m
step 01311/01500 (87.40%) | loss: 4.556125 | lrm: 0.23 | dt: 4246.96ms | tok/sec: 15,431 | bf16_mfu: 1.19 | epoch: 1 pq: 1 rg: 78 | total time: 93.68m | eta: 13.6m
step 01312/01500 (87.47%) | loss: 4.561393 | lrm: 0.23 | dt: 4279.57ms | tok/sec: 15,313 | bf16_mfu: 1.18 | epoch: 1 pq: 1 rg: 78 | total time: 93.75m | eta: 13.5m
step 01313/01500 (87.53%) | loss: 4.568026 | lrm: 0.23 | dt: 4283.63ms | tok/sec: 15,299 | bf16_mfu: 1.18 | epoch: 1 pq: 1 rg: 78 | total time: 93.82m | eta: 13.5m
step 01314/01500 (87.60%) | loss: 4.566141 | lrm: 0.23 | dt: 4240.26ms | tok/sec: 15,455 | bf16_mfu: 1.19 | epoch: 1 pq: 1 rg: 78 | total time: 93.89m | eta: 13.4m
step 01315/01500 (87.67%) | loss: 4.564653 | lrm: 0.23 | dt: 4256.20ms | tok/sec: 15,397 | bf16_mfu: 1.18 | epoch: 1 pq: 1 rg: 78 | total time: 93.96m | eta: 13.3m
step 01316/01500 (87.73%) | loss: 4.568031 | lrm: 0.23 | dt: 4308.34ms | tok/sec: 15,211 | bf16_mfu: 1.17 | epoch: 1 pq: 1 rg: 79 | total time: 94.04m | eta: 13.2m
step 01317/01500 (87.80%) | loss: 4.566678 | lrm: 0.23 | dt: 4271.49ms | tok/sec: 15,342 | bf16_mfu: 1.18 | epoch: 1 pq: 1 rg: 79 | total time: 94.11m | eta: 13.2m
step 01318/01500 (87.87%) | loss: 4.556676 | lrm: 0.23 | dt: 4262.35ms | tok/sec: 15,375 | bf16_mfu: 1.18 | epoch: 1 pq: 1 rg: 79 | total time: 94.18m | eta: 13.1m
step 01319/01500 (87.93%) | loss: 4.552883 | lrm: 0.23 | dt: 4261.28ms | tok/sec: 15,379 | bf16_mfu: 1.18 | epoch: 1 pq: 1 rg: 79 | total time: 94.25m | eta: 13.0m
step 01320/01500 (88.00%) | loss: 4.551810 | lrm: 0.23 | dt: 4275.45ms | tok/sec: 15,328 | bf16_mfu: 1.18 | epoch: 1 pq: 1 rg: 79 | total time: 94.32m | eta: 13.0m
step 01321/01500 (88.07%) | loss: 4.558367 | lrm: 0.22 | dt: 4291.17ms | tok/sec: 15,272 | bf16_mfu: 1.17 | epoch: 1 pq: 1 rg: 79 | total time: 94.39m | eta: 12.9m
step 01322/01500 (88.13%) | loss: 4.563398 | lrm: 0.22 | dt: 4271.90ms | tok/sec: 15,341 | bf16_mfu: 1.18 | epoch: 1 pq: 1 rg: 79 | total time: 94.46m | eta: 12.8m
step 01323/01500 (88.20%) | loss: 4.585276 | lrm: 0.22 | dt: 4276.74ms | tok/sec: 15,323 | bf16_mfu: 1.18 | epoch: 1 pq: 1 rg: 79 | total time: 94.54m | eta: 12.7m
step 01324/01500 (88.27%) | loss: 4.613431 | lrm: 0.22 | dt: 4288.09ms | tok/sec: 15,283 | bf16_mfu: 1.17 | epoch: 1 pq: 1 rg: 79 | total time: 94.61m | eta: 12.7m
step 01325/01500 (88.33%) | loss: 4.602295 | lrm: 0.22 | dt: 4263.15ms | tok/sec: 15,372 | bf16_mfu: 1.18 | epoch: 1 pq: 1 rg: 80 | total time: 94.68m | eta: 12.6m
step 01326/01500 (88.40%) | loss: 4.600409 | lrm: 0.22 | dt: 4281.04ms | tok/sec: 15,308 | bf16_mfu: 1.18 | epoch: 1 pq: 1 rg: 80 | total time: 94.75m | eta: 12.5m
step 01327/01500 (88.47%) | loss: 4.605846 | lrm: 0.22 | dt: 4265.47ms | tok/sec: 15,364 | bf16_mfu: 1.18 | epoch: 1 pq: 1 rg: 80 | total time: 94.82m | eta: 12.5m
step 01328/01500 (88.53%) | loss: 4.617261 | lrm: 0.22 | dt: 4311.34ms | tok/sec: 15,200 | bf16_mfu: 1.17 | epoch: 1 pq: 1 rg: 80 | total time: 94.89m | eta: 12.4m
step 01329/01500 (88.60%) | loss: 4.612181 | lrm: 0.22 | dt: 4267.02ms | tok/sec: 15,358 | bf16_mfu: 1.18 | epoch: 1 pq: 1 rg: 80 | total time: 94.96m | eta: 12.3m
step 01330/01500 (88.67%) | loss: 4.602254 | lrm: 0.22 | dt: 4285.09ms | tok/sec: 15,293 | bf16_mfu: 1.17 | epoch: 1 pq: 1 rg: 80 | total time: 95.03m | eta: 12.2m
step 01331/01500 (88.73%) | loss: 4.599147 | lrm: 0.21 | dt: 4269.20ms | tok/sec: 15,350 | bf16_mfu: 1.18 | epoch: 1 pq: 1 rg: 80 | total time: 95.11m | eta: 12.2m
step 01332/01500 (88.80%) | loss: 4.595732 | lrm: 0.21 | dt: 4248.29ms | tok/sec: 15,426 | bf16_mfu: 1.18 | epoch: 1 pq: 1 rg: 80 | total time: 95.18m | eta: 12.1m
step 01333/01500 (88.87%) | loss: 4.587635 | lrm: 0.21 | dt: 4263.20ms | tok/sec: 15,372 | bf16_mfu: 1.18 | epoch: 1 pq: 1 rg: 81 | total time: 95.25m | eta: 12.0m
step 01334/01500 (88.93%) | loss: 4.576101 | lrm: 0.21 | dt: 4251.17ms | tok/sec: 15,415 | bf16_mfu: 1.18 | epoch: 1 pq: 1 rg: 81 | total time: 95.32m | eta: 12.0m
step 01335/01500 (89.00%) | loss: 4.570528 | lrm: 0.21 | dt: 4288.60ms | tok/sec: 15,281 | bf16_mfu: 1.17 | epoch: 1 pq: 1 rg: 81 | total time: 95.39m | eta: 11.9m
step 01336/01500 (89.07%) | loss: 4.581008 | lrm: 0.21 | dt: 4309.00ms | tok/sec: 15,209 | bf16_mfu: 1.17 | epoch: 1 pq: 1 rg: 81 | total time: 95.46m | eta: 11.8m
step 01337/01500 (89.13%) | loss: 4.573610 | lrm: 0.21 | dt: 4271.04ms | tok/sec: 15,344 | bf16_mfu: 1.18 | epoch: 1 pq: 1 rg: 81 | total time: 95.53m | eta: 11.7m
step 01338/01500 (89.20%) | loss: 4.571098 | lrm: 0.21 | dt: 4332.45ms | tok/sec: 15,126 | bf16_mfu: 1.16 | epoch: 1 pq: 1 rg: 81 | total time: 95.61m | eta: 11.7m
step 01339/01500 (89.27%) | loss: 4.569548 | lrm: 0.21 | dt: 4265.95ms | tok/sec: 15,362 | bf16_mfu: 1.18 | epoch: 1 pq: 1 rg: 81 | total time: 95.68m | eta: 11.6m
step 01340/01500 (89.33%) | loss: 4.560388 | lrm: 0.21 | dt: 4293.38ms | tok/sec: 15,264 | bf16_mfu: 1.17 | epoch: 1 pq: 1 rg: 81 | total time: 95.75m | eta: 11.5m
step 01341/01500 (89.40%) | loss: 4.572148 | lrm: 0.20 | dt: 4289.65ms | tok/sec: 15,277 | bf16_mfu: 1.17 | epoch: 1 pq: 1 rg: 82 | total time: 95.82m | eta: 11.4m
step 01342/01500 (89.47%) | loss: 4.567938 | lrm: 0.20 | dt: 4253.42ms | tok/sec: 15,407 | bf16_mfu: 1.18 | epoch: 1 pq: 1 rg: 82 | total time: 95.89m | eta: 11.4m
step 01343/01500 (89.53%) | loss: 4.562816 | lrm: 0.20 | dt: 4266.05ms | tok/sec: 15,362 | bf16_mfu: 1.18 | epoch: 1 pq: 1 rg: 82 | total time: 95.96m | eta: 11.3m
step 01344/01500 (89.60%) | loss: 4.561820 | lrm: 0.20 | dt: 4278.42ms | tok/sec: 15,317 | bf16_mfu: 1.18 | epoch: 1 pq: 1 rg: 82 | total time: 96.03m | eta: 11.2m
step 01345/01500 (89.67%) | loss: 4.555842 | lrm: 0.20 | dt: 4275.87ms | tok/sec: 15,326 | bf16_mfu: 1.18 | epoch: 1 pq: 1 rg: 82 | total time: 96.10m | eta: 11.2m
step 01346/01500 (89.73%) | loss: 4.557145 | lrm: 0.20 | dt: 4294.10ms | tok/sec: 15,261 | bf16_mfu: 1.17 | epoch: 1 pq: 1 rg: 82 | total time: 96.18m | eta: 11.1m
step 01347/01500 (89.80%) | loss: 4.582888 | lrm: 0.20 | dt: 4270.02ms | tok/sec: 15,347 | bf16_mfu: 1.18 | epoch: 1 pq: 1 rg: 82 | total time: 96.25m | eta: 11.0m
step 01348/01500 (89.87%) | loss: 4.583975 | lrm: 0.20 | dt: 4281.00ms | tok/sec: 15,308 | bf16_mfu: 1.18 | epoch: 1 pq: 1 rg: 82 | total time: 96.32m | eta: 10.9m
step 01349/01500 (89.93%) | loss: 4.574755 | lrm: 0.20 | dt: 4251.38ms | tok/sec: 15,415 | bf16_mfu: 1.18 | epoch: 1 pq: 1 rg: 82 | total time: 96.39m | eta: 10.9m
step 01350/01500 (90.00%) | loss: 4.586993 | lrm: 0.20 | dt: 5234.96ms | tok/sec: 12,518 | bf16_mfu: 0.96 | epoch: 1 pq: 1 rg: 83 | total time: 96.48m | eta: 10.8m
step 01351/01500 (90.07%) | loss: 4.590209 | lrm: 0.20 | dt: 4325.41ms | tok/sec: 15,151 | bf16_mfu: 1.16 | epoch: 1 pq: 1 rg: 83 | total time: 96.55m | eta: 10.7m
step 01352/01500 (90.13%) | loss: 4.598799 | lrm: 0.19 | dt: 4246.63ms | tok/sec: 15,432 | bf16_mfu: 1.19 | epoch: 1 pq: 1 rg: 83 | total time: 96.62m | eta: 10.7m
step 01353/01500 (90.20%) | loss: 4.599919 | lrm: 0.19 | dt: 4308.09ms | tok/sec: 15,212 | bf16_mfu: 1.17 | epoch: 1 pq: 1 rg: 83 | total time: 96.69m | eta: 10.6m
step 01354/01500 (90.27%) | loss: 4.601911 | lrm: 0.19 | dt: 4320.77ms | tok/sec: 15,167 | bf16_mfu: 1.17 | epoch: 1 pq: 1 rg: 83 | total time: 96.76m | eta: 10.5m
step 01355/01500 (90.33%) | loss: 4.599744 | lrm: 0.19 | dt: 4273.97ms | tok/sec: 15,333 | bf16_mfu: 1.18 | epoch: 1 pq: 1 rg: 83 | total time: 96.83m | eta: 10.4m
step 01356/01500 (90.40%) | loss: 4.593963 | lrm: 0.19 | dt: 4286.33ms | tok/sec: 15,289 | bf16_mfu: 1.17 | epoch: 1 pq: 1 rg: 83 | total time: 96.91m | eta: 10.4m
step 01357/01500 (90.47%) | loss: 4.585635 | lrm: 0.19 | dt: 4307.26ms | tok/sec: 15,215 | bf16_mfu: 1.17 | epoch: 1 pq: 1 rg: 83 | total time: 96.98m | eta: 10.3m
step 01358/01500 (90.53%) | loss: 4.578287 | lrm: 0.19 | dt: 4279.32ms | tok/sec: 15,314 | bf16_mfu: 1.18 | epoch: 1 pq: 2 rg: 0 | total time: 97.05m | eta: 10.2m
step 01359/01500 (90.60%) | loss: 4.565284 | lrm: 0.19 | dt: 4342.12ms | tok/sec: 15,093 | bf16_mfu: 1.16 | epoch: 1 pq: 2 rg: 0 | total time: 97.12m | eta: 10.2m
step 01360/01500 (90.67%) | loss: 4.562619 | lrm: 0.19 | dt: 4352.39ms | tok/sec: 15,057 | bf16_mfu: 1.16 | epoch: 1 pq: 2 rg: 0 | total time: 97.19m | eta: 10.1m
step 01361/01500 (90.73%) | loss: 4.546027 | lrm: 0.19 | dt: 4412.97ms | tok/sec: 14,850 | bf16_mfu: 1.14 | epoch: 1 pq: 2 rg: 0 | total time: 97.27m | eta: 10.0m
step 01362/01500 (90.80%) | loss: 4.544044 | lrm: 0.18 | dt: 4429.77ms | tok/sec: 14,794 | bf16_mfu: 1.14 | epoch: 1 pq: 2 rg: 0 | total time: 97.34m | eta: 9.9m
step 01363/01500 (90.87%) | loss: 4.532750 | lrm: 0.18 | dt: 4348.43ms | tok/sec: 15,071 | bf16_mfu: 1.16 | epoch: 1 pq: 2 rg: 0 | total time: 97.41m | eta: 9.9m
step 01364/01500 (90.93%) | loss: 4.527579 | lrm: 0.18 | dt: 4349.84ms | tok/sec: 15,066 | bf16_mfu: 1.16 | epoch: 1 pq: 2 rg: 0 | total time: 97.49m | eta: 9.8m
step 01365/01500 (91.00%) | loss: 4.526012 | lrm: 0.18 | dt: 4269.40ms | tok/sec: 15,350 | bf16_mfu: 1.18 | epoch: 1 pq: 2 rg: 0 | total time: 97.56m | eta: 9.7m
step 01366/01500 (91.07%) | loss: 4.527804 | lrm: 0.18 | dt: 4315.32ms | tok/sec: 15,186 | bf16_mfu: 1.17 | epoch: 1 pq: 2 rg: 1 | total time: 97.63m | eta: 9.6m
step 01367/01500 (91.13%) | loss: 4.529908 | lrm: 0.18 | dt: 4320.61ms | tok/sec: 15,168 | bf16_mfu: 1.17 | epoch: 1 pq: 2 rg: 1 | total time: 97.70m | eta: 9.6m
step 01368/01500 (91.20%) | loss: 4.538605 | lrm: 0.18 | dt: 4337.36ms | tok/sec: 15,109 | bf16_mfu: 1.16 | epoch: 1 pq: 2 rg: 1 | total time: 97.77m | eta: 9.5m
step 01369/01500 (91.27%) | loss: 4.526209 | lrm: 0.18 | dt: 4338.07ms | tok/sec: 15,107 | bf16_mfu: 1.16 | epoch: 1 pq: 2 rg: 1 | total time: 97.85m | eta: 9.4m
step 01370/01500 (91.33%) | loss: 4.510891 | lrm: 0.18 | dt: 4326.49ms | tok/sec: 15,147 | bf16_mfu: 1.16 | epoch: 1 pq: 2 rg: 1 | total time: 97.92m | eta: 9.4m
step 01371/01500 (91.40%) | loss: 4.512535 | lrm: 0.18 | dt: 4326.97ms | tok/sec: 15,145 | bf16_mfu: 1.16 | epoch: 1 pq: 2 rg: 1 | total time: 97.99m | eta: 9.3m
step 01372/01500 (91.47%) | loss: 4.532875 | lrm: 0.17 | dt: 4319.70ms | tok/sec: 15,171 | bf16_mfu: 1.17 | epoch: 1 pq: 2 rg: 1 | total time: 98.06m | eta: 9.2m
step 01373/01500 (91.53%) | loss: 4.547857 | lrm: 0.17 | dt: 4325.57ms | tok/sec: 15,150 | bf16_mfu: 1.16 | epoch: 1 pq: 2 rg: 1 | total time: 98.13m | eta: 9.1m
step 01374/01500 (91.60%) | loss: 4.544179 | lrm: 0.17 | dt: 4308.34ms | tok/sec: 15,211 | bf16_mfu: 1.17 | epoch: 1 pq: 2 rg: 1 | total time: 98.21m | eta: 9.1m
step 01375/01500 (91.67%) | loss: 4.541556 | lrm: 0.17 | dt: 4344.83ms | tok/sec: 15,083 | bf16_mfu: 1.16 | epoch: 1 pq: 2 rg: 2 | total time: 98.28m | eta: 9.0m
step 01376/01500 (91.73%) | loss: 4.550306 | lrm: 0.17 | dt: 4339.25ms | tok/sec: 15,103 | bf16_mfu: 1.16 | epoch: 1 pq: 2 rg: 2 | total time: 98.35m | eta: 8.9m
step 01377/01500 (91.80%) | loss: 4.551099 | lrm: 0.17 | dt: 4312.30ms | tok/sec: 15,197 | bf16_mfu: 1.17 | epoch: 1 pq: 2 rg: 2 | total time: 98.42m | eta: 8.9m
step 01378/01500 (91.87%) | loss: 4.550399 | lrm: 0.17 | dt: 4312.54ms | tok/sec: 15,196 | bf16_mfu: 1.17 | epoch: 1 pq: 2 rg: 2 | total time: 98.49m | eta: 8.8m
step 01379/01500 (91.93%) | loss: 4.536267 | lrm: 0.17 | dt: 4313.88ms | tok/sec: 15,191 | bf16_mfu: 1.17 | epoch: 1 pq: 2 rg: 2 | total time: 98.57m | eta: 8.7m
step 01380/01500 (92.00%) | loss: 4.537156 | lrm: 0.17 | dt: 4296.44ms | tok/sec: 15,253 | bf16_mfu: 1.17 | epoch: 1 pq: 2 rg: 2 | total time: 98.64m | eta: 8.6m
step 01381/01500 (92.07%) | loss: 4.526541 | lrm: 0.17 | dt: 4317.35ms | tok/sec: 15,179 | bf16_mfu: 1.17 | epoch: 1 pq: 2 rg: 2 | total time: 98.71m | eta: 8.6m
step 01382/01500 (92.13%) | loss: 4.535952 | lrm: 0.16 | dt: 4290.93ms | tok/sec: 15,273 | bf16_mfu: 1.17 | epoch: 1 pq: 2 rg: 2 | total time: 98.78m | eta: 8.5m
step 01383/01500 (92.20%) | loss: 4.547302 | lrm: 0.16 | dt: 4328.81ms | tok/sec: 15,139 | bf16_mfu: 1.16 | epoch: 1 pq: 2 rg: 3 | total time: 98.85m | eta: 8.4m
step 01384/01500 (92.27%) | loss: 4.557546 | lrm: 0.16 | dt: 4326.97ms | tok/sec: 15,145 | bf16_mfu: 1.16 | epoch: 1 pq: 2 rg: 3 | total time: 98.93m | eta: 8.4m
step 01385/01500 (92.33%) | loss: 4.556416 | lrm: 0.16 | dt: 4312.18ms | tok/sec: 15,197 | bf16_mfu: 1.17 | epoch: 1 pq: 2 rg: 3 | total time: 99.00m | eta: 8.3m
step 01386/01500 (92.40%) | loss: 4.555245 | lrm: 0.16 | dt: 4265.48ms | tok/sec: 15,364 | bf16_mfu: 1.18 | epoch: 1 pq: 2 rg: 3 | total time: 99.07m | eta: 8.2m
step 01387/01500 (92.47%) | loss: 4.559093 | lrm: 0.16 | dt: 4321.27ms | tok/sec: 15,165 | bf16_mfu: 1.16 | epoch: 1 pq: 2 rg: 3 | total time: 99.14m | eta: 8.1m
step 01388/01500 (92.53%) | loss: 4.549521 | lrm: 0.16 | dt: 4347.60ms | tok/sec: 15,074 | bf16_mfu: 1.16 | epoch: 1 pq: 2 rg: 3 | total time: 99.21m | eta: 8.1m
step 01389/01500 (92.60%) | loss: 4.565101 | lrm: 0.16 | dt: 4287.99ms | tok/sec: 15,283 | bf16_mfu: 1.17 | epoch: 1 pq: 2 rg: 3 | total time: 99.28m | eta: 8.0m
step 01390/01500 (92.67%) | loss: 4.562427 | lrm: 0.16 | dt: 4269.97ms | tok/sec: 15,348 | bf16_mfu: 1.18 | epoch: 1 pq: 2 rg: 3 | total time: 99.36m | eta: 7.9m
step 01391/01500 (92.73%) | loss: 4.579812 | lrm: 0.16 | dt: 4300.66ms | tok/sec: 15,238 | bf16_mfu: 1.17 | epoch: 1 pq: 2 rg: 4 | total time: 99.43m | eta: 7.8m
step 01392/01500 (92.80%) | loss: 4.587250 | lrm: 0.16 | dt: 4256.51ms | tok/sec: 15,396 | bf16_mfu: 1.18 | epoch: 1 pq: 2 rg: 4 | total time: 99.50m | eta: 7.8m
step 01393/01500 (92.87%) | loss: 4.587103 | lrm: 0.15 | dt: 4331.23ms | tok/sec: 15,131 | bf16_mfu: 1.16 | epoch: 1 pq: 2 rg: 4 | total time: 99.57m | eta: 7.7m
step 01394/01500 (92.93%) | loss: 4.576098 | lrm: 0.15 | dt: 4302.42ms | tok/sec: 15,232 | bf16_mfu: 1.17 | epoch: 1 pq: 2 rg: 4 | total time: 99.64m | eta: 7.6m
step 01395/01500 (93.00%) | loss: 4.581194 | lrm: 0.15 | dt: 4274.69ms | tok/sec: 15,331 | bf16_mfu: 1.18 | epoch: 1 pq: 2 rg: 4 | total time: 99.71m | eta: 7.6m
step 01396/01500 (93.07%) | loss: 4.572235 | lrm: 0.15 | dt: 4291.77ms | tok/sec: 15,270 | bf16_mfu: 1.17 | epoch: 1 pq: 2 rg: 4 | total time: 99.78m | eta: 7.5m
step 01397/01500 (93.13%) | loss: 4.569584 | lrm: 0.15 | dt: 4291.54ms | tok/sec: 15,270 | bf16_mfu: 1.17 | epoch: 1 pq: 2 rg: 4 | total time: 99.86m | eta: 7.4m
step 01398/01500 (93.20%) | loss: 4.558568 | lrm: 0.15 | dt: 4277.50ms | tok/sec: 15,321 | bf16_mfu: 1.18 | epoch: 1 pq: 2 rg: 4 | total time: 99.93m | eta: 7.3m
step 01399/01500 (93.27%) | loss: 4.553712 | lrm: 0.15 | dt: 4307.50ms | tok/sec: 15,214 | bf16_mfu: 1.17 | epoch: 1 pq: 2 rg: 5 | total time: 100.00m | eta: 7.3m
step 01400/01500 (93.33%) | loss: 4.546489 | lrm: 0.15 | dt: 5172.57ms | tok/sec: 12,669 | bf16_mfu: 0.97 | epoch: 1 pq: 2 rg: 5 | total time: 100.09m | eta: 7.2m
step 01401/01500 (93.40%) | loss: 4.539631 | lrm: 0.15 | dt: 4299.66ms | tok/sec: 15,242 | bf16_mfu: 1.17 | epoch: 1 pq: 2 rg: 5 | total time: 100.16m | eta: 7.1m
step 01402/01500 (93.47%) | loss: 4.550234 | lrm: 0.15 | dt: 4316.00ms | tok/sec: 15,184 | bf16_mfu: 1.17 | epoch: 1 pq: 2 rg: 5 | total time: 100.23m | eta: 7.1m
step 01403/01500 (93.53%) | loss: 4.540561 | lrm: 0.14 | dt: 4326.48ms | tok/sec: 15,147 | bf16_mfu: 1.16 | epoch: 1 pq: 2 rg: 5 | total time: 100.30m | eta: 7.0m
step 01404/01500 (93.60%) | loss: 4.541750 | lrm: 0.14 | dt: 4293.42ms | tok/sec: 15,264 | bf16_mfu: 1.17 | epoch: 1 pq: 2 rg: 5 | total time: 100.37m | eta: 6.9m
step 01405/01500 (93.67%) | loss: 4.554023 | lrm: 0.14 | dt: 4283.49ms | tok/sec: 15,299 | bf16_mfu: 1.18 | epoch: 1 pq: 2 rg: 5 | total time: 100.44m | eta: 6.8m
step 01406/01500 (93.73%) | loss: 4.553882 | lrm: 0.14 | dt: 4282.49ms | tok/sec: 15,303 | bf16_mfu: 1.18 | epoch: 1 pq: 2 rg: 5 | total time: 100.52m | eta: 6.8m
step 01407/01500 (93.80%) | loss: 4.555656 | lrm: 0.14 | dt: 4266.38ms | tok/sec: 15,361 | bf16_mfu: 1.18 | epoch: 1 pq: 2 rg: 6 | total time: 100.59m | eta: 6.7m
step 01408/01500 (93.87%) | loss: 4.550234 | lrm: 0.14 | dt: 4284.08ms | tok/sec: 15,297 | bf16_mfu: 1.18 | epoch: 1 pq: 2 rg: 6 | total time: 100.66m | eta: 6.6m
step 01409/01500 (93.93%) | loss: 4.540454 | lrm: 0.14 | dt: 4279.68ms | tok/sec: 15,313 | bf16_mfu: 1.18 | epoch: 1 pq: 2 rg: 6 | total time: 100.73m | eta: 6.6m
step 01410/01500 (94.00%) | loss: 4.540940 | lrm: 0.14 | dt: 4312.77ms | tok/sec: 15,195 | bf16_mfu: 1.17 | epoch: 1 pq: 2 rg: 6 | total time: 100.80m | eta: 6.5m
step 01411/01500 (94.07%) | loss: 4.544869 | lrm: 0.14 | dt: 4308.28ms | tok/sec: 15,211 | bf16_mfu: 1.17 | epoch: 1 pq: 2 rg: 6 | total time: 100.87m | eta: 6.4m
step 01412/01500 (94.13%) | loss: 4.545433 | lrm: 0.14 | dt: 4285.76ms | tok/sec: 15,291 | bf16_mfu: 1.17 | epoch: 1 pq: 2 rg: 6 | total time: 100.94m | eta: 6.3m
step 01413/01500 (94.20%) | loss: 4.537694 | lrm: 0.13 | dt: 4309.54ms | tok/sec: 15,207 | bf16_mfu: 1.17 | epoch: 1 pq: 2 rg: 6 | total time: 101.02m | eta: 6.3m
step 01414/01500 (94.27%) | loss: 4.538647 | lrm: 0.13 | dt: 4284.42ms | tok/sec: 15,296 | bf16_mfu: 1.17 | epoch: 1 pq: 2 rg: 6 | total time: 101.09m | eta: 6.2m
step 01415/01500 (94.33%) | loss: 4.528484 | lrm: 0.13 | dt: 4290.36ms | tok/sec: 15,275 | bf16_mfu: 1.17 | epoch: 1 pq: 2 rg: 7 | total time: 101.16m | eta: 6.1m
step 01416/01500 (94.40%) | loss: 4.522924 | lrm: 0.13 | dt: 4302.91ms | tok/sec: 15,230 | bf16_mfu: 1.17 | epoch: 1 pq: 2 rg: 7 | total time: 101.23m | eta: 6.0m
step 01417/01500 (94.47%) | loss: 4.518469 | lrm: 0.13 | dt: 4369.30ms | tok/sec: 14,999 | bf16_mfu: 1.15 | epoch: 1 pq: 2 rg: 7 | total time: 101.30m | eta: 6.0m
step 01418/01500 (94.53%) | loss: 4.513618 | lrm: 0.13 | dt: 4278.15ms | tok/sec: 15,318 | bf16_mfu: 1.18 | epoch: 1 pq: 2 rg: 7 | total time: 101.37m | eta: 5.9m
step 01419/01500 (94.60%) | loss: 4.515587 | lrm: 0.13 | dt: 4292.89ms | tok/sec: 15,266 | bf16_mfu: 1.17 | epoch: 1 pq: 2 rg: 7 | total time: 101.45m | eta: 5.8m
step 01420/01500 (94.67%) | loss: 4.525652 | lrm: 0.13 | dt: 4353.36ms | tok/sec: 15,054 | bf16_mfu: 1.16 | epoch: 1 pq: 2 rg: 7 | total time: 101.52m | eta: 5.8m
step 01421/01500 (94.73%) | loss: 4.527599 | lrm: 0.13 | dt: 4314.62ms | tok/sec: 15,189 | bf16_mfu: 1.17 | epoch: 1 pq: 2 rg: 7 | total time: 101.59m | eta: 5.7m
step 01422/01500 (94.80%) | loss: 4.538090 | lrm: 0.13 | dt: 4297.09ms | tok/sec: 15,251 | bf16_mfu: 1.17 | epoch: 1 pq: 2 rg: 7 | total time: 101.66m | eta: 5.6m
step 01423/01500 (94.87%) | loss: 4.537639 | lrm: 0.13 | dt: 4316.62ms | tok/sec: 15,182 | bf16_mfu: 1.17 | epoch: 1 pq: 2 rg: 7 | total time: 101.73m | eta: 5.5m
step 01424/01500 (94.93%) | loss: 4.537471 | lrm: 0.12 | dt: 4368.06ms | tok/sec: 15,003 | bf16_mfu: 1.15 | epoch: 1 pq: 2 rg: 8 | total time: 101.81m | eta: 5.5m
step 01425/01500 (95.00%) | loss: 4.550193 | lrm: 0.12 | dt: 4307.28ms | tok/sec: 15,215 | bf16_mfu: 1.17 | epoch: 1 pq: 2 rg: 8 | total time: 101.88m | eta: 5.4m
step 01426/01500 (95.07%) | loss: 4.547588 | lrm: 0.12 | dt: 4281.69ms | tok/sec: 15,306 | bf16_mfu: 1.18 | epoch: 1 pq: 2 rg: 8 | total time: 101.95m | eta: 5.3m
step 01427/01500 (95.13%) | loss: 4.561841 | lrm: 0.12 | dt: 4323.60ms | tok/sec: 15,157 | bf16_mfu: 1.16 | epoch: 1 pq: 2 rg: 8 | total time: 102.02m | eta: 5.3m
step 01428/01500 (95.20%) | loss: 4.559905 | lrm: 0.12 | dt: 4324.40ms | tok/sec: 15,154 | bf16_mfu: 1.16 | epoch: 1 pq: 2 rg: 8 | total time: 102.09m | eta: 5.2m
step 01429/01500 (95.27%) | loss: 4.557558 | lrm: 0.12 | dt: 4313.47ms | tok/sec: 15,193 | bf16_mfu: 1.17 | epoch: 1 pq: 2 rg: 8 | total time: 102.17m | eta: 5.1m
step 01430/01500 (95.33%) | loss: 4.537731 | lrm: 0.12 | dt: 4336.97ms | tok/sec: 15,111 | bf16_mfu: 1.16 | epoch: 1 pq: 2 rg: 8 | total time: 102.24m | eta: 5.0m
step 01431/01500 (95.40%) | loss: 4.531722 | lrm: 0.12 | dt: 4301.42ms | tok/sec: 15,235 | bf16_mfu: 1.17 | epoch: 1 pq: 2 rg: 8 | total time: 102.31m | eta: 5.0m
step 01432/01500 (95.47%) | loss: 4.523509 | lrm: 0.12 | dt: 4297.21ms | tok/sec: 15,250 | bf16_mfu: 1.17 | epoch: 1 pq: 2 rg: 9 | total time: 102.38m | eta: 4.9m
step 01433/01500 (95.53%) | loss: 4.541180 | lrm: 0.12 | dt: 4271.83ms | tok/sec: 15,341 | bf16_mfu: 1.18 | epoch: 1 pq: 2 rg: 9 | total time: 102.45m | eta: 4.8m
step 01434/01500 (95.60%) | loss: 4.542465 | lrm: 0.11 | dt: 4327.78ms | tok/sec: 15,143 | bf16_mfu: 1.16 | epoch: 1 pq: 2 rg: 9 | total time: 102.53m | eta: 4.8m
step 01435/01500 (95.67%) | loss: 4.557449 | lrm: 0.11 | dt: 4333.50ms | tok/sec: 15,123 | bf16_mfu: 1.16 | epoch: 1 pq: 2 rg: 9 | total time: 102.60m | eta: 4.7m
step 01436/01500 (95.73%) | loss: 4.557715 | lrm: 0.11 | dt: 4296.28ms | tok/sec: 15,254 | bf16_mfu: 1.17 | epoch: 1 pq: 2 rg: 9 | total time: 102.67m | eta: 4.6m
step 01437/01500 (95.80%) | loss: 4.559239 | lrm: 0.11 | dt: 4274.54ms | tok/sec: 15,331 | bf16_mfu: 1.18 | epoch: 1 pq: 2 rg: 9 | total time: 102.74m | eta: 4.5m
step 01438/01500 (95.87%) | loss: 4.548911 | lrm: 0.11 | dt: 4355.46ms | tok/sec: 15,046 | bf16_mfu: 1.16 | epoch: 1 pq: 2 rg: 9 | total time: 102.81m | eta: 4.5m
step 01439/01500 (95.93%) | loss: 4.563620 | lrm: 0.11 | dt: 4339.60ms | tok/sec: 15,101 | bf16_mfu: 1.16 | epoch: 1 pq: 2 rg: 9 | total time: 102.89m | eta: 4.4m
step 01440/01500 (96.00%) | loss: 4.560229 | lrm: 0.11 | dt: 4299.60ms | tok/sec: 15,242 | bf16_mfu: 1.17 | epoch: 1 pq: 2 rg: 10 | total time: 102.96m | eta: 4.3m
step 01441/01500 (96.07%) | loss: 4.555695 | lrm: 0.11 | dt: 4334.86ms | tok/sec: 15,118 | bf16_mfu: 1.16 | epoch: 1 pq: 2 rg: 10 | total time: 103.03m | eta: 4.2m
step 01442/01500 (96.13%) | loss: 4.556412 | lrm: 0.11 | dt: 4369.80ms | tok/sec: 14,997 | bf16_mfu: 1.15 | epoch: 1 pq: 2 rg: 10 | total time: 103.10m | eta: 4.2m
step 01443/01500 (96.20%) | loss: 4.567471 | lrm: 0.11 | dt: 4332.97ms | tok/sec: 15,124 | bf16_mfu: 1.16 | epoch: 1 pq: 2 rg: 10 | total time: 103.17m | eta: 4.1m
step 01444/01500 (96.27%) | loss: 4.567200 | lrm: 0.10 | dt: 4278.33ms | tok/sec: 15,318 | bf16_mfu: 1.18 | epoch: 1 pq: 2 rg: 10 | total time: 103.25m | eta: 4.0m
step 01445/01500 (96.33%) | loss: 4.559656 | lrm: 0.10 | dt: 4274.95ms | tok/sec: 15,330 | bf16_mfu: 1.18 | epoch: 1 pq: 2 rg: 10 | total time: 103.32m | eta: 4.0m
step 01446/01500 (96.40%) | loss: 4.561692 | lrm: 0.10 | dt: 4304.47ms | tok/sec: 15,225 | bf16_mfu: 1.17 | epoch: 1 pq: 2 rg: 10 | total time: 103.39m | eta: 3.9m
step 01447/01500 (96.47%) | loss: 4.543657 | lrm: 0.10 | dt: 4269.06ms | tok/sec: 15,351 | bf16_mfu: 1.18 | epoch: 1 pq: 2 rg: 10 | total time: 103.46m | eta: 3.8m
step 01448/01500 (96.53%) | loss: 4.539823 | lrm: 0.10 | dt: 4341.72ms | tok/sec: 15,094 | bf16_mfu: 1.16 | epoch: 1 pq: 2 rg: 11 | total time: 103.53m | eta: 3.7m
step 01449/01500 (96.60%) | loss: 4.533264 | lrm: 0.10 | dt: 4305.60ms | tok/sec: 15,221 | bf16_mfu: 1.17 | epoch: 1 pq: 2 rg: 11 | total time: 103.60m | eta: 3.7m
step 01450/01500 (96.67%) | loss: 4.526683 | lrm: 0.10 | dt: 5201.18ms | tok/sec: 12,600 | bf16_mfu: 0.97 | epoch: 1 pq: 2 rg: 11 | total time: 103.69m | eta: 3.6m
step 01451/01500 (96.73%) | loss: 4.523806 | lrm: 0.10 | dt: 4316.42ms | tok/sec: 15,182 | bf16_mfu: 1.17 | epoch: 1 pq: 2 rg: 11 | total time: 103.76m | eta: 3.5m
step 01452/01500 (96.80%) | loss: 4.521577 | lrm: 0.10 | dt: 4283.22ms | tok/sec: 15,300 | bf16_mfu: 1.18 | epoch: 1 pq: 2 rg: 11 | total time: 103.83m | eta: 3.5m
step 01453/01500 (96.87%) | loss: 4.524107 | lrm: 0.10 | dt: 4262.11ms | tok/sec: 15,376 | bf16_mfu: 1.18 | epoch: 1 pq: 2 rg: 11 | total time: 103.90m | eta: 3.4m
step 01454/01500 (96.93%) | loss: 4.518917 | lrm: 0.09 | dt: 4275.53ms | tok/sec: 15,328 | bf16_mfu: 1.18 | epoch: 1 pq: 2 rg: 11 | total time: 103.98m | eta: 3.3m
step 01455/01500 (97.00%) | loss: 4.526078 | lrm: 0.09 | dt: 4308.47ms | tok/sec: 15,210 | bf16_mfu: 1.17 | epoch: 1 pq: 2 rg: 11 | total time: 104.05m | eta: 3.2m
step 01456/01500 (97.07%) | loss: 4.524812 | lrm: 0.09 | dt: 4309.57ms | tok/sec: 15,207 | bf16_mfu: 1.17 | epoch: 1 pq: 2 rg: 12 | total time: 104.12m | eta: 3.2m
step 01457/01500 (97.13%) | loss: 4.510801 | lrm: 0.09 | dt: 4290.36ms | tok/sec: 15,275 | bf16_mfu: 1.17 | epoch: 1 pq: 2 rg: 12 | total time: 104.19m | eta: 3.1m
step 01458/01500 (97.20%) | loss: 4.506385 | lrm: 0.09 | dt: 4302.58ms | tok/sec: 15,231 | bf16_mfu: 1.17 | epoch: 1 pq: 2 rg: 12 | total time: 104.26m | eta: 3.0m
step 01459/01500 (97.27%) | loss: 4.492763 | lrm: 0.09 | dt: 4289.97ms | tok/sec: 15,276 | bf16_mfu: 1.17 | epoch: 1 pq: 2 rg: 12 | total time: 104.33m | eta: 3.0m
step 01460/01500 (97.33%) | loss: 4.492690 | lrm: 0.09 | dt: 4297.66ms | tok/sec: 15,249 | bf16_mfu: 1.17 | epoch: 1 pq: 2 rg: 12 | total time: 104.41m | eta: 2.9m
step 01461/01500 (97.40%) | loss: 4.485689 | lrm: 0.09 | dt: 4258.24ms | tok/sec: 15,390 | bf16_mfu: 1.18 | epoch: 1 pq: 2 rg: 12 | total time: 104.48m | eta: 2.8m
step 01462/01500 (97.47%) | loss: 4.479608 | lrm: 0.09 | dt: 4276.70ms | tok/sec: 15,323 | bf16_mfu: 1.18 | epoch: 1 pq: 2 rg: 12 | total time: 104.55m | eta: 2.7m
step 01463/01500 (97.53%) | loss: 4.474220 | lrm: 0.09 | dt: 4284.32ms | tok/sec: 15,296 | bf16_mfu: 1.18 | epoch: 1 pq: 2 rg: 12 | total time: 104.62m | eta: 2.7m
step 01464/01500 (97.60%) | loss: 4.483255 | lrm: 0.09 | dt: 4340.51ms | tok/sec: 15,098 | bf16_mfu: 1.16 | epoch: 1 pq: 2 rg: 12 | total time: 104.69m | eta: 2.6m
step 01465/01500 (97.67%) | loss: 4.477127 | lrm: 0.08 | dt: 4318.17ms | tok/sec: 15,176 | bf16_mfu: 1.17 | epoch: 1 pq: 2 rg: 13 | total time: 104.76m | eta: 2.5m
step 01466/01500 (97.73%) | loss: 4.474896 | lrm: 0.08 | dt: 4255.22ms | tok/sec: 15,401 | bf16_mfu: 1.18 | epoch: 1 pq: 2 rg: 13 | total time: 104.84m | eta: 2.4m
step 01467/01500 (97.80%) | loss: 4.465849 | lrm: 0.08 | dt: 4313.52ms | tok/sec: 15,193 | bf16_mfu: 1.17 | epoch: 1 pq: 2 rg: 13 | total time: 104.91m | eta: 2.4m
step 01468/01500 (97.87%) | loss: 4.456345 | lrm: 0.08 | dt: 4309.72ms | tok/sec: 15,206 | bf16_mfu: 1.17 | epoch: 1 pq: 2 rg: 13 | total time: 104.98m | eta: 2.3m
step 01469/01500 (97.93%) | loss: 4.477139 | lrm: 0.08 | dt: 4277.72ms | tok/sec: 15,320 | bf16_mfu: 1.18 | epoch: 1 pq: 2 rg: 13 | total time: 105.05m | eta: 2.2m
step 01470/01500 (98.00%) | loss: 4.496514 | lrm: 0.08 | dt: 4271.14ms | tok/sec: 15,343 | bf16_mfu: 1.18 | epoch: 1 pq: 2 rg: 13 | total time: 105.12m | eta: 2.2m
step 01471/01500 (98.07%) | loss: 4.518233 | lrm: 0.08 | dt: 4294.77ms | tok/sec: 15,259 | bf16_mfu: 1.17 | epoch: 1 pq: 2 rg: 13 | total time: 105.19m | eta: 2.1m
step 01472/01500 (98.13%) | loss: 4.520283 | lrm: 0.08 | dt: 4300.95ms | tok/sec: 15,237 | bf16_mfu: 1.17 | epoch: 1 pq: 2 rg: 13 | total time: 105.26m | eta: 2.0m
step 01473/01500 (98.20%) | loss: 4.511666 | lrm: 0.08 | dt: 4298.17ms | tok/sec: 15,247 | bf16_mfu: 1.17 | epoch: 1 pq: 2 rg: 14 | total time: 105.34m | eta: 1.9m
step 01474/01500 (98.27%) | loss: 4.509149 | lrm: 0.08 | dt: 4297.87ms | tok/sec: 15,248 | bf16_mfu: 1.17 | epoch: 1 pq: 2 rg: 14 | total time: 105.41m | eta: 1.9m
step 01475/01500 (98.33%) | loss: 4.503811 | lrm: 0.07 | dt: 4312.25ms | tok/sec: 15,197 | bf16_mfu: 1.17 | epoch: 1 pq: 2 rg: 14 | total time: 105.48m | eta: 1.8m
step 01476/01500 (98.40%) | loss: 4.498283 | lrm: 0.07 | dt: 4326.77ms | tok/sec: 15,146 | bf16_mfu: 1.16 | epoch: 1 pq: 2 rg: 14 | total time: 105.55m | eta: 1.7m
step 01477/01500 (98.47%) | loss: 4.509091 | lrm: 0.07 | dt: 4277.73ms | tok/sec: 15,320 | bf16_mfu: 1.18 | epoch: 1 pq: 2 rg: 14 | total time: 105.62m | eta: 1.7m
step 01478/01500 (98.53%) | loss: 4.504960 | lrm: 0.07 | dt: 4320.41ms | tok/sec: 15,168 | bf16_mfu: 1.17 | epoch: 1 pq: 2 rg: 14 | total time: 105.70m | eta: 1.6m
step 01479/01500 (98.60%) | loss: 4.513447 | lrm: 0.07 | dt: 4309.98ms | tok/sec: 15,205 | bf16_mfu: 1.17 | epoch: 1 pq: 2 rg: 14 | total time: 105.77m | eta: 1.5m
step 01480/01500 (98.67%) | loss: 4.510489 | lrm: 0.07 | dt: 4314.29ms | tok/sec: 15,190 | bf16_mfu: 1.17 | epoch: 1 pq: 2 rg: 14 | total time: 105.84m | eta: 1.4m
step 01481/01500 (98.73%) | loss: 4.503226 | lrm: 0.07 | dt: 4348.64ms | tok/sec: 15,070 | bf16_mfu: 1.16 | epoch: 1 pq: 2 rg: 15 | total time: 105.91m | eta: 1.4m
step 01482/01500 (98.80%) | loss: 4.507567 | lrm: 0.07 | dt: 4297.88ms | tok/sec: 15,248 | bf16_mfu: 1.17 | epoch: 1 pq: 2 rg: 15 | total time: 105.98m | eta: 1.3m
step 01483/01500 (98.87%) | loss: 4.498585 | lrm: 0.07 | dt: 4295.37ms | tok/sec: 15,257 | bf16_mfu: 1.17 | epoch: 1 pq: 2 rg: 15 | total time: 106.05m | eta: 1.2m
step 01484/01500 (98.93%) | loss: 4.497824 | lrm: 0.07 | dt: 4341.95ms | tok/sec: 15,093 | bf16_mfu: 1.16 | epoch: 1 pq: 2 rg: 15 | total time: 106.13m | eta: 1.2m
step 01485/01500 (99.00%) | loss: 4.515097 | lrm: 0.06 | dt: 4266.46ms | tok/sec: 15,360 | bf16_mfu: 1.18 | epoch: 1 pq: 2 rg: 15 | total time: 106.20m | eta: 1.1m
step 01486/01500 (99.07%) | loss: 4.511706 | lrm: 0.06 | dt: 4315.56ms | tok/sec: 15,185 | bf16_mfu: 1.17 | epoch: 1 pq: 2 rg: 15 | total time: 106.27m | eta: 1.0m
step 01487/01500 (99.13%) | loss: 4.504098 | lrm: 0.06 | dt: 4285.82ms | tok/sec: 15,291 | bf16_mfu: 1.17 | epoch: 1 pq: 2 rg: 15 | total time: 106.34m | eta: 0.9m
step 01488/01500 (99.20%) | loss: 4.495145 | lrm: 0.06 | dt: 4319.72ms | tok/sec: 15,171 | bf16_mfu: 1.17 | epoch: 1 pq: 2 rg: 15 | total time: 106.41m | eta: 0.9m
step 01489/01500 (99.27%) | loss: 4.508786 | lrm: 0.06 | dt: 4278.25ms | tok/sec: 15,318 | bf16_mfu: 1.18 | epoch: 1 pq: 2 rg: 16 | total time: 106.48m | eta: 0.8m
step 01490/01500 (99.33%) | loss: 4.501762 | lrm: 0.06 | dt: 4293.47ms | tok/sec: 15,264 | bf16_mfu: 1.17 | epoch: 1 pq: 2 rg: 16 | total time: 106.56m | eta: 0.7m
step 01491/01500 (99.40%) | loss: 4.501349 | lrm: 0.06 | dt: 4299.62ms | tok/sec: 15,242 | bf16_mfu: 1.17 | epoch: 1 pq: 2 rg: 16 | total time: 106.63m | eta: 0.6m
step 01492/01500 (99.47%) | loss: 4.508558 | lrm: 0.06 | dt: 4302.94ms | tok/sec: 15,230 | bf16_mfu: 1.17 | epoch: 1 pq: 2 rg: 16 | total time: 106.70m | eta: 0.6m
step 01493/01500 (99.53%) | loss: 4.517092 | lrm: 0.06 | dt: 4343.29ms | tok/sec: 15,089 | bf16_mfu: 1.16 | epoch: 1 pq: 2 rg: 16 | total time: 106.77m | eta: 0.5m
step 01494/01500 (99.60%) | loss: 4.514212 | lrm: 0.06 | dt: 4288.01ms | tok/sec: 15,283 | bf16_mfu: 1.17 | epoch: 1 pq: 2 rg: 16 | total time: 106.84m | eta: 0.4m
step 01495/01500 (99.67%) | loss: 4.522331 | lrm: 0.05 | dt: 4266.24ms | tok/sec: 15,361 | bf16_mfu: 1.18 | epoch: 1 pq: 2 rg: 16 | total time: 106.91m | eta: 0.4m
step 01496/01500 (99.73%) | loss: 4.508458 | lrm: 0.05 | dt: 4279.34ms | tok/sec: 15,314 | bf16_mfu: 1.18 | epoch: 1 pq: 2 rg: 16 | total time: 106.99m | eta: 0.3m
step 01497/01500 (99.80%) | loss: 4.502172 | lrm: 0.05 | dt: 4321.77ms | tok/sec: 15,164 | bf16_mfu: 1.16 | epoch: 1 pq: 2 rg: 17 | total time: 107.06m | eta: 0.2m
step 01498/01500 (99.87%) | loss: 4.494717 | lrm: 0.05 | dt: 4327.14ms | tok/sec: 15,145 | bf16_mfu: 1.16 | epoch: 1 pq: 2 rg: 17 | total time: 107.13m | eta: 0.1m
step 01499/01500 (99.93%) | loss: 4.484998 | lrm: 0.05 | dt: 4281.02ms | tok/sec: 15,308 | bf16_mfu: 1.18 | epoch: 1 pq: 2 rg: 17 | total time: 107.20m | eta: 0.1m
2026-08-31 06:49:27,234 - nanochat.checkpoint_manager - [32m[1mINFO[0m - Saved model parameters to: /var/lib/hytorch/nanochat-cache/base_checkpoints/d12/model_001500.pt
2026-08-31 06:49:27,234 - nanochat.checkpoint_manager - [32m[1mINFO[0m - Saved metadata to: /var/lib/hytorch/nanochat-cache/base_checkpoints/d12/meta_001500.json
2026-08-31 06:49:28,980 - nanochat.checkpoint_manager - [32m[1mINFO[0m - Saved optimizer state to: /var/lib/hytorch/nanochat-cache/base_checkpoints/d12/optim_001500_rank0.pt
Peak memory usage: 30501.96MiB
Total training time: 107.20m
