
                                                       █████                █████
                                                      ░░███                ░░███
     ████████    ██████   ████████    ██████   ██████  ░███████    ██████  ███████
    ░░███░░███  ░░░░░███ ░░███░░███  ███░░███ ███░░███ ░███░░███  ░░░░░███░░░███░
     ░███ ░███   ███████  ░███ ░███ ░███ ░███░███ ░░░  ░███ ░███   ███████  ░███
     ░███ ░███  ███░░███  ░███ ░███ ░███ ░███░███  ███ ░███ ░███  ███░░███  ░███ ███
     ████ █████░░████████ ████ █████░░██████ ░░██████  ████ █████░░███████  ░░█████
    ░░░░ ░░░░░  ░░░░░░░░ ░░░░ ░░░░░  ░░░░░░   ░░░░░░  ░░░░ ░░░░░  ░░░░░░░░   ░░░░░
    
Autodetected device type: cuda
2026-08-31 04:35:50,037 - nanochat.common - [32m[1mINFO[0m - Distributed world size: 1
GPU: NVIDIA H100 80GB HBM3 | Peak FLOPS (BF16): 9.89e+14
COMPUTE_DTYPE: torch.bfloat16 (set via NANOCHAT_DTYPE=bfloat16)
!!!!!!!!!!!!!!!!!!!!!!!!!!!!!!!!!!!!!!!!!!!!!!!!!!!!!!!!!!!!!!!!!!!!!!!!!!!!!!!!
WARNING: Flash Attention 3 not available, using PyTorch SDPA fallback
WARNING: Training will be less efficient without FA3
WARNING: SDPA has no support for sliding window attention (window_pattern='SSSL'). Your GPU utilization will be terrible.
WARNING: Recommend using --window-pattern L for full context attention without alternating sliding window patterns.
!!!!!!!!!!!!!!!!!!!!!!!!!!!!!!!!!!!!!!!!!!!!!!!!!!!!!!!!!!!!!!!!!!!!!!!!!!!!!!!!
Vocab size: 32,768
Model config:
{
  "sequence_len": 2048,
  "vocab_size": 32768,
  "n_layer": 12,
  "n_head": 6,
  "n_kv_head": 6,
  "n_embd": 768,
  "window_pattern": "SSSL"
}
Parameter counts:
wte                     : 25,165,824
value_embeds            : 150,994,944
lm_head                 : 25,165,824
transformer_matrices    : 84,935,088
scalars                 : 50
total                   : 286,261,730
Estimated FLOPs per token: 7.596960e+08
Scaling LRs by 0.3536 for batch size 65,536 (reference: 524,288)
Scaling weight decay from 0.280000 to 0.098995 for depth 12
Scaling the LR for the AdamW parameters ∝1/√(768/768) = 1.000000
Using user-provided number of iterations: 1,500
Total number of training tokens: 98,304,000
Tokens : Scaling params ratio: 0.89
Total training FLOPs estimate: 7.468116e+16
Tokens / micro-batch / rank: 16 x 2048 = 32,768
Tokens / micro-batch: 32,768
Total batch size 65,536 => gradient accumulation steps: 2
step 00000/01500 (0.00%) | loss: 10.397457 | lrm: 0.03 | dt: 30487.14ms | tok/sec: 2,149 | bf16_mfu: 0.17 | epoch: 1 pq: 0 rg: 1 | total time: 0.00m
step 00001/01500 (0.07%) | loss: 10.394101 | lrm: 0.05 | dt: 161.51ms | tok/sec: 405,773 | bf16_mfu: 31.17 | epoch: 1 pq: 0 rg: 1 | total time: 0.00m
step 00002/01500 (0.13%) | loss: 10.387952 | lrm: 0.07 | dt: 162.27ms | tok/sec: 403,861 | bf16_mfu: 31.02 | epoch: 1 pq: 0 rg: 1 | total time: 0.00m
step 00003/01500 (0.20%) | loss: 10.378648 | lrm: 0.10 | dt: 162.70ms | tok/sec: 402,812 | bf16_mfu: 30.94 | epoch: 1 pq: 0 rg: 1 | total time: 0.00m
step 00004/01500 (0.27%) | loss: 10.365766 | lrm: 0.12 | dt: 162.06ms | tok/sec: 404,395 | bf16_mfu: 31.06 | epoch: 1 pq: 0 rg: 1 | total time: 0.00m
step 00005/01500 (0.33%) | loss: 10.349418 | lrm: 0.15 | dt: 163.62ms | tok/sec: 400,534 | bf16_mfu: 30.77 | epoch: 1 pq: 0 rg: 1 | total time: 0.00m
step 00006/01500 (0.40%) | loss: 10.327253 | lrm: 0.17 | dt: 166.19ms | tok/sec: 394,353 | bf16_mfu: 30.29 | epoch: 1 pq: 0 rg: 1 | total time: 0.00m
step 00007/01500 (0.47%) | loss: 10.298061 | lrm: 0.20 | dt: 163.15ms | tok/sec: 401,700 | bf16_mfu: 30.86 | epoch: 1 pq: 0 rg: 1 | total time: 0.00m
step 00008/01500 (0.53%) | loss: 10.261345 | lrm: 0.23 | dt: 162.43ms | tok/sec: 403,471 | bf16_mfu: 30.99 | epoch: 1 pq: 0 rg: 1 | total time: 0.00m
step 00009/01500 (0.60%) | loss: 10.212398 | lrm: 0.25 | dt: 162.10ms | tok/sec: 404,285 | bf16_mfu: 31.05 | epoch: 1 pq: 0 rg: 1 | total time: 0.00m
step 00010/01500 (0.67%) | loss: 10.147608 | lrm: 0.28 | dt: 162.38ms | tok/sec: 403,587 | bf16_mfu: 31.00 | epoch: 1 pq: 0 rg: 2 | total time: 0.00m
step 00011/01500 (0.73%) | loss: 10.049412 | lrm: 0.30 | dt: 165.68ms | tok/sec: 395,564 | bf16_mfu: 30.39 | epoch: 1 pq: 0 rg: 2 | total time: 0.00m | eta: 4.1m
step 00012/01500 (0.80%) | loss: 9.903023 | lrm: 0.33 | dt: 162.72ms | tok/sec: 402,748 | bf16_mfu: 30.94 | epoch: 1 pq: 0 rg: 2 | total time: 0.01m | eta: 4.1m
step 00013/01500 (0.87%) | loss: 9.697801 | lrm: 0.35 | dt: 164.43ms | tok/sec: 398,571 | bf16_mfu: 30.62 | epoch: 1 pq: 0 rg: 2 | total time: 0.01m | eta: 4.1m
step 00014/01500 (0.93%) | loss: 9.467466 | lrm: 0.38 | dt: 163.75ms | tok/sec: 400,225 | bf16_mfu: 30.74 | epoch: 1 pq: 0 rg: 2 | total time: 0.01m | eta: 4.1m
step 00015/01500 (1.00%) | loss: 9.271557 | lrm: 0.40 | dt: 163.10ms | tok/sec: 401,811 | bf16_mfu: 30.87 | epoch: 1 pq: 0 rg: 2 | total time: 0.01m | eta: 4.1m
step 00016/01500 (1.07%) | loss: 9.087218 | lrm: 0.42 | dt: 163.69ms | tok/sec: 400,358 | bf16_mfu: 30.75 | epoch: 1 pq: 0 rg: 2 | total time: 0.02m | eta: 4.1m
step 00017/01500 (1.13%) | loss: 8.932231 | lrm: 0.45 | dt: 163.69ms | tok/sec: 400,369 | bf16_mfu: 30.75 | epoch: 1 pq: 0 rg: 2 | total time: 0.02m | eta: 4.1m
step 00018/01500 (1.20%) | loss: 8.781722 | lrm: 0.47 | dt: 163.72ms | tok/sec: 400,297 | bf16_mfu: 30.75 | epoch: 1 pq: 0 rg: 3 | total time: 0.02m | eta: 4.0m
step 00019/01500 (1.27%) | loss: 8.622107 | lrm: 0.50 | dt: 164.72ms | tok/sec: 397,872 | bf16_mfu: 30.56 | epoch: 1 pq: 0 rg: 3 | total time: 0.02m | eta: 4.0m
step 00020/01500 (1.33%) | loss: 8.476862 | lrm: 0.53 | dt: 162.15ms | tok/sec: 404,158 | bf16_mfu: 31.05 | epoch: 1 pq: 0 rg: 3 | total time: 0.03m | eta: 4.0m
step 00021/01500 (1.40%) | loss: 8.346781 | lrm: 0.55 | dt: 164.22ms | tok/sec: 399,064 | bf16_mfu: 30.65 | epoch: 1 pq: 0 rg: 3 | total time: 0.03m | eta: 4.0m
step 00022/01500 (1.47%) | loss: 8.212802 | lrm: 0.57 | dt: 164.26ms | tok/sec: 398,979 | bf16_mfu: 30.65 | epoch: 1 pq: 0 rg: 3 | total time: 0.03m | eta: 4.0m
step 00023/01500 (1.53%) | loss: 8.095269 | lrm: 0.60 | dt: 162.08ms | tok/sec: 404,333 | bf16_mfu: 31.06 | epoch: 1 pq: 0 rg: 3 | total time: 0.04m | eta: 4.0m
step 00024/01500 (1.60%) | loss: 7.976525 | lrm: 0.62 | dt: 162.82ms | tok/sec: 402,499 | bf16_mfu: 30.92 | epoch: 1 pq: 0 rg: 3 | total time: 0.04m | eta: 4.0m
step 00025/01500 (1.67%) | loss: 7.871124 | lrm: 0.65 | dt: 163.20ms | tok/sec: 401,579 | bf16_mfu: 30.85 | epoch: 1 pq: 0 rg: 3 | total time: 0.04m | eta: 4.0m
step 00026/01500 (1.73%) | loss: 7.770586 | lrm: 0.68 | dt: 162.36ms | tok/sec: 403,649 | bf16_mfu: 31.01 | epoch: 1 pq: 0 rg: 4 | total time: 0.04m | eta: 4.0m
step 00027/01500 (1.80%) | loss: 7.660338 | lrm: 0.70 | dt: 164.63ms | tok/sec: 398,087 | bf16_mfu: 30.58 | epoch: 1 pq: 0 rg: 4 | total time: 0.05m | eta: 4.0m
step 00028/01500 (1.87%) | loss: 7.556686 | lrm: 0.72 | dt: 164.53ms | tok/sec: 398,318 | bf16_mfu: 30.60 | epoch: 1 pq: 0 rg: 4 | total time: 0.05m | eta: 4.0m
step 00029/01500 (1.93%) | loss: 7.478173 | lrm: 0.75 | dt: 163.75ms | tok/sec: 400,215 | bf16_mfu: 30.74 | epoch: 1 pq: 0 rg: 4 | total time: 0.05m | eta: 4.0m
step 00030/01500 (2.00%) | loss: 7.403828 | lrm: 0.78 | dt: 165.68ms | tok/sec: 395,566 | bf16_mfu: 30.39 | epoch: 1 pq: 0 rg: 4 | total time: 0.05m | eta: 4.0m
step 00031/01500 (2.07%) | loss: 7.330530 | lrm: 0.80 | dt: 165.29ms | tok/sec: 396,487 | bf16_mfu: 30.46 | epoch: 1 pq: 0 rg: 4 | total time: 0.06m | eta: 4.0m
step 00032/01500 (2.13%) | loss: 7.246994 | lrm: 0.82 | dt: 163.45ms | tok/sec: 400,956 | bf16_mfu: 30.80 | epoch: 1 pq: 0 rg: 4 | total time: 0.06m | eta: 4.0m
step 00033/01500 (2.20%) | loss: 7.198269 | lrm: 0.85 | dt: 163.85ms | tok/sec: 399,982 | bf16_mfu: 30.72 | epoch: 1 pq: 0 rg: 4 | total time: 0.06m | eta: 4.0m
step 00034/01500 (2.27%) | loss: 7.121957 | lrm: 0.88 | dt: 164.72ms | tok/sec: 397,872 | bf16_mfu: 30.56 | epoch: 1 pq: 0 rg: 5 | total time: 0.07m | eta: 4.0m
step 00035/01500 (2.33%) | loss: 7.064075 | lrm: 0.90 | dt: 164.72ms | tok/sec: 397,866 | bf16_mfu: 30.56 | epoch: 1 pq: 0 rg: 5 | total time: 0.07m | eta: 4.0m
step 00036/01500 (2.40%) | loss: 7.013367 | lrm: 0.93 | dt: 164.76ms | tok/sec: 397,754 | bf16_mfu: 30.55 | epoch: 1 pq: 0 rg: 5 | total time: 0.07m | eta: 4.0m
step 00037/01500 (2.47%) | loss: 6.966218 | lrm: 0.95 | dt: 164.04ms | tok/sec: 399,509 | bf16_mfu: 30.69 | epoch: 1 pq: 0 rg: 5 | total time: 0.07m | eta: 4.0m
step 00038/01500 (2.53%) | loss: 6.920060 | lrm: 0.97 | dt: 164.38ms | tok/sec: 398,686 | bf16_mfu: 30.62 | epoch: 1 pq: 0 rg: 5 | total time: 0.08m | eta: 4.0m
step 00039/01500 (2.60%) | loss: 6.878265 | lrm: 1.00 | dt: 164.46ms | tok/sec: 398,501 | bf16_mfu: 30.61 | epoch: 1 pq: 0 rg: 5 | total time: 0.08m | eta: 4.0m
step 00040/01500 (2.67%) | loss: 6.833812 | lrm: 1.00 | dt: 164.21ms | tok/sec: 399,093 | bf16_mfu: 30.66 | epoch: 1 pq: 0 rg: 5 | total time: 0.08m | eta: 4.0m
step 00041/01500 (2.73%) | loss: 6.777656 | lrm: 1.00 | dt: 164.96ms | tok/sec: 397,290 | bf16_mfu: 30.52 | epoch: 1 pq: 0 rg: 6 | total time: 0.08m | eta: 4.0m
step 00042/01500 (2.80%) | loss: 6.739554 | lrm: 1.00 | dt: 164.97ms | tok/sec: 397,254 | bf16_mfu: 30.51 | epoch: 1 pq: 0 rg: 6 | total time: 0.09m | eta: 4.0m
step 00043/01500 (2.87%) | loss: 6.694423 | lrm: 1.00 | dt: 163.37ms | tok/sec: 401,139 | bf16_mfu: 30.81 | epoch: 1 pq: 0 rg: 6 | total time: 0.09m | eta: 4.0m
step 00044/01500 (2.93%) | loss: 6.649717 | lrm: 1.00 | dt: 164.23ms | tok/sec: 399,044 | bf16_mfu: 30.65 | epoch: 1 pq: 0 rg: 6 | total time: 0.09m | eta: 4.0m
step 00045/01500 (3.00%) | loss: 6.598785 | lrm: 1.00 | dt: 165.83ms | tok/sec: 395,191 | bf16_mfu: 30.36 | epoch: 1 pq: 0 rg: 6 | total time: 0.10m | eta: 4.0m
step 00046/01500 (3.07%) | loss: 6.565473 | lrm: 1.00 | dt: 163.55ms | tok/sec: 400,700 | bf16_mfu: 30.78 | epoch: 1 pq: 0 rg: 6 | total time: 0.10m | eta: 4.0m
step 00047/01500 (3.13%) | loss: 6.525208 | lrm: 1.00 | dt: 163.50ms | tok/sec: 400,829 | bf16_mfu: 30.79 | epoch: 1 pq: 0 rg: 6 | total time: 0.10m | eta: 4.0m
step 00048/01500 (3.20%) | loss: 6.497132 | lrm: 1.00 | dt: 163.22ms | tok/sec: 401,507 | bf16_mfu: 30.84 | epoch: 1 pq: 0 rg: 6 | total time: 0.10m | eta: 4.0m
step 00049/01500 (3.27%) | loss: 6.468814 | lrm: 1.00 | dt: 165.18ms | tok/sec: 396,746 | bf16_mfu: 30.48 | epoch: 1 pq: 0 rg: 7 | total time: 0.11m | eta: 4.0m
step 00050/01500 (3.33%) | loss: 6.443266 | lrm: 1.00 | dt: 165.37ms | tok/sec: 396,292 | bf16_mfu: 30.44 | epoch: 1 pq: 0 rg: 7 | total time: 0.11m | eta: 4.0m
step 00051/01500 (3.40%) | loss: 6.405499 | lrm: 1.00 | dt: 164.36ms | tok/sec: 398,722 | bf16_mfu: 30.63 | epoch: 1 pq: 0 rg: 7 | total time: 0.11m | eta: 4.0m
step 00052/01500 (3.47%) | loss: 6.387019 | lrm: 1.00 | dt: 164.25ms | tok/sec: 399,008 | bf16_mfu: 30.65 | epoch: 1 pq: 0 rg: 7 | total time: 0.11m | eta: 4.0m
step 00053/01500 (3.53%) | loss: 6.363784 | lrm: 1.00 | dt: 166.13ms | tok/sec: 394,492 | bf16_mfu: 30.30 | epoch: 1 pq: 0 rg: 7 | total time: 0.12m | eta: 4.0m
step 00054/01500 (3.60%) | loss: 6.342026 | lrm: 1.00 | dt: 164.50ms | tok/sec: 398,391 | bf16_mfu: 30.60 | epoch: 1 pq: 0 rg: 7 | total time: 0.12m | eta: 4.0m
step 00055/01500 (3.67%) | loss: 6.330087 | lrm: 1.00 | dt: 164.19ms | tok/sec: 399,152 | bf16_mfu: 30.66 | epoch: 1 pq: 0 rg: 7 | total time: 0.12m | eta: 4.0m
step 00056/01500 (3.73%) | loss: 6.317366 | lrm: 1.00 | dt: 165.19ms | tok/sec: 396,722 | bf16_mfu: 30.47 | epoch: 1 pq: 0 rg: 7 | total time: 0.13m | eta: 4.0m
step 00057/01500 (3.80%) | loss: 6.296209 | lrm: 1.00 | dt: 165.18ms | tok/sec: 396,757 | bf16_mfu: 30.48 | epoch: 1 pq: 0 rg: 8 | total time: 0.13m | eta: 3.9m
step 00058/01500 (3.87%) | loss: 6.274045 | lrm: 1.00 | dt: 163.99ms | tok/sec: 399,638 | bf16_mfu: 30.70 | epoch: 1 pq: 0 rg: 8 | total time: 0.13m | eta: 3.9m
step 00059/01500 (3.93%) | loss: 6.276651 | lrm: 1.00 | dt: 164.38ms | tok/sec: 398,680 | bf16_mfu: 30.62 | epoch: 1 pq: 0 rg: 8 | total time: 0.13m | eta: 3.9m
step 00060/01500 (4.00%) | loss: 6.260726 | lrm: 1.00 | dt: 164.26ms | tok/sec: 398,971 | bf16_mfu: 30.65 | epoch: 1 pq: 0 rg: 8 | total time: 0.14m | eta: 3.9m
step 00061/01500 (4.07%) | loss: 6.234325 | lrm: 1.00 | dt: 168.96ms | tok/sec: 387,885 | bf16_mfu: 29.80 | epoch: 1 pq: 0 rg: 8 | total time: 0.14m | eta: 3.9m
step 00062/01500 (4.13%) | loss: 6.211427 | lrm: 1.00 | dt: 164.19ms | tok/sec: 399,143 | bf16_mfu: 30.66 | epoch: 1 pq: 0 rg: 8 | total time: 0.14m | eta: 3.9m
step 00063/01500 (4.20%) | loss: 6.193999 | lrm: 1.00 | dt: 162.98ms | tok/sec: 402,102 | bf16_mfu: 30.89 | epoch: 1 pq: 0 rg: 8 | total time: 0.15m | eta: 3.9m
step 00064/01500 (4.27%) | loss: 6.185519 | lrm: 1.00 | dt: 167.03ms | tok/sec: 392,360 | bf16_mfu: 30.14 | epoch: 1 pq: 0 rg: 8 | total time: 0.15m | eta: 3.9m
step 00065/01500 (4.33%) | loss: 6.169484 | lrm: 1.00 | dt: 165.56ms | tok/sec: 395,839 | bf16_mfu: 30.41 | epoch: 1 pq: 0 rg: 9 | total time: 0.15m | eta: 3.9m
step 00066/01500 (4.40%) | loss: 6.156435 | lrm: 1.00 | dt: 163.93ms | tok/sec: 399,778 | bf16_mfu: 30.71 | epoch: 1 pq: 0 rg: 9 | total time: 0.15m | eta: 3.9m
step 00067/01500 (4.47%) | loss: 6.137566 | lrm: 1.00 | dt: 165.38ms | tok/sec: 396,274 | bf16_mfu: 30.44 | epoch: 1 pq: 0 rg: 9 | total time: 0.16m | eta: 3.9m
step 00068/01500 (4.53%) | loss: 6.117867 | lrm: 1.00 | dt: 163.07ms | tok/sec: 401,879 | bf16_mfu: 30.87 | epoch: 1 pq: 0 rg: 9 | total time: 0.16m | eta: 3.9m
step 00069/01500 (4.60%) | loss: 6.100942 | lrm: 1.00 | dt: 164.14ms | tok/sec: 399,278 | bf16_mfu: 30.67 | epoch: 1 pq: 0 rg: 9 | total time: 0.16m | eta: 3.9m
step 00070/01500 (4.67%) | loss: 6.077520 | lrm: 1.00 | dt: 165.42ms | tok/sec: 396,169 | bf16_mfu: 30.43 | epoch: 1 pq: 0 rg: 9 | total time: 0.16m | eta: 3.9m
step 00071/01500 (4.73%) | loss: 6.066308 | lrm: 1.00 | dt: 163.63ms | tok/sec: 400,519 | bf16_mfu: 30.77 | epoch: 1 pq: 0 rg: 9 | total time: 0.17m | eta: 3.9m
step 00072/01500 (4.80%) | loss: 6.056548 | lrm: 1.00 | dt: 164.07ms | tok/sec: 399,440 | bf16_mfu: 30.68 | epoch: 1 pq: 0 rg: 10 | total time: 0.17m | eta: 3.9m
step 00073/01500 (4.87%) | loss: 6.048346 | lrm: 1.00 | dt: 166.08ms | tok/sec: 394,609 | bf16_mfu: 30.31 | epoch: 1 pq: 0 rg: 10 | total time: 0.17m | eta: 3.9m
step 00074/01500 (4.93%) | loss: 6.050188 | lrm: 1.00 | dt: 164.11ms | tok/sec: 399,342 | bf16_mfu: 30.68 | epoch: 1 pq: 0 rg: 10 | total time: 0.18m | eta: 3.9m
step 00075/01500 (5.00%) | loss: 6.043023 | lrm: 1.00 | dt: 163.82ms | tok/sec: 400,041 | bf16_mfu: 30.73 | epoch: 1 pq: 0 rg: 10 | total time: 0.18m | eta: 3.9m
step 00076/01500 (5.07%) | loss: 6.025986 | lrm: 1.00 | dt: 164.37ms | tok/sec: 398,719 | bf16_mfu: 30.63 | epoch: 1 pq: 0 rg: 10 | total time: 0.18m | eta: 3.9m
step 00077/01500 (5.13%) | loss: 6.008269 | lrm: 1.00 | dt: 164.53ms | tok/sec: 398,313 | bf16_mfu: 30.60 | epoch: 1 pq: 0 rg: 10 | total time: 0.18m | eta: 3.9m
step 00078/01500 (5.20%) | loss: 5.997531 | lrm: 1.00 | dt: 165.40ms | tok/sec: 396,225 | bf16_mfu: 30.44 | epoch: 1 pq: 0 rg: 10 | total time: 0.19m | eta: 3.9m
step 00079/01500 (5.27%) | loss: 5.982325 | lrm: 1.00 | dt: 164.56ms | tok/sec: 398,248 | bf16_mfu: 30.59 | epoch: 1 pq: 0 rg: 11 | total time: 0.19m | eta: 3.9m
step 00080/01500 (5.33%) | loss: 5.976764 | lrm: 1.00 | dt: 164.09ms | tok/sec: 399,400 | bf16_mfu: 30.68 | epoch: 1 pq: 0 rg: 11 | total time: 0.19m | eta: 3.9m
step 00081/01500 (5.40%) | loss: 5.966472 | lrm: 1.00 | dt: 164.19ms | tok/sec: 399,144 | bf16_mfu: 30.66 | epoch: 1 pq: 0 rg: 11 | total time: 0.19m | eta: 3.9m
step 00082/01500 (5.47%) | loss: 5.953698 | lrm: 1.00 | dt: 165.21ms | tok/sec: 396,672 | bf16_mfu: 30.47 | epoch: 1 pq: 0 rg: 11 | total time: 0.20m | eta: 3.9m
step 00083/01500 (5.53%) | loss: 5.936001 | lrm: 1.00 | dt: 163.52ms | tok/sec: 400,791 | bf16_mfu: 30.79 | epoch: 1 pq: 0 rg: 11 | total time: 0.20m | eta: 3.9m
step 00084/01500 (5.60%) | loss: 5.925520 | lrm: 1.00 | dt: 163.30ms | tok/sec: 401,328 | bf16_mfu: 30.83 | epoch: 1 pq: 0 rg: 11 | total time: 0.20m | eta: 3.9m
step 00085/01500 (5.67%) | loss: 5.917017 | lrm: 1.00 | dt: 164.32ms | tok/sec: 398,826 | bf16_mfu: 30.64 | epoch: 1 pq: 0 rg: 11 | total time: 0.21m | eta: 3.9m
step 00086/01500 (5.73%) | loss: 5.915993 | lrm: 1.00 | dt: 163.93ms | tok/sec: 399,768 | bf16_mfu: 30.71 | epoch: 1 pq: 0 rg: 11 | total time: 0.21m | eta: 3.9m
step 00087/01500 (5.80%) | loss: 5.907574 | lrm: 1.00 | dt: 164.90ms | tok/sec: 397,430 | bf16_mfu: 30.53 | epoch: 1 pq: 0 rg: 12 | total time: 0.21m | eta: 3.9m
step 00088/01500 (5.87%) | loss: 5.905866 | lrm: 1.00 | dt: 163.57ms | tok/sec: 400,654 | bf16_mfu: 30.78 | epoch: 1 pq: 0 rg: 12 | total time: 0.21m | eta: 3.9m
step 00089/01500 (5.93%) | loss: 5.905880 | lrm: 1.00 | dt: 162.04ms | tok/sec: 404,439 | bf16_mfu: 31.07 | epoch: 1 pq: 0 rg: 12 | total time: 0.22m | eta: 3.9m
step 00090/01500 (6.00%) | loss: 5.896210 | lrm: 1.00 | dt: 162.36ms | tok/sec: 403,647 | bf16_mfu: 31.01 | epoch: 1 pq: 0 rg: 12 | total time: 0.22m | eta: 3.9m
step 00091/01500 (6.07%) | loss: 5.876295 | lrm: 1.00 | dt: 163.23ms | tok/sec: 401,488 | bf16_mfu: 30.84 | epoch: 1 pq: 0 rg: 12 | total time: 0.22m | eta: 3.9m
step 00092/01500 (6.13%) | loss: 5.856693 | lrm: 1.00 | dt: 164.15ms | tok/sec: 399,252 | bf16_mfu: 30.67 | epoch: 1 pq: 0 rg: 12 | total time: 0.22m | eta: 3.9m
step 00093/01500 (6.20%) | loss: 5.836974 | lrm: 1.00 | dt: 166.24ms | tok/sec: 394,217 | bf16_mfu: 30.28 | epoch: 1 pq: 0 rg: 12 | total time: 0.23m | eta: 3.9m
step 00094/01500 (6.27%) | loss: 5.830552 | lrm: 1.00 | dt: 164.10ms | tok/sec: 399,375 | bf16_mfu: 30.68 | epoch: 1 pq: 0 rg: 13 | total time: 0.23m | eta: 3.8m
step 00095/01500 (6.33%) | loss: 5.825643 | lrm: 1.00 | dt: 162.10ms | tok/sec: 404,285 | bf16_mfu: 31.06 | epoch: 1 pq: 0 rg: 13 | total time: 0.23m | eta: 3.8m
step 00096/01500 (6.40%) | loss: 5.814486 | lrm: 1.00 | dt: 163.16ms | tok/sec: 401,671 | bf16_mfu: 30.85 | epoch: 1 pq: 0 rg: 13 | total time: 0.24m | eta: 3.8m
step 00097/01500 (6.47%) | loss: 5.818695 | lrm: 1.00 | dt: 162.79ms | tok/sec: 402,587 | bf16_mfu: 30.92 | epoch: 1 pq: 0 rg: 13 | total time: 0.24m | eta: 3.8m
step 00098/01500 (6.53%) | loss: 5.812063 | lrm: 1.00 | dt: 164.40ms | tok/sec: 398,629 | bf16_mfu: 30.62 | epoch: 1 pq: 0 rg: 13 | total time: 0.24m | eta: 3.8m
step 00099/01500 (6.60%) | loss: 5.806945 | lrm: 1.00 | dt: 163.00ms | tok/sec: 402,064 | bf16_mfu: 30.88 | epoch: 1 pq: 0 rg: 13 | total time: 0.24m | eta: 3.8m
step 00100/01500 (6.67%) | loss: 5.803216 | lrm: 1.00 | dt: 163.93ms | tok/sec: 399,773 | bf16_mfu: 30.71 | epoch: 1 pq: 0 rg: 13 | total time: 0.25m | eta: 3.8m
step 00101/01500 (6.73%) | loss: 5.802854 | lrm: 1.00 | dt: 163.48ms | tok/sec: 400,880 | bf16_mfu: 30.79 | epoch: 1 pq: 0 rg: 13 | total time: 0.25m | eta: 3.8m
step 00102/01500 (6.80%) | loss: 5.794076 | lrm: 1.00 | dt: 163.72ms | tok/sec: 400,299 | bf16_mfu: 30.75 | epoch: 1 pq: 0 rg: 14 | total time: 0.25m | eta: 3.8m
step 00103/01500 (6.87%) | loss: 5.799542 | lrm: 1.00 | dt: 165.73ms | tok/sec: 395,444 | bf16_mfu: 30.38 | epoch: 1 pq: 0 rg: 14 | total time: 0.25m | eta: 3.8m
step 00104/01500 (6.93%) | loss: 5.792082 | lrm: 1.00 | dt: 163.43ms | tok/sec: 401,008 | bf16_mfu: 30.80 | epoch: 1 pq: 0 rg: 14 | total time: 0.26m | eta: 3.8m
step 00105/01500 (7.00%) | loss: 5.777961 | lrm: 1.00 | dt: 163.37ms | tok/sec: 401,162 | bf16_mfu: 30.82 | epoch: 1 pq: 0 rg: 14 | total time: 0.26m | eta: 3.8m
step 00106/01500 (7.07%) | loss: 5.767116 | lrm: 1.00 | dt: 162.67ms | tok/sec: 402,868 | bf16_mfu: 30.95 | epoch: 1 pq: 0 rg: 14 | total time: 0.26m | eta: 3.8m
step 00107/01500 (7.13%) | loss: 5.751165 | lrm: 1.00 | dt: 163.01ms | tok/sec: 402,042 | bf16_mfu: 30.88 | epoch: 1 pq: 0 rg: 14 | total time: 0.27m | eta: 3.8m
step 00108/01500 (7.20%) | loss: 5.730381 | lrm: 1.00 | dt: 165.64ms | tok/sec: 395,656 | bf16_mfu: 30.39 | epoch: 1 pq: 0 rg: 14 | total time: 0.27m | eta: 3.8m
step 00109/01500 (7.27%) | loss: 5.711593 | lrm: 1.00 | dt: 164.63ms | tok/sec: 398,083 | bf16_mfu: 30.58 | epoch: 1 pq: 0 rg: 15 | total time: 0.27m | eta: 3.8m
step 00110/01500 (7.33%) | loss: 5.694976 | lrm: 1.00 | dt: 163.90ms | tok/sec: 399,846 | bf16_mfu: 30.71 | epoch: 1 pq: 0 rg: 15 | total time: 0.27m | eta: 3.8m
step 00111/01500 (7.40%) | loss: 5.687196 | lrm: 1.00 | dt: 163.08ms | tok/sec: 401,864 | bf16_mfu: 30.87 | epoch: 1 pq: 0 rg: 15 | total time: 0.28m | eta: 3.8m
step 00112/01500 (7.47%) | loss: 5.692185 | lrm: 1.00 | dt: 163.71ms | tok/sec: 400,322 | bf16_mfu: 30.75 | epoch: 1 pq: 0 rg: 15 | total time: 0.28m | eta: 3.8m
step 00113/01500 (7.53%) | loss: 5.685651 | lrm: 1.00 | dt: 163.07ms | tok/sec: 401,888 | bf16_mfu: 30.87 | epoch: 1 pq: 0 rg: 15 | total time: 0.28m | eta: 3.8m
step 00114/01500 (7.60%) | loss: 5.684884 | lrm: 1.00 | dt: 166.29ms | tok/sec: 394,102 | bf16_mfu: 30.27 | epoch: 1 pq: 0 rg: 15 | total time: 0.28m | eta: 3.8m
step 00115/01500 (7.67%) | loss: 5.679495 | lrm: 1.00 | dt: 164.07ms | tok/sec: 399,434 | bf16_mfu: 30.68 | epoch: 1 pq: 0 rg: 15 | total time: 0.29m | eta: 3.8m
step 00116/01500 (7.73%) | loss: 5.665831 | lrm: 1.00 | dt: 163.58ms | tok/sec: 400,626 | bf16_mfu: 30.77 | epoch: 1 pq: 0 rg: 15 | total time: 0.29m | eta: 3.8m
step 00117/01500 (7.80%) | loss: 5.647845 | lrm: 1.00 | dt: 163.15ms | tok/sec: 401,693 | bf16_mfu: 30.86 | epoch: 1 pq: 0 rg: 16 | total time: 0.29m | eta: 3.8m
step 00118/01500 (7.87%) | loss: 5.641620 | lrm: 1.00 | dt: 164.33ms | tok/sec: 398,802 | bf16_mfu: 30.63 | epoch: 1 pq: 0 rg: 16 | total time: 0.30m | eta: 3.8m
step 00119/01500 (7.93%) | loss: 5.638857 | lrm: 1.00 | dt: 162.89ms | tok/sec: 402,338 | bf16_mfu: 30.91 | epoch: 1 pq: 0 rg: 16 | total time: 0.30m | eta: 3.8m
step 00120/01500 (8.00%) | loss: 5.627998 | lrm: 1.00 | dt: 162.75ms | tok/sec: 402,684 | bf16_mfu: 30.93 | epoch: 1 pq: 0 rg: 16 | total time: 0.30m | eta: 3.8m
step 00121/01500 (8.07%) | loss: 5.608626 | lrm: 1.00 | dt: 163.71ms | tok/sec: 400,326 | bf16_mfu: 30.75 | epoch: 1 pq: 0 rg: 16 | total time: 0.30m | eta: 3.8m
step 00122/01500 (8.13%) | loss: 5.606577 | lrm: 1.00 | dt: 163.83ms | tok/sec: 400,016 | bf16_mfu: 30.73 | epoch: 1 pq: 0 rg: 16 | total time: 0.31m | eta: 3.8m
step 00123/01500 (8.20%) | loss: 5.592543 | lrm: 1.00 | dt: 165.57ms | tok/sec: 395,819 | bf16_mfu: 30.40 | epoch: 1 pq: 0 rg: 16 | total time: 0.31m | eta: 3.8m
step 00124/01500 (8.27%) | loss: 5.579401 | lrm: 1.00 | dt: 163.23ms | tok/sec: 401,494 | bf16_mfu: 30.84 | epoch: 1 pq: 0 rg: 17 | total time: 0.31m | eta: 3.8m
step 00125/01500 (8.33%) | loss: 5.568420 | lrm: 1.00 | dt: 162.95ms | tok/sec: 402,175 | bf16_mfu: 30.89 | epoch: 1 pq: 0 rg: 17 | total time: 0.31m | eta: 3.8m
step 00126/01500 (8.40%) | loss: 5.559085 | lrm: 1.00 | dt: 162.35ms | tok/sec: 403,670 | bf16_mfu: 31.01 | epoch: 1 pq: 0 rg: 17 | total time: 0.32m | eta: 3.8m
step 00127/01500 (8.47%) | loss: 5.556418 | lrm: 1.00 | dt: 163.54ms | tok/sec: 400,732 | bf16_mfu: 30.78 | epoch: 1 pq: 0 rg: 17 | total time: 0.32m | eta: 3.8m
step 00128/01500 (8.53%) | loss: 5.559088 | lrm: 1.00 | dt: 164.05ms | tok/sec: 399,486 | bf16_mfu: 30.69 | epoch: 1 pq: 0 rg: 17 | total time: 0.32m | eta: 3.8m
step 00129/01500 (8.60%) | loss: 5.554431 | lrm: 1.00 | dt: 165.67ms | tok/sec: 395,590 | bf16_mfu: 30.39 | epoch: 1 pq: 0 rg: 17 | total time: 0.33m | eta: 3.8m
step 00130/01500 (8.67%) | loss: 5.539915 | lrm: 1.00 | dt: 164.43ms | tok/sec: 398,566 | bf16_mfu: 30.62 | epoch: 1 pq: 0 rg: 17 | total time: 0.33m | eta: 3.7m
step 00131/01500 (8.73%) | loss: 5.523965 | lrm: 1.00 | dt: 163.88ms | tok/sec: 399,909 | bf16_mfu: 30.72 | epoch: 1 pq: 0 rg: 18 | total time: 0.33m | eta: 3.7m
step 00132/01500 (8.80%) | loss: 5.513802 | lrm: 1.00 | dt: 163.63ms | tok/sec: 400,511 | bf16_mfu: 30.77 | epoch: 1 pq: 0 rg: 18 | total time: 0.33m | eta: 3.7m
step 00133/01500 (8.87%) | loss: 5.512504 | lrm: 1.00 | dt: 162.92ms | tok/sec: 402,268 | bf16_mfu: 30.90 | epoch: 1 pq: 0 rg: 18 | total time: 0.34m | eta: 3.7m
step 00134/01500 (8.93%) | loss: 5.507212 | lrm: 1.00 | dt: 165.63ms | tok/sec: 395,665 | bf16_mfu: 30.39 | epoch: 1 pq: 0 rg: 18 | total time: 0.34m | eta: 3.7m
step 00135/01500 (9.00%) | loss: 5.497359 | lrm: 1.00 | dt: 163.07ms | tok/sec: 401,899 | bf16_mfu: 30.87 | epoch: 1 pq: 0 rg: 18 | total time: 0.34m | eta: 3.7m
step 00136/01500 (9.07%) | loss: 5.486943 | lrm: 1.00 | dt: 164.49ms | tok/sec: 398,415 | bf16_mfu: 30.60 | epoch: 1 pq: 0 rg: 18 | total time: 0.34m | eta: 3.7m
step 00137/01500 (9.13%) | loss: 5.465315 | lrm: 1.00 | dt: 163.79ms | tok/sec: 400,122 | bf16_mfu: 30.74 | epoch: 1 pq: 0 rg: 18 | total time: 0.35m | eta: 3.7m
step 00138/01500 (9.20%) | loss: 5.450249 | lrm: 1.00 | dt: 163.58ms | tok/sec: 400,628 | bf16_mfu: 30.77 | epoch: 1 pq: 0 rg: 18 | total time: 0.35m | eta: 3.7m
step 00139/01500 (9.27%) | loss: 5.425728 | lrm: 1.00 | dt: 164.38ms | tok/sec: 398,686 | bf16_mfu: 30.62 | epoch: 1 pq: 0 rg: 19 | total time: 0.35m | eta: 3.7m
step 00140/01500 (9.33%) | loss: 5.415083 | lrm: 1.00 | dt: 163.24ms | tok/sec: 401,470 | bf16_mfu: 30.84 | epoch: 1 pq: 0 rg: 19 | total time: 0.36m | eta: 3.7m
step 00141/01500 (9.40%) | loss: 5.412249 | lrm: 1.00 | dt: 162.27ms | tok/sec: 403,878 | bf16_mfu: 31.02 | epoch: 1 pq: 0 rg: 19 | total time: 0.36m | eta: 3.7m
step 00142/01500 (9.47%) | loss: 5.412313 | lrm: 1.00 | dt: 162.88ms | tok/sec: 402,346 | bf16_mfu: 30.91 | epoch: 1 pq: 0 rg: 19 | total time: 0.36m | eta: 3.7m
step 00143/01500 (9.53%) | loss: 5.414532 | lrm: 1.00 | dt: 163.06ms | tok/sec: 401,919 | bf16_mfu: 30.87 | epoch: 1 pq: 0 rg: 19 | total time: 0.36m | eta: 3.7m
step 00144/01500 (9.60%) | loss: 5.416491 | lrm: 1.00 | dt: 164.02ms | tok/sec: 399,552 | bf16_mfu: 30.69 | epoch: 1 pq: 0 rg: 19 | total time: 0.37m | eta: 3.7m
step 00145/01500 (9.67%) | loss: 5.415679 | lrm: 1.00 | dt: 165.52ms | tok/sec: 395,933 | bf16_mfu: 30.41 | epoch: 1 pq: 0 rg: 19 | total time: 0.37m | eta: 3.7m
step 00146/01500 (9.73%) | loss: 5.401776 | lrm: 1.00 | dt: 163.76ms | tok/sec: 400,188 | bf16_mfu: 30.74 | epoch: 1 pq: 0 rg: 19 | total time: 0.37m | eta: 3.7m
step 00147/01500 (9.80%) | loss: 5.389460 | lrm: 1.00 | dt: 163.01ms | tok/sec: 402,042 | bf16_mfu: 30.88 | epoch: 1 pq: 0 rg: 20 | total time: 0.37m | eta: 3.7m
step 00148/01500 (9.87%) | loss: 5.376019 | lrm: 1.00 | dt: 164.41ms | tok/sec: 398,610 | bf16_mfu: 30.62 | epoch: 1 pq: 0 rg: 20 | total time: 0.38m | eta: 3.7m
step 00149/01500 (9.93%) | loss: 5.350678 | lrm: 1.00 | dt: 162.48ms | tok/sec: 403,345 | bf16_mfu: 30.98 | epoch: 1 pq: 0 rg: 20 | total time: 0.38m | eta: 3.7m
step 00150/01500 (10.00%) | loss: 5.349602 | lrm: 1.00 | dt: 166.10ms | tok/sec: 394,552 | bf16_mfu: 30.31 | epoch: 1 pq: 0 rg: 20 | total time: 0.38m | eta: 3.7m
step 00151/01500 (10.07%) | loss: 5.341865 | lrm: 1.00 | dt: 163.96ms | tok/sec: 399,699 | bf16_mfu: 30.70 | epoch: 1 pq: 0 rg: 20 | total time: 0.39m | eta: 3.7m
step 00152/01500 (10.13%) | loss: 5.324225 | lrm: 1.00 | dt: 163.95ms | tok/sec: 399,741 | bf16_mfu: 30.71 | epoch: 1 pq: 0 rg: 20 | total time: 0.39m | eta: 3.7m
step 00153/01500 (10.20%) | loss: 5.310733 | lrm: 1.00 | dt: 164.71ms | tok/sec: 397,891 | bf16_mfu: 30.56 | epoch: 1 pq: 0 rg: 20 | total time: 0.39m | eta: 3.7m
step 00154/01500 (10.27%) | loss: 5.305494 | lrm: 1.00 | dt: 164.82ms | tok/sec: 397,626 | bf16_mfu: 30.54 | epoch: 1 pq: 0 rg: 21 | total time: 0.39m | eta: 3.7m
step 00155/01500 (10.33%) | loss: 5.293807 | lrm: 1.00 | dt: 163.35ms | tok/sec: 401,208 | bf16_mfu: 30.82 | epoch: 1 pq: 0 rg: 21 | total time: 0.40m | eta: 3.7m
step 00156/01500 (10.40%) | loss: 5.277083 | lrm: 1.00 | dt: 163.83ms | tok/sec: 400,020 | bf16_mfu: 30.73 | epoch: 1 pq: 0 rg: 21 | total time: 0.40m | eta: 3.7m
step 00157/01500 (10.47%) | loss: 5.271720 | lrm: 1.00 | dt: 164.90ms | tok/sec: 397,437 | bf16_mfu: 30.53 | epoch: 1 pq: 0 rg: 21 | total time: 0.40m | eta: 3.7m
step 00158/01500 (10.53%) | loss: 5.258014 | lrm: 1.00 | dt: 163.54ms | tok/sec: 400,743 | bf16_mfu: 30.78 | epoch: 1 pq: 0 rg: 21 | total time: 0.40m | eta: 3.7m
step 00159/01500 (10.60%) | loss: 5.257240 | lrm: 1.00 | dt: 165.28ms | tok/sec: 396,525 | bf16_mfu: 30.46 | epoch: 1 pq: 0 rg: 21 | total time: 0.41m | eta: 3.7m
step 00160/01500 (10.67%) | loss: 5.259752 | lrm: 1.00 | dt: 163.85ms | tok/sec: 399,985 | bf16_mfu: 30.72 | epoch: 1 pq: 0 rg: 21 | total time: 0.41m | eta: 3.7m
step 00161/01500 (10.73%) | loss: 5.251850 | lrm: 1.00 | dt: 163.81ms | tok/sec: 400,066 | bf16_mfu: 30.73 | epoch: 1 pq: 0 rg: 21 | total time: 0.41m | eta: 3.7m
step 00162/01500 (10.80%) | loss: 5.253491 | lrm: 1.00 | dt: 164.44ms | tok/sec: 398,537 | bf16_mfu: 30.61 | epoch: 1 pq: 0 rg: 22 | total time: 0.42m | eta: 3.7m
step 00163/01500 (10.87%) | loss: 5.243979 | lrm: 1.00 | dt: 163.78ms | tok/sec: 400,138 | bf16_mfu: 30.74 | epoch: 1 pq: 0 rg: 22 | total time: 0.42m | eta: 3.7m
step 00164/01500 (10.93%) | loss: 5.226493 | lrm: 1.00 | dt: 164.53ms | tok/sec: 398,333 | bf16_mfu: 30.60 | epoch: 1 pq: 0 rg: 22 | total time: 0.42m | eta: 3.7m
step 00165/01500 (11.00%) | loss: 5.208833 | lrm: 1.00 | dt: 164.00ms | tok/sec: 399,609 | bf16_mfu: 30.70 | epoch: 1 pq: 0 rg: 22 | total time: 0.42m | eta: 3.7m
step 00166/01500 (11.07%) | loss: 5.192862 | lrm: 1.00 | dt: 164.21ms | tok/sec: 399,103 | bf16_mfu: 30.66 | epoch: 1 pq: 0 rg: 22 | total time: 0.43m | eta: 3.6m
step 00167/01500 (11.13%) | loss: 5.187502 | lrm: 1.00 | dt: 164.22ms | tok/sec: 399,067 | bf16_mfu: 30.65 | epoch: 1 pq: 0 rg: 22 | total time: 0.43m | eta: 3.6m
step 00168/01500 (11.20%) | loss: 5.173078 | lrm: 1.00 | dt: 165.24ms | tok/sec: 396,601 | bf16_mfu: 30.46 | epoch: 1 pq: 0 rg: 22 | total time: 0.43m | eta: 3.6m
step 00169/01500 (11.27%) | loss: 5.159372 | lrm: 1.00 | dt: 163.02ms | tok/sec: 402,012 | bf16_mfu: 30.88 | epoch: 1 pq: 0 rg: 23 | total time: 0.43m | eta: 3.6m
step 00170/01500 (11.33%) | loss: 5.157176 | lrm: 1.00 | dt: 163.89ms | tok/sec: 399,885 | bf16_mfu: 30.72 | epoch: 1 pq: 0 rg: 23 | total time: 0.44m | eta: 3.6m
step 00171/01500 (11.40%) | loss: 5.148013 | lrm: 1.00 | dt: 162.98ms | tok/sec: 402,117 | bf16_mfu: 30.89 | epoch: 1 pq: 0 rg: 23 | total time: 0.44m | eta: 3.6m
step 00172/01500 (11.47%) | loss: 5.146249 | lrm: 1.00 | dt: 164.22ms | tok/sec: 399,078 | bf16_mfu: 30.66 | epoch: 1 pq: 0 rg: 23 | total time: 0.44m | eta: 3.6m
step 00173/01500 (11.53%) | loss: 5.128313 | lrm: 1.00 | dt: 165.34ms | tok/sec: 396,378 | bf16_mfu: 30.45 | epoch: 1 pq: 0 rg: 23 | total time: 0.45m | eta: 3.6m
step 00174/01500 (11.60%) | loss: 5.126897 | lrm: 1.00 | dt: 162.51ms | tok/sec: 403,278 | bf16_mfu: 30.98 | epoch: 1 pq: 0 rg: 23 | total time: 0.45m | eta: 3.6m
step 00175/01500 (11.67%) | loss: 5.116635 | lrm: 1.00 | dt: 163.20ms | tok/sec: 401,580 | bf16_mfu: 30.85 | epoch: 1 pq: 0 rg: 23 | total time: 0.45m | eta: 3.6m
step 00176/01500 (11.73%) | loss: 5.112707 | lrm: 1.00 | dt: 163.00ms | tok/sec: 402,052 | bf16_mfu: 30.88 | epoch: 1 pq: 0 rg: 23 | total time: 0.45m | eta: 3.6m
step 00177/01500 (11.80%) | loss: 5.107520 | lrm: 1.00 | dt: 162.80ms | tok/sec: 402,549 | bf16_mfu: 30.92 | epoch: 1 pq: 0 rg: 24 | total time: 0.46m | eta: 3.6m
step 00178/01500 (11.87%) | loss: 5.123672 | lrm: 1.00 | dt: 163.58ms | tok/sec: 400,626 | bf16_mfu: 30.77 | epoch: 1 pq: 0 rg: 24 | total time: 0.46m | eta: 3.6m
step 00179/01500 (11.93%) | loss: 5.119335 | lrm: 1.00 | dt: 165.31ms | tok/sec: 396,451 | bf16_mfu: 30.45 | epoch: 1 pq: 0 rg: 24 | total time: 0.46m | eta: 3.6m
step 00180/01500 (12.00%) | loss: 5.113224 | lrm: 1.00 | dt: 162.67ms | tok/sec: 402,869 | bf16_mfu: 30.95 | epoch: 1 pq: 0 rg: 24 | total time: 0.46m | eta: 3.6m
step 00181/01500 (12.07%) | loss: 5.114141 | lrm: 1.00 | dt: 163.15ms | tok/sec: 401,692 | bf16_mfu: 30.86 | epoch: 1 pq: 0 rg: 24 | total time: 0.47m | eta: 3.6m
step 00182/01500 (12.13%) | loss: 5.096898 | lrm: 1.00 | dt: 163.26ms | tok/sec: 401,429 | bf16_mfu: 30.84 | epoch: 1 pq: 0 rg: 24 | total time: 0.47m | eta: 3.6m
step 00183/01500 (12.20%) | loss: 5.084999 | lrm: 1.00 | dt: 164.57ms | tok/sec: 398,234 | bf16_mfu: 30.59 | epoch: 1 pq: 0 rg: 24 | total time: 0.47m | eta: 3.6m
step 00184/01500 (12.27%) | loss: 5.075811 | lrm: 1.00 | dt: 165.13ms | tok/sec: 396,882 | bf16_mfu: 30.49 | epoch: 1 pq: 0 rg: 25 | total time: 0.48m | eta: 3.6m
step 00185/01500 (12.33%) | loss: 5.077441 | lrm: 1.00 | dt: 163.84ms | tok/sec: 399,996 | bf16_mfu: 30.73 | epoch: 1 pq: 0 rg: 25 | total time: 0.48m | eta: 3.6m
step 00186/01500 (12.40%) | loss: 5.069430 | lrm: 1.00 | dt: 163.09ms | tok/sec: 401,834 | bf16_mfu: 30.87 | epoch: 1 pq: 0 rg: 25 | total time: 0.48m | eta: 3.6m
step 00187/01500 (12.47%) | loss: 5.067383 | lrm: 1.00 | dt: 164.57ms | tok/sec: 398,230 | bf16_mfu: 30.59 | epoch: 1 pq: 0 rg: 25 | total time: 0.48m | eta: 3.6m
step 00188/01500 (12.53%) | loss: 5.052444 | lrm: 1.00 | dt: 163.13ms | tok/sec: 401,742 | bf16_mfu: 30.86 | epoch: 1 pq: 0 rg: 25 | total time: 0.49m | eta: 3.6m
step 00189/01500 (12.60%) | loss: 5.049427 | lrm: 1.00 | dt: 164.93ms | tok/sec: 397,357 | bf16_mfu: 30.52 | epoch: 1 pq: 0 rg: 25 | total time: 0.49m | eta: 3.6m
step 00190/01500 (12.67%) | loss: 5.042310 | lrm: 1.00 | dt: 163.28ms | tok/sec: 401,365 | bf16_mfu: 30.83 | epoch: 1 pq: 0 rg: 25 | total time: 0.49m | eta: 3.6m
step 00191/01500 (12.73%) | loss: 5.029646 | lrm: 1.00 | dt: 162.80ms | tok/sec: 402,560 | bf16_mfu: 30.92 | epoch: 1 pq: 0 rg: 25 | total time: 0.49m | eta: 3.6m
step 00192/01500 (12.80%) | loss: 5.039123 | lrm: 1.00 | dt: 164.67ms | tok/sec: 397,978 | bf16_mfu: 30.57 | epoch: 1 pq: 0 rg: 26 | total time: 0.50m | eta: 3.6m
step 00193/01500 (12.87%) | loss: 5.027698 | lrm: 1.00 | dt: 166.29ms | tok/sec: 394,112 | bf16_mfu: 30.27 | epoch: 1 pq: 0 rg: 26 | total time: 0.50m | eta: 3.6m
step 00194/01500 (12.93%) | loss: 5.010413 | lrm: 1.00 | dt: 163.70ms | tok/sec: 400,334 | bf16_mfu: 30.75 | epoch: 1 pq: 0 rg: 26 | total time: 0.50m | eta: 3.6m
step 00195/01500 (13.00%) | loss: 5.011277 | lrm: 1.00 | dt: 162.11ms | tok/sec: 404,258 | bf16_mfu: 31.05 | epoch: 1 pq: 0 rg: 26 | total time: 0.51m | eta: 3.6m
step 00196/01500 (13.07%) | loss: 5.004532 | lrm: 1.00 | dt: 162.76ms | tok/sec: 402,664 | bf16_mfu: 30.93 | epoch: 1 pq: 0 rg: 26 | total time: 0.51m | eta: 3.6m
step 00197/01500 (13.13%) | loss: 4.986299 | lrm: 1.00 | dt: 164.14ms | tok/sec: 399,257 | bf16_mfu: 30.67 | epoch: 1 pq: 0 rg: 26 | total time: 0.51m | eta: 3.6m
step 00198/01500 (13.20%) | loss: 4.973807 | lrm: 1.00 | dt: 164.26ms | tok/sec: 398,970 | bf16_mfu: 30.65 | epoch: 1 pq: 0 rg: 26 | total time: 0.51m | eta: 3.6m
step 00199/01500 (13.27%) | loss: 4.970355 | lrm: 1.00 | dt: 164.58ms | tok/sec: 398,199 | bf16_mfu: 30.59 | epoch: 1 pq: 0 rg: 27 | total time: 0.52m | eta: 3.6m
step 00200/01500 (13.33%) | loss: 4.965302 | lrm: 1.00 | dt: 163.19ms | tok/sec: 401,584 | bf16_mfu: 30.85 | epoch: 1 pq: 0 rg: 27 | total time: 0.52m | eta: 3.6m
step 00201/01500 (13.40%) | loss: 4.951277 | lrm: 1.00 | dt: 163.52ms | tok/sec: 400,788 | bf16_mfu: 30.79 | epoch: 1 pq: 0 rg: 27 | total time: 0.52m | eta: 3.6m
step 00202/01500 (13.47%) | loss: 4.947819 | lrm: 1.00 | dt: 163.93ms | tok/sec: 399,792 | bf16_mfu: 30.71 | epoch: 1 pq: 0 rg: 27 | total time: 0.52m | eta: 3.5m
step 00203/01500 (13.53%) | loss: 4.950695 | lrm: 1.00 | dt: 165.98ms | tok/sec: 394,853 | bf16_mfu: 30.33 | epoch: 1 pq: 0 rg: 27 | total time: 0.53m | eta: 3.5m
step 00204/01500 (13.60%) | loss: 4.947922 | lrm: 1.00 | dt: 164.80ms | tok/sec: 397,667 | bf16_mfu: 30.55 | epoch: 1 pq: 0 rg: 27 | total time: 0.53m | eta: 3.5m
step 00205/01500 (13.67%) | loss: 4.947406 | lrm: 1.00 | dt: 163.41ms | tok/sec: 401,059 | bf16_mfu: 30.81 | epoch: 1 pq: 0 rg: 27 | total time: 0.53m | eta: 3.5m
step 00206/01500 (13.73%) | loss: 4.949461 | lrm: 1.00 | dt: 163.70ms | tok/sec: 400,341 | bf16_mfu: 30.75 | epoch: 1 pq: 0 rg: 27 | total time: 0.54m | eta: 3.5m
step 00207/01500 (13.80%) | loss: 4.941536 | lrm: 1.00 | dt: 164.01ms | tok/sec: 399,589 | bf16_mfu: 30.69 | epoch: 1 pq: 0 rg: 28 | total time: 0.54m | eta: 3.5m
step 00208/01500 (13.87%) | loss: 4.947007 | lrm: 1.00 | dt: 164.63ms | tok/sec: 398,071 | bf16_mfu: 30.58 | epoch: 1 pq: 0 rg: 28 | total time: 0.54m | eta: 3.5m
step 00209/01500 (13.93%) | loss: 4.946381 | lrm: 1.00 | dt: 164.75ms | tok/sec: 397,788 | bf16_mfu: 30.56 | epoch: 1 pq: 0 rg: 28 | total time: 0.54m | eta: 3.5m
step 00210/01500 (14.00%) | loss: 4.942002 | lrm: 1.00 | dt: 164.34ms | tok/sec: 398,793 | bf16_mfu: 30.63 | epoch: 1 pq: 0 rg: 28 | total time: 0.55m | eta: 3.5m
step 00211/01500 (14.07%) | loss: 4.931698 | lrm: 1.00 | dt: 164.15ms | tok/sec: 399,243 | bf16_mfu: 30.67 | epoch: 1 pq: 0 rg: 28 | total time: 0.55m | eta: 3.5m
step 00212/01500 (14.13%) | loss: 4.912980 | lrm: 1.00 | dt: 163.75ms | tok/sec: 400,231 | bf16_mfu: 30.74 | epoch: 1 pq: 0 rg: 28 | total time: 0.55m | eta: 3.5m
step 00213/01500 (14.20%) | loss: 4.894129 | lrm: 1.00 | dt: 164.50ms | tok/sec: 398,399 | bf16_mfu: 30.60 | epoch: 1 pq: 0 rg: 28 | total time: 0.56m | eta: 3.5m
step 00214/01500 (14.27%) | loss: 4.890424 | lrm: 1.00 | dt: 163.52ms | tok/sec: 400,794 | bf16_mfu: 30.79 | epoch: 1 pq: 0 rg: 29 | total time: 0.56m | eta: 3.5m
step 00215/01500 (14.33%) | loss: 4.876837 | lrm: 1.00 | dt: 164.89ms | tok/sec: 397,459 | bf16_mfu: 30.53 | epoch: 1 pq: 0 rg: 29 | total time: 0.56m | eta: 3.5m
step 00216/01500 (14.40%) | loss: 4.869044 | lrm: 1.00 | dt: 164.44ms | tok/sec: 398,544 | bf16_mfu: 30.61 | epoch: 1 pq: 0 rg: 29 | total time: 0.56m | eta: 3.5m
step 00217/01500 (14.47%) | loss: 4.869265 | lrm: 1.00 | dt: 166.46ms | tok/sec: 393,712 | bf16_mfu: 30.24 | epoch: 1 pq: 0 rg: 29 | total time: 0.57m | eta: 3.5m
step 00218/01500 (14.53%) | loss: 4.861960 | lrm: 1.00 | dt: 162.75ms | tok/sec: 402,689 | bf16_mfu: 30.93 | epoch: 1 pq: 0 rg: 29 | total time: 0.57m | eta: 3.5m
step 00219/01500 (14.60%) | loss: 4.862807 | lrm: 1.00 | dt: 162.24ms | tok/sec: 403,941 | bf16_mfu: 31.03 | epoch: 1 pq: 0 rg: 29 | total time: 0.57m | eta: 3.5m
step 00220/01500 (14.67%) | loss: 4.855121 | lrm: 1.00 | dt: 163.45ms | tok/sec: 400,947 | bf16_mfu: 30.80 | epoch: 1 pq: 0 rg: 29 | total time: 0.57m | eta: 3.5m
step 00221/01500 (14.73%) | loss: 4.858331 | lrm: 1.00 | dt: 162.52ms | tok/sec: 403,249 | bf16_mfu: 30.98 | epoch: 1 pq: 0 rg: 29 | total time: 0.58m | eta: 3.5m
step 00222/01500 (14.80%) | loss: 4.856078 | lrm: 1.00 | dt: 163.19ms | tok/sec: 401,585 | bf16_mfu: 30.85 | epoch: 1 pq: 0 rg: 30 | total time: 0.58m | eta: 3.5m
step 00223/01500 (14.87%) | loss: 4.838823 | lrm: 1.00 | dt: 165.65ms | tok/sec: 395,630 | bf16_mfu: 30.39 | epoch: 1 pq: 0 rg: 30 | total time: 0.58m | eta: 3.5m
step 00224/01500 (14.93%) | loss: 4.845031 | lrm: 1.00 | dt: 162.39ms | tok/sec: 403,565 | bf16_mfu: 31.00 | epoch: 1 pq: 0 rg: 30 | total time: 0.59m | eta: 3.5m
step 00225/01500 (15.00%) | loss: 4.833676 | lrm: 1.00 | dt: 162.08ms | tok/sec: 404,354 | bf16_mfu: 31.06 | epoch: 1 pq: 0 rg: 30 | total time: 0.59m | eta: 3.5m
step 00226/01500 (15.07%) | loss: 4.808739 | lrm: 1.00 | dt: 163.60ms | tok/sec: 400,575 | bf16_mfu: 30.77 | epoch: 1 pq: 0 rg: 30 | total time: 0.59m | eta: 3.5m
step 00227/01500 (15.13%) | loss: 4.795372 | lrm: 1.00 | dt: 163.83ms | tok/sec: 400,012 | bf16_mfu: 30.73 | epoch: 1 pq: 0 rg: 30 | total time: 0.59m | eta: 3.5m
step 00228/01500 (15.20%) | loss: 4.788483 | lrm: 1.00 | dt: 165.49ms | tok/sec: 396,022 | bf16_mfu: 30.42 | epoch: 1 pq: 0 rg: 30 | total time: 0.60m | eta: 3.5m
step 00229/01500 (15.27%) | loss: 4.786729 | lrm: 1.00 | dt: 163.96ms | tok/sec: 399,709 | bf16_mfu: 30.70 | epoch: 1 pq: 0 rg: 31 | total time: 0.60m | eta: 3.5m
step 00230/01500 (15.33%) | loss: 4.787844 | lrm: 1.00 | dt: 164.23ms | tok/sec: 399,051 | bf16_mfu: 30.65 | epoch: 1 pq: 0 rg: 31 | total time: 0.60m | eta: 3.5m
step 00231/01500 (15.40%) | loss: 4.793260 | lrm: 1.00 | dt: 164.05ms | tok/sec: 399,497 | bf16_mfu: 30.69 | epoch: 1 pq: 0 rg: 31 | total time: 0.60m | eta: 3.5m
step 00232/01500 (15.47%) | loss: 4.792439 | lrm: 1.00 | dt: 163.59ms | tok/sec: 400,614 | bf16_mfu: 30.77 | epoch: 1 pq: 0 rg: 31 | total time: 0.61m | eta: 3.5m
step 00233/01500 (15.53%) | loss: 4.788663 | lrm: 1.00 | dt: 164.09ms | tok/sec: 399,393 | bf16_mfu: 30.68 | epoch: 1 pq: 0 rg: 31 | total time: 0.61m | eta: 3.5m
step 00234/01500 (15.60%) | loss: 4.777248 | lrm: 1.00 | dt: 164.23ms | tok/sec: 399,038 | bf16_mfu: 30.65 | epoch: 1 pq: 0 rg: 31 | total time: 0.61m | eta: 3.5m
step 00235/01500 (15.67%) | loss: 4.781229 | lrm: 1.00 | dt: 163.27ms | tok/sec: 401,398 | bf16_mfu: 30.83 | epoch: 1 pq: 0 rg: 31 | total time: 0.62m | eta: 3.5m
step 00236/01500 (15.73%) | loss: 4.772054 | lrm: 1.00 | dt: 163.61ms | tok/sec: 400,562 | bf16_mfu: 30.77 | epoch: 1 pq: 0 rg: 31 | total time: 0.62m | eta: 3.5m
step 00237/01500 (15.80%) | loss: 4.773430 | lrm: 1.00 | dt: 164.82ms | tok/sec: 397,624 | bf16_mfu: 30.54 | epoch: 1 pq: 0 rg: 32 | total time: 0.62m | eta: 3.5m
step 00238/01500 (15.87%) | loss: 4.771512 | lrm: 1.00 | dt: 164.70ms | tok/sec: 397,915 | bf16_mfu: 30.57 | epoch: 1 pq: 0 rg: 32 | total time: 0.62m | eta: 3.5m
step 00239/01500 (15.93%) | loss: 4.774999 | lrm: 1.00 | dt: 163.54ms | tok/sec: 400,721 | bf16_mfu: 30.78 | epoch: 1 pq: 0 rg: 32 | total time: 0.63m | eta: 3.4m
step 00240/01500 (16.00%) | loss: 4.771330 | lrm: 1.00 | dt: 163.22ms | tok/sec: 401,526 | bf16_mfu: 30.84 | epoch: 1 pq: 0 rg: 32 | total time: 0.63m | eta: 3.4m
step 00241/01500 (16.07%) | loss: 4.755740 | lrm: 1.00 | dt: 163.21ms | tok/sec: 401,537 | bf16_mfu: 30.84 | epoch: 1 pq: 0 rg: 32 | total time: 0.63m | eta: 3.4m
step 00242/01500 (16.13%) | loss: 4.739028 | lrm: 1.00 | dt: 163.91ms | tok/sec: 399,830 | bf16_mfu: 30.71 | epoch: 1 pq: 0 rg: 32 | total time: 0.63m | eta: 3.4m
step 00243/01500 (16.20%) | loss: 4.733268 | lrm: 1.00 | dt: 165.74ms | tok/sec: 395,403 | bf16_mfu: 30.37 | epoch: 1 pq: 0 rg: 32 | total time: 0.64m | eta: 3.4m
step 00244/01500 (16.27%) | loss: 4.722836 | lrm: 1.00 | dt: 164.02ms | tok/sec: 399,571 | bf16_mfu: 30.69 | epoch: 1 pq: 0 rg: 32 | total time: 0.64m | eta: 3.4m
step 00245/01500 (16.33%) | loss: 4.718349 | lrm: 1.00 | dt: 163.05ms | tok/sec: 401,931 | bf16_mfu: 30.87 | epoch: 1 pq: 0 rg: 33 | total time: 0.64m | eta: 3.4m
step 00246/01500 (16.40%) | loss: 4.695151 | lrm: 1.00 | dt: 164.19ms | tok/sec: 399,140 | bf16_mfu: 30.66 | epoch: 1 pq: 0 rg: 33 | total time: 0.65m | eta: 3.4m
step 00247/01500 (16.47%) | loss: 4.689783 | lrm: 1.00 | dt: 165.23ms | tok/sec: 396,623 | bf16_mfu: 30.47 | epoch: 1 pq: 0 rg: 33 | total time: 0.65m | eta: 3.4m
step 00248/01500 (16.53%) | loss: 4.689810 | lrm: 1.00 | dt: 164.40ms | tok/sec: 398,640 | bf16_mfu: 30.62 | epoch: 1 pq: 0 rg: 33 | total time: 0.65m | eta: 3.4m
step 00249/01500 (16.60%) | loss: 4.679419 | lrm: 1.00 | dt: 164.03ms | tok/sec: 399,546 | bf16_mfu: 30.69 | epoch: 1 pq: 0 rg: 33 | total time: 0.65m | eta: 3.4m
step 00250/01500 (16.67%) | loss: 4.670789 | lrm: 1.00 | dt: 164.55ms | tok/sec: 398,274 | bf16_mfu: 30.59 | epoch: 1 pq: 0 rg: 33 | total time: 0.66m | eta: 3.4m
step 00251/01500 (16.73%) | loss: 4.663311 | lrm: 1.00 | dt: 163.51ms | tok/sec: 400,807 | bf16_mfu: 30.79 | epoch: 1 pq: 0 rg: 33 | total time: 0.66m | eta: 3.4m
step 00252/01500 (16.80%) | loss: 4.649291 | lrm: 1.00 | dt: 164.55ms | tok/sec: 398,265 | bf16_mfu: 30.59 | epoch: 1 pq: 0 rg: 33 | total time: 0.66m | eta: 3.4m
step 00253/01500 (16.87%) | loss: 4.639632 | lrm: 1.00 | dt: 164.18ms | tok/sec: 399,162 | bf16_mfu: 30.66 | epoch: 1 pq: 0 rg: 34 | total time: 0.66m | eta: 3.4m
step 00254/01500 (16.93%) | loss: 4.634707 | lrm: 1.00 | dt: 163.26ms | tok/sec: 401,418 | bf16_mfu: 30.83 | epoch: 1 pq: 0 rg: 34 | total time: 0.67m | eta: 3.4m
step 00255/01500 (17.00%) | loss: 4.636264 | lrm: 1.00 | dt: 164.52ms | tok/sec: 398,346 | bf16_mfu: 30.60 | epoch: 1 pq: 0 rg: 34 | total time: 0.67m | eta: 3.4m
step 00256/01500 (17.07%) | loss: 4.619849 | lrm: 1.00 | dt: 166.59ms | tok/sec: 393,404 | bf16_mfu: 30.22 | epoch: 1 pq: 0 rg: 34 | total time: 0.67m | eta: 3.4m
step 00257/01500 (17.13%) | loss: 4.621760 | lrm: 1.00 | dt: 163.07ms | tok/sec: 401,897 | bf16_mfu: 30.87 | epoch: 1 pq: 0 rg: 34 | total time: 0.68m | eta: 3.4m
step 00258/01500 (17.20%) | loss: 4.624163 | lrm: 1.00 | dt: 163.28ms | tok/sec: 401,373 | bf16_mfu: 30.83 | epoch: 1 pq: 0 rg: 34 | total time: 0.68m | eta: 3.4m
step 00259/01500 (17.27%) | loss: 4.625709 | lrm: 1.00 | dt: 164.63ms | tok/sec: 398,077 | bf16_mfu: 30.58 | epoch: 1 pq: 0 rg: 34 | total time: 0.68m | eta: 3.4m
step 00260/01500 (17.33%) | loss: 4.611067 | lrm: 1.00 | dt: 163.96ms | tok/sec: 399,697 | bf16_mfu: 30.70 | epoch: 1 pq: 0 rg: 34 | total time: 0.68m | eta: 3.4m
step 00261/01500 (17.40%) | loss: 4.600487 | lrm: 1.00 | dt: 164.81ms | tok/sec: 397,655 | bf16_mfu: 30.55 | epoch: 1 pq: 0 rg: 34 | total time: 0.69m | eta: 3.4m
step 00262/01500 (17.47%) | loss: 4.609456 | lrm: 1.00 | dt: 164.61ms | tok/sec: 398,137 | bf16_mfu: 30.58 | epoch: 1 pq: 0 rg: 35 | total time: 0.69m | eta: 3.4m
step 00263/01500 (17.53%) | loss: 4.608272 | lrm: 1.00 | dt: 162.79ms | tok/sec: 402,578 | bf16_mfu: 30.92 | epoch: 1 pq: 0 rg: 35 | total time: 0.69m | eta: 3.4m
step 00264/01500 (17.60%) | loss: 4.597012 | lrm: 1.00 | dt: 163.28ms | tok/sec: 401,362 | bf16_mfu: 30.83 | epoch: 1 pq: 0 rg: 35 | total time: 0.69m | eta: 3.4m
step 00265/01500 (17.67%) | loss: 4.609676 | lrm: 1.00 | dt: 164.98ms | tok/sec: 397,228 | bf16_mfu: 30.51 | epoch: 1 pq: 0 rg: 35 | total time: 0.70m | eta: 3.4m
step 00266/01500 (17.73%) | loss: 4.615033 | lrm: 1.00 | dt: 165.43ms | tok/sec: 396,155 | bf16_mfu: 30.43 | epoch: 1 pq: 0 rg: 35 | total time: 0.70m | eta: 3.4m
step 00267/01500 (17.80%) | loss: 4.611834 | lrm: 1.00 | dt: 163.45ms | tok/sec: 400,950 | bf16_mfu: 30.80 | epoch: 1 pq: 0 rg: 35 | total time: 0.70m | eta: 3.4m
step 00268/01500 (17.87%) | loss: 4.599602 | lrm: 1.00 | dt: 164.13ms | tok/sec: 399,288 | bf16_mfu: 30.67 | epoch: 1 pq: 0 rg: 35 | total time: 0.71m | eta: 3.4m
step 00269/01500 (17.93%) | loss: 4.582295 | lrm: 1.00 | dt: 163.59ms | tok/sec: 400,609 | bf16_mfu: 30.77 | epoch: 1 pq: 0 rg: 35 | total time: 0.71m | eta: 3.4m
step 00270/01500 (18.00%) | loss: 4.587103 | lrm: 1.00 | dt: 162.97ms | tok/sec: 402,145 | bf16_mfu: 30.89 | epoch: 1 pq: 0 rg: 36 | total time: 0.71m | eta: 3.4m
step 00271/01500 (18.07%) | loss: 4.586149 | lrm: 1.00 | dt: 164.16ms | tok/sec: 399,227 | bf16_mfu: 30.67 | epoch: 1 pq: 0 rg: 36 | total time: 0.71m | eta: 3.4m
step 00272/01500 (18.13%) | loss: 4.586624 | lrm: 1.00 | dt: 163.90ms | tok/sec: 399,850 | bf16_mfu: 30.71 | epoch: 1 pq: 0 rg: 36 | total time: 0.72m | eta: 3.4m
step 00273/01500 (18.20%) | loss: 4.581734 | lrm: 1.00 | dt: 164.39ms | tok/sec: 398,658 | bf16_mfu: 30.62 | epoch: 1 pq: 0 rg: 36 | total time: 0.72m | eta: 3.4m
step 00274/01500 (18.27%) | loss: 4.579941 | lrm: 1.00 | dt: 163.03ms | tok/sec: 401,996 | bf16_mfu: 30.88 | epoch: 1 pq: 0 rg: 36 | total time: 0.72m | eta: 3.4m
step 00275/01500 (18.33%) | loss: 4.578222 | lrm: 1.00 | dt: 162.65ms | tok/sec: 402,919 | bf16_mfu: 30.95 | epoch: 1 pq: 0 rg: 36 | total time: 0.72m | eta: 3.3m
step 00276/01500 (18.40%) | loss: 4.567900 | lrm: 1.00 | dt: 164.83ms | tok/sec: 397,585 | bf16_mfu: 30.54 | epoch: 1 pq: 0 rg: 36 | total time: 0.73m | eta: 3.3m
step 00277/01500 (18.47%) | loss: 4.560429 | lrm: 1.00 | dt: 164.23ms | tok/sec: 399,041 | bf16_mfu: 30.65 | epoch: 1 pq: 0 rg: 36 | total time: 0.73m | eta: 3.3m
step 00278/01500 (18.53%) | loss: 4.545228 | lrm: 1.00 | dt: 164.47ms | tok/sec: 398,473 | bf16_mfu: 30.61 | epoch: 1 pq: 0 rg: 37 | total time: 0.73m | eta: 3.3m
step 00279/01500 (18.60%) | loss: 4.538135 | lrm: 1.00 | dt: 164.37ms | tok/sec: 398,707 | bf16_mfu: 30.63 | epoch: 1 pq: 0 rg: 37 | total time: 0.74m | eta: 3.3m
step 00280/01500 (18.67%) | loss: 4.521349 | lrm: 1.00 | dt: 163.92ms | tok/sec: 399,809 | bf16_mfu: 30.71 | epoch: 1 pq: 0 rg: 37 | total time: 0.74m | eta: 3.3m
step 00281/01500 (18.73%) | loss: 4.504670 | lrm: 1.00 | dt: 165.47ms | tok/sec: 396,058 | bf16_mfu: 30.42 | epoch: 1 pq: 0 rg: 37 | total time: 0.74m | eta: 3.3m
step 00282/01500 (18.80%) | loss: 4.485190 | lrm: 1.00 | dt: 162.87ms | tok/sec: 402,370 | bf16_mfu: 30.91 | epoch: 1 pq: 0 rg: 37 | total time: 0.74m | eta: 3.3m
step 00283/01500 (18.87%) | loss: 4.482892 | lrm: 1.00 | dt: 163.74ms | tok/sec: 400,248 | bf16_mfu: 30.74 | epoch: 1 pq: 0 rg: 37 | total time: 0.75m | eta: 3.3m
step 00284/01500 (18.93%) | loss: 4.476038 | lrm: 1.00 | dt: 163.69ms | tok/sec: 400,369 | bf16_mfu: 30.75 | epoch: 1 pq: 0 rg: 37 | total time: 0.75m | eta: 3.3m
step 00285/01500 (19.00%) | loss: 4.473005 | lrm: 1.00 | dt: 165.08ms | tok/sec: 396,988 | bf16_mfu: 30.49 | epoch: 1 pq: 0 rg: 37 | total time: 0.75m | eta: 3.3m
step 00286/01500 (19.07%) | loss: 4.463742 | lrm: 1.00 | dt: 163.04ms | tok/sec: 401,974 | bf16_mfu: 30.88 | epoch: 1 pq: 0 rg: 37 | total time: 0.75m | eta: 3.3m
step 00287/01500 (19.13%) | loss: 4.452036 | lrm: 1.00 | dt: 163.70ms | tok/sec: 400,332 | bf16_mfu: 30.75 | epoch: 1 pq: 0 rg: 38 | total time: 0.76m | eta: 3.3m
step 00288/01500 (19.20%) | loss: 4.454026 | lrm: 1.00 | dt: 162.46ms | tok/sec: 403,398 | bf16_mfu: 30.99 | epoch: 1 pq: 0 rg: 38 | total time: 0.76m | eta: 3.3m
step 00289/01500 (19.27%) | loss: 4.452506 | lrm: 1.00 | dt: 163.38ms | tok/sec: 401,128 | bf16_mfu: 30.81 | epoch: 1 pq: 0 rg: 38 | total time: 0.76m | eta: 3.3m
step 00290/01500 (19.33%) | loss: 4.435657 | lrm: 1.00 | dt: 164.39ms | tok/sec: 398,649 | bf16_mfu: 30.62 | epoch: 1 pq: 0 rg: 38 | total time: 0.77m | eta: 3.3m
step 00291/01500 (19.40%) | loss: 4.424767 | lrm: 1.00 | dt: 164.84ms | tok/sec: 397,563 | bf16_mfu: 30.54 | epoch: 1 pq: 0 rg: 38 | total time: 0.77m | eta: 3.3m
step 00292/01500 (19.47%) | loss: 4.429070 | lrm: 1.00 | dt: 163.71ms | tok/sec: 400,325 | bf16_mfu: 30.75 | epoch: 1 pq: 0 rg: 38 | total time: 0.77m | eta: 3.3m
step 00293/01500 (19.53%) | loss: 4.427910 | lrm: 1.00 | dt: 163.24ms | tok/sec: 401,469 | bf16_mfu: 30.84 | epoch: 1 pq: 0 rg: 38 | total time: 0.77m | eta: 3.3m
step 00294/01500 (19.60%) | loss: 4.422575 | lrm: 1.00 | dt: 164.51ms | tok/sec: 398,370 | bf16_mfu: 30.60 | epoch: 1 pq: 0 rg: 39 | total time: 0.78m | eta: 3.3m
step 00295/01500 (19.67%) | loss: 4.418760 | lrm: 1.00 | dt: 164.27ms | tok/sec: 398,945 | bf16_mfu: 30.64 | epoch: 1 pq: 0 rg: 39 | total time: 0.78m | eta: 3.3m
step 00296/01500 (19.73%) | loss: 4.414440 | lrm: 1.00 | dt: 165.49ms | tok/sec: 396,000 | bf16_mfu: 30.42 | epoch: 1 pq: 0 rg: 39 | total time: 0.78m | eta: 3.3m
step 00297/01500 (19.80%) | loss: 4.405541 | lrm: 1.00 | dt: 165.11ms | tok/sec: 396,912 | bf16_mfu: 30.49 | epoch: 1 pq: 0 rg: 39 | total time: 0.78m | eta: 3.3m
step 00298/01500 (19.87%) | loss: 4.407476 | lrm: 1.00 | dt: 165.10ms | tok/sec: 396,959 | bf16_mfu: 30.49 | epoch: 1 pq: 0 rg: 39 | total time: 0.79m | eta: 3.3m
step 00299/01500 (19.93%) | loss: 4.408211 | lrm: 1.00 | dt: 164.94ms | tok/sec: 397,334 | bf16_mfu: 30.52 | epoch: 1 pq: 0 rg: 39 | total time: 0.79m | eta: 3.3m
step 00300/01500 (20.00%) | loss: 4.430511 | lrm: 1.00 | dt: 164.15ms | tok/sec: 399,244 | bf16_mfu: 30.67 | epoch: 1 pq: 0 rg: 39 | total time: 0.79m | eta: 3.3m
step 00301/01500 (20.07%) | loss: 4.417120 | lrm: 1.00 | dt: 163.28ms | tok/sec: 401,365 | bf16_mfu: 30.83 | epoch: 1 pq: 0 rg: 39 | total time: 0.80m | eta: 3.3m
step 00302/01500 (20.13%) | loss: 4.412957 | lrm: 1.00 | dt: 162.33ms | tok/sec: 403,722 | bf16_mfu: 31.01 | epoch: 1 pq: 0 rg: 39 | total time: 0.80m | eta: 3.3m
step 00303/01500 (20.20%) | loss: 4.398411 | lrm: 1.00 | dt: 163.31ms | tok/sec: 401,288 | bf16_mfu: 30.82 | epoch: 1 pq: 0 rg: 40 | total time: 0.80m | eta: 3.3m
step 00304/01500 (20.27%) | loss: 4.400305 | lrm: 1.00 | dt: 164.89ms | tok/sec: 397,444 | bf16_mfu: 30.53 | epoch: 1 pq: 0 rg: 40 | total time: 0.80m | eta: 3.3m
step 00305/01500 (20.33%) | loss: 4.407838 | lrm: 1.00 | dt: 165.62ms | tok/sec: 395,695 | bf16_mfu: 30.40 | epoch: 1 pq: 0 rg: 40 | total time: 0.81m | eta: 3.3m
step 00306/01500 (20.40%) | loss: 4.393776 | lrm: 1.00 | dt: 165.18ms | tok/sec: 396,745 | bf16_mfu: 30.48 | epoch: 1 pq: 0 rg: 40 | total time: 0.81m | eta: 3.3m
step 00307/01500 (20.47%) | loss: 4.399181 | lrm: 1.00 | dt: 164.60ms | tok/sec: 398,143 | bf16_mfu: 30.58 | epoch: 1 pq: 0 rg: 40 | total time: 0.81m | eta: 3.3m
step 00308/01500 (20.53%) | loss: 4.398462 | lrm: 1.00 | dt: 164.37ms | tok/sec: 398,699 | bf16_mfu: 30.63 | epoch: 1 pq: 0 rg: 40 | total time: 0.81m | eta: 3.3m
step 00309/01500 (20.60%) | loss: 4.398588 | lrm: 1.00 | dt: 165.41ms | tok/sec: 396,196 | bf16_mfu: 30.43 | epoch: 1 pq: 0 rg: 40 | total time: 0.82m | eta: 3.3m
step 00310/01500 (20.67%) | loss: 4.418835 | lrm: 1.00 | dt: 162.72ms | tok/sec: 402,762 | bf16_mfu: 30.94 | epoch: 1 pq: 0 rg: 40 | total time: 0.82m | eta: 3.3m
step 00311/01500 (20.73%) | loss: 4.405960 | lrm: 1.00 | dt: 162.80ms | tok/sec: 402,563 | bf16_mfu: 30.92 | epoch: 1 pq: 0 rg: 41 | total time: 0.82m | eta: 3.3m
step 00312/01500 (20.80%) | loss: 4.390791 | lrm: 1.00 | dt: 162.76ms | tok/sec: 402,654 | bf16_mfu: 30.93 | epoch: 1 pq: 0 rg: 41 | total time: 0.83m | eta: 3.2m
step 00313/01500 (20.87%) | loss: 4.399288 | lrm: 1.00 | dt: 163.05ms | tok/sec: 401,927 | bf16_mfu: 30.87 | epoch: 1 pq: 0 rg: 41 | total time: 0.83m | eta: 3.2m
step 00314/01500 (20.93%) | loss: 4.383341 | lrm: 1.00 | dt: 163.86ms | tok/sec: 399,959 | bf16_mfu: 30.72 | epoch: 1 pq: 0 rg: 41 | total time: 0.83m | eta: 3.2m
step 00315/01500 (21.00%) | loss: 4.377737 | lrm: 1.00 | dt: 164.64ms | tok/sec: 398,065 | bf16_mfu: 30.58 | epoch: 1 pq: 0 rg: 41 | total time: 0.83m | eta: 3.2m
step 00316/01500 (21.07%) | loss: 4.359238 | lrm: 1.00 | dt: 164.24ms | tok/sec: 399,017 | bf16_mfu: 30.65 | epoch: 1 pq: 0 rg: 41 | total time: 0.84m | eta: 3.2m
step 00317/01500 (21.13%) | loss: 4.358725 | lrm: 1.00 | dt: 164.76ms | tok/sec: 397,767 | bf16_mfu: 30.55 | epoch: 1 pq: 0 rg: 41 | total time: 0.84m | eta: 3.2m
step 00318/01500 (21.20%) | loss: 4.346323 | lrm: 1.00 | dt: 165.15ms | tok/sec: 396,826 | bf16_mfu: 30.48 | epoch: 1 pq: 0 rg: 41 | total time: 0.84m | eta: 3.2m
step 00319/01500 (21.27%) | loss: 4.343921 | lrm: 1.00 | dt: 164.59ms | tok/sec: 398,174 | bf16_mfu: 30.59 | epoch: 1 pq: 0 rg: 42 | total time: 0.84m | eta: 3.2m
step 00320/01500 (21.33%) | loss: 4.346233 | lrm: 1.00 | dt: 163.30ms | tok/sec: 401,312 | bf16_mfu: 30.83 | epoch: 1 pq: 0 rg: 42 | total time: 0.85m | eta: 3.2m
step 00321/01500 (21.40%) | loss: 4.337987 | lrm: 1.00 | dt: 163.46ms | tok/sec: 400,938 | bf16_mfu: 30.80 | epoch: 1 pq: 0 rg: 42 | total time: 0.85m | eta: 3.2m
step 00322/01500 (21.47%) | loss: 4.322775 | lrm: 1.00 | dt: 162.36ms | tok/sec: 403,635 | bf16_mfu: 31.01 | epoch: 1 pq: 0 rg: 42 | total time: 0.85m | eta: 3.2m
step 00323/01500 (21.53%) | loss: 4.317049 | lrm: 1.00 | dt: 163.70ms | tok/sec: 400,336 | bf16_mfu: 30.75 | epoch: 1 pq: 0 rg: 42 | total time: 0.86m | eta: 3.2m
step 00324/01500 (21.60%) | loss: 4.313378 | lrm: 1.00 | dt: 165.71ms | tok/sec: 395,496 | bf16_mfu: 30.38 | epoch: 1 pq: 0 rg: 42 | total time: 0.86m | eta: 3.2m
step 00325/01500 (21.67%) | loss: 4.311187 | lrm: 1.00 | dt: 163.70ms | tok/sec: 400,348 | bf16_mfu: 30.75 | epoch: 1 pq: 0 rg: 42 | total time: 0.86m | eta: 3.2m
step 00326/01500 (21.73%) | loss: 4.296799 | lrm: 1.00 | dt: 163.42ms | tok/sec: 401,030 | bf16_mfu: 30.80 | epoch: 1 pq: 0 rg: 42 | total time: 0.86m | eta: 3.2m
step 00327/01500 (21.80%) | loss: 4.290332 | lrm: 1.00 | dt: 163.01ms | tok/sec: 402,035 | bf16_mfu: 30.88 | epoch: 1 pq: 0 rg: 43 | total time: 0.87m | eta: 3.2m
step 00328/01500 (21.87%) | loss: 4.273511 | lrm: 1.00 | dt: 162.82ms | tok/sec: 402,499 | bf16_mfu: 30.92 | epoch: 1 pq: 0 rg: 43 | total time: 0.87m | eta: 3.2m
step 00329/01500 (21.93%) | loss: 4.269233 | lrm: 1.00 | dt: 164.36ms | tok/sec: 398,725 | bf16_mfu: 30.63 | epoch: 1 pq: 0 rg: 43 | total time: 0.87m | eta: 3.2m
step 00330/01500 (22.00%) | loss: 4.262758 | lrm: 1.00 | dt: 165.03ms | tok/sec: 397,126 | bf16_mfu: 30.51 | epoch: 1 pq: 0 rg: 43 | total time: 0.87m | eta: 3.2m
step 00331/01500 (22.07%) | loss: 4.251400 | lrm: 1.00 | dt: 164.59ms | tok/sec: 398,166 | bf16_mfu: 30.58 | epoch: 1 pq: 0 rg: 43 | total time: 0.88m | eta: 3.2m
step 00332/01500 (22.13%) | loss: 4.245847 | lrm: 1.00 | dt: 163.52ms | tok/sec: 400,771 | bf16_mfu: 30.79 | epoch: 1 pq: 0 rg: 43 | total time: 0.88m | eta: 3.2m
step 00333/01500 (22.20%) | loss: 4.222604 | lrm: 1.00 | dt: 164.17ms | tok/sec: 399,187 | bf16_mfu: 30.66 | epoch: 1 pq: 0 rg: 43 | total time: 0.88m | eta: 3.2m
step 00334/01500 (22.27%) | loss: 4.202171 | lrm: 1.00 | dt: 164.55ms | tok/sec: 398,269 | bf16_mfu: 30.59 | epoch: 1 pq: 0 rg: 43 | total time: 0.89m | eta: 3.2m
step 00335/01500 (22.33%) | loss: 4.209406 | lrm: 1.00 | dt: 163.27ms | tok/sec: 401,392 | bf16_mfu: 30.83 | epoch: 1 pq: 0 rg: 43 | total time: 0.89m | eta: 3.2m
step 00336/01500 (22.40%) | loss: 4.209659 | lrm: 1.00 | dt: 162.21ms | tok/sec: 404,016 | bf16_mfu: 31.03 | epoch: 1 pq: 0 rg: 44 | total time: 0.89m | eta: 3.2m
step 00337/01500 (22.47%) | loss: 4.209035 | lrm: 1.00 | dt: 164.73ms | tok/sec: 397,846 | bf16_mfu: 30.56 | epoch: 1 pq: 0 rg: 44 | total time: 0.89m | eta: 3.2m
step 00338/01500 (22.53%) | loss: 4.214970 | lrm: 1.00 | dt: 165.03ms | tok/sec: 397,108 | bf16_mfu: 30.50 | epoch: 1 pq: 0 rg: 44 | total time: 0.90m | eta: 3.2m
step 00339/01500 (22.60%) | loss: 4.220254 | lrm: 1.00 | dt: 164.44ms | tok/sec: 398,533 | bf16_mfu: 30.61 | epoch: 1 pq: 0 rg: 44 | total time: 0.90m | eta: 3.2m
step 00340/01500 (22.67%) | loss: 4.234066 | lrm: 1.00 | dt: 163.89ms | tok/sec: 399,880 | bf16_mfu: 30.72 | epoch: 1 pq: 0 rg: 44 | total time: 0.90m | eta: 3.2m
step 00341/01500 (22.73%) | loss: 4.231460 | lrm: 1.00 | dt: 163.48ms | tok/sec: 400,880 | bf16_mfu: 30.79 | epoch: 1 pq: 0 rg: 44 | total time: 0.90m | eta: 3.2m
step 00342/01500 (22.80%) | loss: 4.232845 | lrm: 1.00 | dt: 163.01ms | tok/sec: 402,035 | bf16_mfu: 30.88 | epoch: 1 pq: 0 rg: 44 | total time: 0.91m | eta: 3.2m
step 00343/01500 (22.87%) | loss: 4.235905 | lrm: 1.00 | dt: 164.41ms | tok/sec: 398,610 | bf16_mfu: 30.62 | epoch: 1 pq: 0 rg: 44 | total time: 0.91m | eta: 3.2m
step 00344/01500 (22.93%) | loss: 4.227779 | lrm: 1.00 | dt: 164.62ms | tok/sec: 398,094 | bf16_mfu: 30.58 | epoch: 1 pq: 0 rg: 45 | total time: 0.91m | eta: 3.2m
step 00345/01500 (23.00%) | loss: 4.224222 | lrm: 1.00 | dt: 164.17ms | tok/sec: 399,202 | bf16_mfu: 30.66 | epoch: 1 pq: 0 rg: 45 | total time: 0.92m | eta: 3.2m
step 00346/01500 (23.07%) | loss: 4.225862 | lrm: 1.00 | dt: 165.21ms | tok/sec: 396,680 | bf16_mfu: 30.47 | epoch: 1 pq: 0 rg: 45 | total time: 0.92m | eta: 3.2m
step 00347/01500 (23.13%) | loss: 4.221131 | lrm: 1.00 | dt: 165.17ms | tok/sec: 396,776 | bf16_mfu: 30.48 | epoch: 1 pq: 0 rg: 45 | total time: 0.92m | eta: 3.2m
step 00348/01500 (23.20%) | loss: 4.203551 | lrm: 1.00 | dt: 165.47ms | tok/sec: 396,062 | bf16_mfu: 30.42 | epoch: 1 pq: 0 rg: 45 | total time: 0.92m | eta: 3.1m
step 00349/01500 (23.27%) | loss: 4.191403 | lrm: 1.00 | dt: 163.75ms | tok/sec: 400,212 | bf16_mfu: 30.74 | epoch: 1 pq: 0 rg: 45 | total time: 0.93m | eta: 3.1m
step 00350/01500 (23.33%) | loss: 4.181684 | lrm: 1.00 | dt: 162.46ms | tok/sec: 403,407 | bf16_mfu: 30.99 | epoch: 1 pq: 0 rg: 45 | total time: 0.93m | eta: 3.1m
step 00351/01500 (23.40%) | loss: 4.176502 | lrm: 1.00 | dt: 165.00ms | tok/sec: 397,190 | bf16_mfu: 30.51 | epoch: 1 pq: 0 rg: 45 | total time: 0.93m | eta: 3.1m
step 00352/01500 (23.47%) | loss: 4.188117 | lrm: 1.00 | dt: 164.67ms | tok/sec: 397,990 | bf16_mfu: 30.57 | epoch: 1 pq: 0 rg: 45 | total time: 0.94m | eta: 3.1m
step 00353/01500 (23.53%) | loss: 4.168821 | lrm: 1.00 | dt: 165.21ms | tok/sec: 396,682 | bf16_mfu: 30.47 | epoch: 1 pq: 0 rg: 46 | total time: 0.94m | eta: 3.1m
step 00354/01500 (23.60%) | loss: 4.164495 | lrm: 1.00 | dt: 163.49ms | tok/sec: 400,857 | bf16_mfu: 30.79 | epoch: 1 pq: 0 rg: 46 | total time: 0.94m | eta: 3.1m
step 00355/01500 (23.67%) | loss: 4.171792 | lrm: 1.00 | dt: 163.65ms | tok/sec: 400,454 | bf16_mfu: 30.76 | epoch: 1 pq: 0 rg: 46 | total time: 0.94m | eta: 3.1m
step 00356/01500 (23.73%) | loss: 4.154957 | lrm: 1.00 | dt: 163.82ms | tok/sec: 400,041 | bf16_mfu: 30.73 | epoch: 1 pq: 0 rg: 46 | total time: 0.95m | eta: 3.1m
step 00357/01500 (23.80%) | loss: 4.153635 | lrm: 1.00 | dt: 166.32ms | tok/sec: 394,025 | bf16_mfu: 30.27 | epoch: 1 pq: 0 rg: 46 | total time: 0.95m | eta: 3.1m
step 00358/01500 (23.87%) | loss: 4.158861 | lrm: 1.00 | dt: 162.60ms | tok/sec: 403,043 | bf16_mfu: 30.96 | epoch: 1 pq: 0 rg: 46 | total time: 0.95m | eta: 3.1m
step 00359/01500 (23.93%) | loss: 4.143132 | lrm: 1.00 | dt: 163.70ms | tok/sec: 400,343 | bf16_mfu: 30.75 | epoch: 1 pq: 0 rg: 46 | total time: 0.95m | eta: 3.1m
step 00360/01500 (24.00%) | loss: 4.147883 | lrm: 1.00 | dt: 163.64ms | tok/sec: 400,497 | bf16_mfu: 30.76 | epoch: 1 pq: 0 rg: 46 | total time: 0.96m | eta: 3.1m
step 00361/01500 (24.07%) | loss: 4.136869 | lrm: 1.00 | dt: 163.52ms | tok/sec: 400,783 | bf16_mfu: 30.79 | epoch: 1 pq: 0 rg: 47 | total time: 0.96m | eta: 3.1m
step 00362/01500 (24.13%) | loss: 4.139285 | lrm: 1.00 | dt: 165.80ms | tok/sec: 395,266 | bf16_mfu: 30.36 | epoch: 1 pq: 0 rg: 47 | total time: 0.96m | eta: 3.1m
step 00363/01500 (24.20%) | loss: 4.163407 | lrm: 1.00 | dt: 163.71ms | tok/sec: 400,305 | bf16_mfu: 30.75 | epoch: 1 pq: 0 rg: 47 | total time: 0.97m | eta: 3.1m
step 00364/01500 (24.27%) | loss: 4.174278 | lrm: 1.00 | dt: 163.49ms | tok/sec: 400,852 | bf16_mfu: 30.79 | epoch: 1 pq: 0 rg: 47 | total time: 0.97m | eta: 3.1m
step 00365/01500 (24.33%) | loss: 4.171132 | lrm: 1.00 | dt: 163.97ms | tok/sec: 399,679 | bf16_mfu: 30.70 | epoch: 1 pq: 0 rg: 47 | total time: 0.97m | eta: 3.1m
step 00366/01500 (24.40%) | loss: 4.161185 | lrm: 1.00 | dt: 164.61ms | tok/sec: 398,132 | bf16_mfu: 30.58 | epoch: 1 pq: 0 rg: 47 | total time: 0.97m | eta: 3.1m
step 00367/01500 (24.47%) | loss: 4.147644 | lrm: 1.00 | dt: 163.98ms | tok/sec: 399,650 | bf16_mfu: 30.70 | epoch: 1 pq: 0 rg: 47 | total time: 0.98m | eta: 3.1m
step 00368/01500 (24.53%) | loss: 4.150369 | lrm: 1.00 | dt: 164.19ms | tok/sec: 399,140 | bf16_mfu: 30.66 | epoch: 1 pq: 0 rg: 47 | total time: 0.98m | eta: 3.1m
step 00369/01500 (24.60%) | loss: 4.148887 | lrm: 1.00 | dt: 164.58ms | tok/sec: 398,202 | bf16_mfu: 30.59 | epoch: 1 pq: 0 rg: 47 | total time: 0.98m | eta: 3.1m
step 00370/01500 (24.67%) | loss: 4.135489 | lrm: 1.00 | dt: 163.28ms | tok/sec: 401,360 | bf16_mfu: 30.83 | epoch: 1 pq: 0 rg: 48 | total time: 0.98m | eta: 3.1m
step 00371/01500 (24.73%) | loss: 4.129793 | lrm: 1.00 | dt: 164.41ms | tok/sec: 398,614 | bf16_mfu: 30.62 | epoch: 1 pq: 0 rg: 48 | total time: 0.99m | eta: 3.1m
step 00372/01500 (24.80%) | loss: 4.131394 | lrm: 1.00 | dt: 164.39ms | tok/sec: 398,649 | bf16_mfu: 30.62 | epoch: 1 pq: 0 rg: 48 | total time: 0.99m | eta: 3.1m
step 00373/01500 (24.87%) | loss: 4.133682 | lrm: 1.00 | dt: 163.66ms | tok/sec: 400,438 | bf16_mfu: 30.76 | epoch: 1 pq: 0 rg: 48 | total time: 0.99m | eta: 3.1m
step 00374/01500 (24.93%) | loss: 4.134193 | lrm: 1.00 | dt: 163.43ms | tok/sec: 401,007 | bf16_mfu: 30.80 | epoch: 1 pq: 0 rg: 48 | total time: 1.00m | eta: 3.1m
step 00375/01500 (25.00%) | loss: 4.150487 | lrm: 1.00 | dt: 163.39ms | tok/sec: 401,093 | bf16_mfu: 30.81 | epoch: 1 pq: 0 rg: 48 | total time: 1.00m | eta: 3.1m
step 00376/01500 (25.07%) | loss: 4.158488 | lrm: 1.00 | dt: 163.65ms | tok/sec: 400,463 | bf16_mfu: 30.76 | epoch: 1 pq: 0 rg: 48 | total time: 1.00m | eta: 3.1m
step 00377/01500 (25.13%) | loss: 4.181831 | lrm: 1.00 | dt: 164.84ms | tok/sec: 397,575 | bf16_mfu: 30.54 | epoch: 1 pq: 0 rg: 48 | total time: 1.00m | eta: 3.1m
step 00378/01500 (25.20%) | loss: 4.176047 | lrm: 1.00 | dt: 162.60ms | tok/sec: 403,058 | bf16_mfu: 30.96 | epoch: 1 pq: 0 rg: 49 | total time: 1.01m | eta: 3.1m
step 00379/01500 (25.27%) | loss: 4.165149 | lrm: 1.00 | dt: 163.33ms | tok/sec: 401,254 | bf16_mfu: 30.82 | epoch: 1 pq: 0 rg: 49 | total time: 1.01m | eta: 3.1m
step 00380/01500 (25.33%) | loss: 4.177331 | lrm: 1.00 | dt: 164.90ms | tok/sec: 397,432 | bf16_mfu: 30.53 | epoch: 1 pq: 0 rg: 49 | total time: 1.01m | eta: 3.1m
step 00381/01500 (25.40%) | loss: 4.180068 | lrm: 1.00 | dt: 164.74ms | tok/sec: 397,809 | bf16_mfu: 30.56 | epoch: 1 pq: 0 rg: 49 | total time: 1.01m | eta: 3.1m
step 00382/01500 (25.47%) | loss: 4.177254 | lrm: 1.00 | dt: 165.51ms | tok/sec: 395,962 | bf16_mfu: 30.42 | epoch: 1 pq: 0 rg: 49 | total time: 1.02m | eta: 3.1m
step 00383/01500 (25.53%) | loss: 4.176866 | lrm: 1.00 | dt: 164.04ms | tok/sec: 399,512 | bf16_mfu: 30.69 | epoch: 1 pq: 0 rg: 49 | total time: 1.02m | eta: 3.1m
step 00384/01500 (25.60%) | loss: 4.185064 | lrm: 1.00 | dt: 164.00ms | tok/sec: 399,621 | bf16_mfu: 30.70 | epoch: 1 pq: 0 rg: 49 | total time: 1.02m | eta: 3.1m
step 00385/01500 (25.67%) | loss: 4.202118 | lrm: 1.00 | dt: 164.65ms | tok/sec: 398,042 | bf16_mfu: 30.58 | epoch: 1 pq: 0 rg: 49 | total time: 1.03m | eta: 3.0m
step 00386/01500 (25.73%) | loss: 4.193528 | lrm: 1.00 | dt: 164.27ms | tok/sec: 398,947 | bf16_mfu: 30.65 | epoch: 1 pq: 0 rg: 50 | total time: 1.03m | eta: 3.0m
step 00387/01500 (25.80%) | loss: 4.179641 | lrm: 1.00 | dt: 163.18ms | tok/sec: 401,613 | bf16_mfu: 30.85 | epoch: 1 pq: 0 rg: 50 | total time: 1.03m | eta: 3.0m
step 00388/01500 (25.87%) | loss: 4.159974 | lrm: 1.00 | dt: 163.04ms | tok/sec: 401,954 | bf16_mfu: 30.88 | epoch: 1 pq: 0 rg: 50 | total time: 1.03m | eta: 3.0m
step 00389/01500 (25.93%) | loss: 4.150987 | lrm: 1.00 | dt: 163.64ms | tok/sec: 400,487 | bf16_mfu: 30.76 | epoch: 1 pq: 0 rg: 50 | total time: 1.04m | eta: 3.0m
step 00390/01500 (26.00%) | loss: 4.138235 | lrm: 1.00 | dt: 164.32ms | tok/sec: 398,837 | bf16_mfu: 30.64 | epoch: 1 pq: 0 rg: 50 | total time: 1.04m | eta: 3.0m
step 00391/01500 (26.07%) | loss: 4.129750 | lrm: 1.00 | dt: 165.20ms | tok/sec: 396,695 | bf16_mfu: 30.47 | epoch: 1 pq: 0 rg: 50 | total time: 1.04m | eta: 3.0m
step 00392/01500 (26.13%) | loss: 4.137374 | lrm: 1.00 | dt: 163.38ms | tok/sec: 401,129 | bf16_mfu: 30.81 | epoch: 1 pq: 0 rg: 50 | total time: 1.04m | eta: 3.0m
step 00393/01500 (26.20%) | loss: 4.119196 | lrm: 1.00 | dt: 162.87ms | tok/sec: 402,390 | bf16_mfu: 30.91 | epoch: 1 pq: 0 rg: 50 | total time: 1.05m | eta: 3.0m
step 00394/01500 (26.27%) | loss: 4.120000 | lrm: 1.00 | dt: 164.04ms | tok/sec: 399,505 | bf16_mfu: 30.69 | epoch: 1 pq: 0 rg: 51 | total time: 1.05m | eta: 3.0m
step 00395/01500 (26.33%) | loss: 4.105405 | lrm: 1.00 | dt: 164.06ms | tok/sec: 399,461 | bf16_mfu: 30.68 | epoch: 1 pq: 0 rg: 51 | total time: 1.05m | eta: 3.0m
step 00396/01500 (26.40%) | loss: 4.123577 | lrm: 1.00 | dt: 166.21ms | tok/sec: 394,303 | bf16_mfu: 30.29 | epoch: 1 pq: 0 rg: 51 | total time: 1.06m | eta: 3.0m
step 00397/01500 (26.47%) | loss: 4.118373 | lrm: 1.00 | dt: 164.77ms | tok/sec: 397,730 | bf16_mfu: 30.55 | epoch: 1 pq: 0 rg: 51 | total time: 1.06m | eta: 3.0m
step 00398/01500 (26.53%) | loss: 4.118776 | lrm: 1.00 | dt: 163.87ms | tok/sec: 399,915 | bf16_mfu: 30.72 | epoch: 1 pq: 0 rg: 51 | total time: 1.06m | eta: 3.0m
step 00399/01500 (26.60%) | loss: 4.104497 | lrm: 1.00 | dt: 164.45ms | tok/sec: 398,524 | bf16_mfu: 30.61 | epoch: 1 pq: 0 rg: 51 | total time: 1.06m | eta: 3.0m
step 00400/01500 (26.67%) | loss: 4.098803 | lrm: 1.00 | dt: 164.65ms | tok/sec: 398,040 | bf16_mfu: 30.58 | epoch: 1 pq: 0 rg: 51 | total time: 1.07m | eta: 3.0m
step 00401/01500 (26.73%) | loss: 4.077417 | lrm: 1.00 | dt: 164.00ms | tok/sec: 399,610 | bf16_mfu: 30.70 | epoch: 1 pq: 0 rg: 51 | total time: 1.07m | eta: 3.0m
step 00402/01500 (26.80%) | loss: 4.074617 | lrm: 1.00 | dt: 163.73ms | tok/sec: 400,270 | bf16_mfu: 30.75 | epoch: 1 pq: 0 rg: 52 | total time: 1.07m | eta: 3.0m
step 00403/01500 (26.87%) | loss: 4.064251 | lrm: 1.00 | dt: 163.61ms | tok/sec: 400,551 | bf16_mfu: 30.77 | epoch: 1 pq: 0 rg: 52 | total time: 1.07m | eta: 3.0m
step 00404/01500 (26.93%) | loss: 4.063492 | lrm: 1.00 | dt: 164.61ms | tok/sec: 398,139 | bf16_mfu: 30.58 | epoch: 1 pq: 0 rg: 52 | total time: 1.08m | eta: 3.0m
step 00405/01500 (27.00%) | loss: 4.071465 | lrm: 1.00 | dt: 164.87ms | tok/sec: 397,491 | bf16_mfu: 30.53 | epoch: 1 pq: 0 rg: 52 | total time: 1.08m | eta: 3.0m
step 00406/01500 (27.07%) | loss: 4.066053 | lrm: 1.00 | dt: 163.41ms | tok/sec: 401,057 | bf16_mfu: 30.81 | epoch: 1 pq: 0 rg: 52 | total time: 1.08m | eta: 3.0m
step 00407/01500 (27.13%) | loss: 4.051895 | lrm: 1.00 | dt: 163.05ms | tok/sec: 401,944 | bf16_mfu: 30.88 | epoch: 1 pq: 0 rg: 52 | total time: 1.09m | eta: 3.0m
step 00408/01500 (27.20%) | loss: 4.039551 | lrm: 1.00 | dt: 164.42ms | tok/sec: 398,599 | bf16_mfu: 30.62 | epoch: 1 pq: 0 rg: 52 | total time: 1.09m | eta: 3.0m
step 00409/01500 (27.27%) | loss: 4.024484 | lrm: 1.00 | dt: 165.68ms | tok/sec: 395,565 | bf16_mfu: 30.39 | epoch: 1 pq: 0 rg: 52 | total time: 1.09m | eta: 3.0m
step 00410/01500 (27.33%) | loss: 4.021702 | lrm: 1.00 | dt: 164.75ms | tok/sec: 397,794 | bf16_mfu: 30.56 | epoch: 1 pq: 0 rg: 53 | total time: 1.09m | eta: 3.0m
step 00411/01500 (27.40%) | loss: 4.020519 | lrm: 1.00 | dt: 164.00ms | tok/sec: 399,618 | bf16_mfu: 30.70 | epoch: 1 pq: 0 rg: 53 | total time: 1.10m | eta: 3.0m
step 00412/01500 (27.47%) | loss: 4.014893 | lrm: 1.00 | dt: 162.71ms | tok/sec: 402,784 | bf16_mfu: 30.94 | epoch: 1 pq: 0 rg: 53 | total time: 1.10m | eta: 3.0m
step 00413/01500 (27.53%) | loss: 4.006274 | lrm: 1.00 | dt: 164.36ms | tok/sec: 398,729 | bf16_mfu: 30.63 | epoch: 1 pq: 0 rg: 53 | total time: 1.10m | eta: 3.0m
step 00414/01500 (27.60%) | loss: 4.008571 | lrm: 1.00 | dt: 165.22ms | tok/sec: 396,667 | bf16_mfu: 30.47 | epoch: 1 pq: 0 rg: 53 | total time: 1.10m | eta: 3.0m
step 00415/01500 (27.67%) | loss: 4.006534 | lrm: 1.00 | dt: 164.49ms | tok/sec: 398,421 | bf16_mfu: 30.60 | epoch: 1 pq: 0 rg: 53 | total time: 1.11m | eta: 3.0m
step 00416/01500 (27.73%) | loss: 4.008686 | lrm: 1.00 | dt: 163.64ms | tok/sec: 400,501 | bf16_mfu: 30.76 | epoch: 1 pq: 0 rg: 53 | total time: 1.11m | eta: 3.0m
step 00417/01500 (27.80%) | loss: 4.009885 | lrm: 1.00 | dt: 162.89ms | tok/sec: 402,338 | bf16_mfu: 30.91 | epoch: 1 pq: 0 rg: 53 | total time: 1.11m | eta: 3.0m
step 00418/01500 (27.87%) | loss: 4.002646 | lrm: 1.00 | dt: 162.87ms | tok/sec: 402,383 | bf16_mfu: 30.91 | epoch: 1 pq: 0 rg: 54 | total time: 1.12m | eta: 3.0m
step 00419/01500 (27.93%) | loss: 4.010506 | lrm: 1.00 | dt: 164.23ms | tok/sec: 399,062 | bf16_mfu: 30.65 | epoch: 1 pq: 0 rg: 54 | total time: 1.12m | eta: 3.0m
step 00420/01500 (28.00%) | loss: 3.989232 | lrm: 1.00 | dt: 164.19ms | tok/sec: 399,157 | bf16_mfu: 30.66 | epoch: 1 pq: 0 rg: 54 | total time: 1.12m | eta: 3.0m
step 00421/01500 (28.07%) | loss: 3.998759 | lrm: 1.00 | dt: 163.49ms | tok/sec: 400,858 | bf16_mfu: 30.79 | epoch: 1 pq: 0 rg: 54 | total time: 1.12m | eta: 3.0m
step 00422/01500 (28.13%) | loss: 4.006967 | lrm: 1.00 | dt: 163.35ms | tok/sec: 401,189 | bf16_mfu: 30.82 | epoch: 1 pq: 0 rg: 54 | total time: 1.13m | eta: 2.9m
step 00423/01500 (28.20%) | loss: 4.023582 | lrm: 1.00 | dt: 163.70ms | tok/sec: 400,330 | bf16_mfu: 30.75 | epoch: 1 pq: 0 rg: 54 | total time: 1.13m | eta: 2.9m
step 00424/01500 (28.27%) | loss: 4.019698 | lrm: 1.00 | dt: 164.36ms | tok/sec: 398,739 | bf16_mfu: 30.63 | epoch: 1 pq: 0 rg: 54 | total time: 1.13m | eta: 2.9m
step 00425/01500 (28.33%) | loss: 4.012461 | lrm: 1.00 | dt: 162.35ms | tok/sec: 403,659 | bf16_mfu: 31.01 | epoch: 1 pq: 0 rg: 54 | total time: 1.13m | eta: 2.9m
step 00426/01500 (28.40%) | loss: 4.015696 | lrm: 1.00 | dt: 162.99ms | tok/sec: 402,076 | bf16_mfu: 30.89 | epoch: 1 pq: 0 rg: 54 | total time: 1.14m | eta: 2.9m
step 00427/01500 (28.47%) | loss: 4.023691 | lrm: 1.00 | dt: 163.92ms | tok/sec: 399,797 | bf16_mfu: 30.71 | epoch: 1 pq: 0 rg: 55 | total time: 1.14m | eta: 2.9m
step 00428/01500 (28.53%) | loss: 4.026445 | lrm: 1.00 | dt: 163.51ms | tok/sec: 400,809 | bf16_mfu: 30.79 | epoch: 1 pq: 0 rg: 55 | total time: 1.14m | eta: 2.9m
step 00429/01500 (28.60%) | loss: 4.029957 | lrm: 1.00 | dt: 165.47ms | tok/sec: 396,061 | bf16_mfu: 30.42 | epoch: 1 pq: 0 rg: 55 | total time: 1.15m | eta: 2.9m
step 00430/01500 (28.67%) | loss: 4.023657 | lrm: 1.00 | dt: 164.37ms | tok/sec: 398,706 | bf16_mfu: 30.63 | epoch: 1 pq: 0 rg: 55 | total time: 1.15m | eta: 2.9m
step 00431/01500 (28.73%) | loss: 4.025776 | lrm: 1.00 | dt: 164.08ms | tok/sec: 399,412 | bf16_mfu: 30.68 | epoch: 1 pq: 0 rg: 55 | total time: 1.15m | eta: 2.9m
step 00432/01500 (28.80%) | loss: 4.035607 | lrm: 1.00 | dt: 163.14ms | tok/sec: 401,716 | bf16_mfu: 30.86 | epoch: 1 pq: 0 rg: 55 | total time: 1.15m | eta: 2.9m
step 00433/01500 (28.87%) | loss: 4.023892 | lrm: 1.00 | dt: 165.45ms | tok/sec: 396,101 | bf16_mfu: 30.43 | epoch: 1 pq: 0 rg: 55 | total time: 1.16m | eta: 2.9m
step 00434/01500 (28.93%) | loss: 4.014625 | lrm: 1.00 | dt: 164.61ms | tok/sec: 398,140 | bf16_mfu: 30.58 | epoch: 1 pq: 0 rg: 55 | total time: 1.16m | eta: 2.9m
step 00435/01500 (29.00%) | loss: 4.006822 | lrm: 1.00 | dt: 165.01ms | tok/sec: 397,162 | bf16_mfu: 30.51 | epoch: 1 pq: 0 rg: 56 | total time: 1.16m | eta: 2.9m
step 00436/01500 (29.07%) | loss: 4.018242 | lrm: 1.00 | dt: 163.32ms | tok/sec: 401,266 | bf16_mfu: 30.82 | epoch: 1 pq: 0 rg: 56 | total time: 1.16m | eta: 2.9m
step 00437/01500 (29.13%) | loss: 4.024435 | lrm: 1.00 | dt: 162.99ms | tok/sec: 402,078 | bf16_mfu: 30.89 | epoch: 1 pq: 0 rg: 56 | total time: 1.17m | eta: 2.9m
step 00438/01500 (29.20%) | loss: 4.023817 | lrm: 1.00 | dt: 163.70ms | tok/sec: 400,337 | bf16_mfu: 30.75 | epoch: 1 pq: 0 rg: 56 | total time: 1.17m | eta: 2.9m
step 00439/01500 (29.27%) | loss: 4.029321 | lrm: 1.00 | dt: 164.48ms | tok/sec: 398,434 | bf16_mfu: 30.61 | epoch: 1 pq: 0 rg: 56 | total time: 1.17m | eta: 2.9m
step 00440/01500 (29.33%) | loss: 4.036083 | lrm: 1.00 | dt: 164.50ms | tok/sec: 398,406 | bf16_mfu: 30.60 | epoch: 1 pq: 0 rg: 56 | total time: 1.18m | eta: 2.9m
step 00441/01500 (29.40%) | loss: 4.023586 | lrm: 1.00 | dt: 164.09ms | tok/sec: 399,392 | bf16_mfu: 30.68 | epoch: 1 pq: 0 rg: 56 | total time: 1.18m | eta: 2.9m
step 00442/01500 (29.47%) | loss: 4.016664 | lrm: 1.00 | dt: 164.07ms | tok/sec: 399,447 | bf16_mfu: 30.68 | epoch: 1 pq: 0 rg: 56 | total time: 1.18m | eta: 2.9m
step 00443/01500 (29.53%) | loss: 4.020280 | lrm: 1.00 | dt: 164.00ms | tok/sec: 399,618 | bf16_mfu: 30.70 | epoch: 1 pq: 0 rg: 57 | total time: 1.18m | eta: 2.9m
step 00444/01500 (29.60%) | loss: 4.014510 | lrm: 1.00 | dt: 164.16ms | tok/sec: 399,230 | bf16_mfu: 30.67 | epoch: 1 pq: 0 rg: 57 | total time: 1.19m | eta: 2.9m
step 00445/01500 (29.67%) | loss: 4.007158 | lrm: 1.00 | dt: 163.48ms | tok/sec: 400,877 | bf16_mfu: 30.79 | epoch: 1 pq: 0 rg: 57 | total time: 1.19m | eta: 2.9m
step 00446/01500 (29.73%) | loss: 3.997892 | lrm: 1.00 | dt: 163.83ms | tok/sec: 400,019 | bf16_mfu: 30.73 | epoch: 1 pq: 0 rg: 57 | total time: 1.19m | eta: 2.9m
step 00447/01500 (29.80%) | loss: 4.005512 | lrm: 1.00 | dt: 163.69ms | tok/sec: 400,357 | bf16_mfu: 30.75 | epoch: 1 pq: 0 rg: 57 | total time: 1.19m | eta: 2.9m
step 00448/01500 (29.87%) | loss: 4.004820 | lrm: 1.00 | dt: 163.41ms | tok/sec: 401,042 | bf16_mfu: 30.81 | epoch: 1 pq: 0 rg: 57 | total time: 1.20m | eta: 2.9m
step 00449/01500 (29.93%) | loss: 3.997616 | lrm: 1.00 | dt: 164.26ms | tok/sec: 398,969 | bf16_mfu: 30.65 | epoch: 1 pq: 0 rg: 57 | total time: 1.20m | eta: 2.9m
step 00450/01500 (30.00%) | loss: 3.998180 | lrm: 1.00 | dt: 162.47ms | tok/sec: 403,383 | bf16_mfu: 30.99 | epoch: 1 pq: 0 rg: 57 | total time: 1.20m | eta: 2.9m
step 00451/01500 (30.07%) | loss: 4.009477 | lrm: 1.00 | dt: 164.34ms | tok/sec: 398,776 | bf16_mfu: 30.63 | epoch: 1 pq: 0 rg: 58 | total time: 1.21m | eta: 2.9m
step 00452/01500 (30.13%) | loss: 4.005672 | lrm: 1.00 | dt: 163.59ms | tok/sec: 400,611 | bf16_mfu: 30.77 | epoch: 1 pq: 0 rg: 58 | total time: 1.21m | eta: 2.9m
step 00453/01500 (30.20%) | loss: 4.022479 | lrm: 1.00 | dt: 163.41ms | tok/sec: 401,062 | bf16_mfu: 30.81 | epoch: 1 pq: 0 rg: 58 | total time: 1.21m | eta: 2.9m
step 00454/01500 (30.27%) | loss: 4.030536 | lrm: 1.00 | dt: 164.88ms | tok/sec: 397,465 | bf16_mfu: 30.53 | epoch: 1 pq: 0 rg: 58 | total time: 1.21m | eta: 2.9m
step 00455/01500 (30.33%) | loss: 4.027947 | lrm: 1.00 | dt: 162.95ms | tok/sec: 402,174 | bf16_mfu: 30.89 | epoch: 1 pq: 0 rg: 58 | total time: 1.22m | eta: 2.9m
step 00456/01500 (30.40%) | loss: 4.030746 | lrm: 1.00 | dt: 162.67ms | tok/sec: 402,883 | bf16_mfu: 30.95 | epoch: 1 pq: 0 rg: 58 | total time: 1.22m | eta: 2.9m
step 00457/01500 (30.47%) | loss: 4.020815 | lrm: 1.00 | dt: 164.14ms | tok/sec: 399,260 | bf16_mfu: 30.67 | epoch: 1 pq: 0 rg: 58 | total time: 1.22m | eta: 2.9m
step 00458/01500 (30.53%) | loss: 4.023463 | lrm: 1.00 | dt: 164.42ms | tok/sec: 398,580 | bf16_mfu: 30.62 | epoch: 1 pq: 0 rg: 58 | total time: 1.22m | eta: 2.8m
step 00459/01500 (30.60%) | loss: 4.016518 | lrm: 1.00 | dt: 165.56ms | tok/sec: 395,836 | bf16_mfu: 30.41 | epoch: 1 pq: 0 rg: 59 | total time: 1.23m | eta: 2.8m
step 00460/01500 (30.67%) | loss: 3.996299 | lrm: 1.00 | dt: 164.03ms | tok/sec: 399,546 | bf16_mfu: 30.69 | epoch: 1 pq: 0 rg: 59 | total time: 1.23m | eta: 2.8m
step 00461/01500 (30.73%) | loss: 3.989249 | lrm: 1.00 | dt: 162.25ms | tok/sec: 403,923 | bf16_mfu: 31.03 | epoch: 1 pq: 0 rg: 59 | total time: 1.23m | eta: 2.8m
step 00462/01500 (30.80%) | loss: 3.975936 | lrm: 1.00 | dt: 164.09ms | tok/sec: 399,401 | bf16_mfu: 30.68 | epoch: 1 pq: 0 rg: 59 | total time: 1.24m | eta: 2.8m
step 00463/01500 (30.87%) | loss: 3.971546 | lrm: 1.00 | dt: 163.76ms | tok/sec: 400,192 | bf16_mfu: 30.74 | epoch: 1 pq: 0 rg: 59 | total time: 1.24m | eta: 2.8m
step 00464/01500 (30.93%) | loss: 3.976718 | lrm: 1.00 | dt: 163.79ms | tok/sec: 400,123 | bf16_mfu: 30.74 | epoch: 1 pq: 0 rg: 59 | total time: 1.24m | eta: 2.8m
step 00465/01500 (31.00%) | loss: 3.973335 | lrm: 1.00 | dt: 164.51ms | tok/sec: 398,372 | bf16_mfu: 30.60 | epoch: 1 pq: 0 rg: 59 | total time: 1.24m | eta: 2.8m
step 00466/01500 (31.07%) | loss: 3.975769 | lrm: 1.00 | dt: 163.63ms | tok/sec: 400,522 | bf16_mfu: 30.77 | epoch: 1 pq: 0 rg: 59 | total time: 1.25m | eta: 2.8m
step 00467/01500 (31.13%) | loss: 3.952656 | lrm: 1.00 | dt: 163.35ms | tok/sec: 401,187 | bf16_mfu: 30.82 | epoch: 1 pq: 0 rg: 59 | total time: 1.25m | eta: 2.8m
step 00468/01500 (31.20%) | loss: 3.951163 | lrm: 1.00 | dt: 164.43ms | tok/sec: 398,556 | bf16_mfu: 30.61 | epoch: 1 pq: 0 rg: 60 | total time: 1.25m | eta: 2.8m
step 00469/01500 (31.27%) | loss: 3.964965 | lrm: 1.00 | dt: 165.96ms | tok/sec: 394,891 | bf16_mfu: 30.33 | epoch: 1 pq: 0 rg: 60 | total time: 1.25m | eta: 2.8m
step 00470/01500 (31.33%) | loss: 3.978928 | lrm: 1.00 | dt: 162.81ms | tok/sec: 402,526 | bf16_mfu: 30.92 | epoch: 1 pq: 0 rg: 60 | total time: 1.26m | eta: 2.8m
step 00471/01500 (31.40%) | loss: 3.969512 | lrm: 1.00 | dt: 163.82ms | tok/sec: 400,054 | bf16_mfu: 30.73 | epoch: 1 pq: 0 rg: 60 | total time: 1.26m | eta: 2.8m
step 00472/01500 (31.47%) | loss: 3.981896 | lrm: 1.00 | dt: 163.36ms | tok/sec: 401,165 | bf16_mfu: 30.82 | epoch: 1 pq: 0 rg: 60 | total time: 1.26m | eta: 2.8m
step 00473/01500 (31.53%) | loss: 3.977126 | lrm: 1.00 | dt: 163.61ms | tok/sec: 400,566 | bf16_mfu: 30.77 | epoch: 1 pq: 0 rg: 60 | total time: 1.27m | eta: 2.8m
step 00474/01500 (31.60%) | loss: 3.990334 | lrm: 1.00 | dt: 164.75ms | tok/sec: 397,792 | bf16_mfu: 30.56 | epoch: 1 pq: 0 rg: 60 | total time: 1.27m | eta: 2.8m
step 00475/01500 (31.67%) | loss: 3.975436 | lrm: 1.00 | dt: 163.35ms | tok/sec: 401,197 | bf16_mfu: 30.82 | epoch: 1 pq: 0 rg: 60 | total time: 1.27m | eta: 2.8m
step 00476/01500 (31.73%) | loss: 3.982684 | lrm: 1.00 | dt: 162.63ms | tok/sec: 402,981 | bf16_mfu: 30.95 | epoch: 1 pq: 0 rg: 61 | total time: 1.27m | eta: 2.8m
step 00477/01500 (31.80%) | loss: 3.978086 | lrm: 1.00 | dt: 162.73ms | tok/sec: 402,719 | bf16_mfu: 30.93 | epoch: 1 pq: 0 rg: 61 | total time: 1.28m | eta: 2.8m
step 00478/01500 (31.87%) | loss: 3.982577 | lrm: 1.00 | dt: 162.67ms | tok/sec: 402,869 | bf16_mfu: 30.95 | epoch: 1 pq: 0 rg: 61 | total time: 1.28m | eta: 2.8m
step 00479/01500 (31.93%) | loss: 3.989596 | lrm: 1.00 | dt: 163.11ms | tok/sec: 401,798 | bf16_mfu: 30.86 | epoch: 1 pq: 0 rg: 61 | total time: 1.28m | eta: 2.8m
step 00480/01500 (32.00%) | loss: 3.966067 | lrm: 1.00 | dt: 165.20ms | tok/sec: 396,700 | bf16_mfu: 30.47 | epoch: 1 pq: 0 rg: 61 | total time: 1.28m | eta: 2.8m
step 00481/01500 (32.07%) | loss: 3.965215 | lrm: 1.00 | dt: 163.45ms | tok/sec: 400,960 | bf16_mfu: 30.80 | epoch: 1 pq: 0 rg: 61 | total time: 1.29m | eta: 2.8m
step 00482/01500 (32.13%) | loss: 3.962587 | lrm: 1.00 | dt: 162.59ms | tok/sec: 403,075 | bf16_mfu: 30.96 | epoch: 1 pq: 0 rg: 61 | total time: 1.29m | eta: 2.8m
step 00483/01500 (32.20%) | loss: 3.968861 | lrm: 1.00 | dt: 163.13ms | tok/sec: 401,750 | bf16_mfu: 30.86 | epoch: 1 pq: 0 rg: 61 | total time: 1.29m | eta: 2.8m
step 00484/01500 (32.27%) | loss: 3.973711 | lrm: 1.00 | dt: 162.96ms | tok/sec: 402,167 | bf16_mfu: 30.89 | epoch: 1 pq: 0 rg: 62 | total time: 1.30m | eta: 2.8m
step 00485/01500 (32.33%) | loss: 3.978188 | lrm: 1.00 | dt: 164.42ms | tok/sec: 398,577 | bf16_mfu: 30.62 | epoch: 1 pq: 0 rg: 62 | total time: 1.30m | eta: 2.8m
step 00486/01500 (32.40%) | loss: 3.979402 | lrm: 1.00 | dt: 164.66ms | tok/sec: 398,009 | bf16_mfu: 30.57 | epoch: 1 pq: 0 rg: 62 | total time: 1.30m | eta: 2.8m
step 00487/01500 (32.47%) | loss: 3.962747 | lrm: 1.00 | dt: 163.27ms | tok/sec: 401,401 | bf16_mfu: 30.83 | epoch: 1 pq: 0 rg: 62 | total time: 1.30m | eta: 2.8m
step 00488/01500 (32.53%) | loss: 3.962000 | lrm: 1.00 | dt: 163.42ms | tok/sec: 401,032 | bf16_mfu: 30.81 | epoch: 1 pq: 0 rg: 62 | total time: 1.31m | eta: 2.8m
step 00489/01500 (32.60%) | loss: 3.967846 | lrm: 1.00 | dt: 162.64ms | tok/sec: 402,949 | bf16_mfu: 30.95 | epoch: 1 pq: 0 rg: 62 | total time: 1.31m | eta: 2.8m
step 00490/01500 (32.67%) | loss: 3.958679 | lrm: 1.00 | dt: 165.34ms | tok/sec: 396,380 | bf16_mfu: 30.45 | epoch: 1 pq: 0 rg: 62 | total time: 1.31m | eta: 2.8m
step 00491/01500 (32.73%) | loss: 3.952763 | lrm: 1.00 | dt: 164.23ms | tok/sec: 399,059 | bf16_mfu: 30.65 | epoch: 1 pq: 0 rg: 62 | total time: 1.31m | eta: 2.8m
step 00492/01500 (32.80%) | loss: 3.944674 | lrm: 1.00 | dt: 163.36ms | tok/sec: 401,182 | bf16_mfu: 30.82 | epoch: 1 pq: 0 rg: 62 | total time: 1.32m | eta: 2.8m
step 00493/01500 (32.87%) | loss: 3.922022 | lrm: 1.00 | dt: 163.00ms | tok/sec: 402,055 | bf16_mfu: 30.88 | epoch: 1 pq: 0 rg: 63 | total time: 1.32m | eta: 2.8m
step 00494/01500 (32.93%) | loss: 3.922884 | lrm: 1.00 | dt: 163.14ms | tok/sec: 401,720 | bf16_mfu: 30.86 | epoch: 1 pq: 0 rg: 63 | total time: 1.32m | eta: 2.7m
step 00495/01500 (33.00%) | loss: 3.927001 | lrm: 1.00 | dt: 164.11ms | tok/sec: 399,334 | bf16_mfu: 30.67 | epoch: 1 pq: 0 rg: 63 | total time: 1.33m | eta: 2.7m
step 00496/01500 (33.07%) | loss: 3.924670 | lrm: 1.00 | dt: 166.74ms | tok/sec: 393,050 | bf16_mfu: 30.19 | epoch: 1 pq: 0 rg: 63 | total time: 1.33m | eta: 2.7m
step 00497/01500 (33.13%) | loss: 3.914662 | lrm: 1.00 | dt: 163.03ms | tok/sec: 401,985 | bf16_mfu: 30.88 | epoch: 1 pq: 0 rg: 63 | total time: 1.33m | eta: 2.7m
step 00498/01500 (33.20%) | loss: 3.918953 | lrm: 1.00 | dt: 163.77ms | tok/sec: 400,171 | bf16_mfu: 30.74 | epoch: 1 pq: 0 rg: 63 | total time: 1.33m | eta: 2.7m
step 00499/01500 (33.27%) | loss: 3.915315 | lrm: 1.00 | dt: 163.11ms | tok/sec: 401,794 | bf16_mfu: 30.86 | epoch: 1 pq: 0 rg: 63 | total time: 1.34m | eta: 2.7m
step 00500/01500 (33.33%) | loss: 3.921153 | lrm: 1.00 | dt: 162.73ms | tok/sec: 402,733 | bf16_mfu: 30.94 | epoch: 1 pq: 0 rg: 63 | total time: 1.34m | eta: 2.7m
step 00501/01500 (33.40%) | loss: 3.947087 | lrm: 1.00 | dt: 165.08ms | tok/sec: 397,000 | bf16_mfu: 30.50 | epoch: 1 pq: 0 rg: 64 | total time: 1.34m | eta: 2.7m
step 00502/01500 (33.47%) | loss: 3.945599 | lrm: 1.00 | dt: 163.21ms | tok/sec: 401,545 | bf16_mfu: 30.84 | epoch: 1 pq: 0 rg: 64 | total time: 1.34m | eta: 2.7m
step 00503/01500 (33.53%) | loss: 3.944579 | lrm: 1.00 | dt: 163.81ms | tok/sec: 400,066 | bf16_mfu: 30.73 | epoch: 1 pq: 0 rg: 64 | total time: 1.35m | eta: 2.7m
step 00504/01500 (33.60%) | loss: 3.949438 | lrm: 1.00 | dt: 162.59ms | tok/sec: 403,067 | bf16_mfu: 30.96 | epoch: 1 pq: 0 rg: 64 | total time: 1.35m | eta: 2.7m
step 00505/01500 (33.67%) | loss: 3.937232 | lrm: 1.00 | dt: 163.38ms | tok/sec: 401,121 | bf16_mfu: 30.81 | epoch: 1 pq: 0 rg: 64 | total time: 1.35m | eta: 2.7m
step 00506/01500 (33.73%) | loss: 3.932920 | lrm: 1.00 | dt: 163.80ms | tok/sec: 400,093 | bf16_mfu: 30.73 | epoch: 1 pq: 0 rg: 64 | total time: 1.36m | eta: 2.7m
step 00507/01500 (33.80%) | loss: 3.927597 | lrm: 1.00 | dt: 164.50ms | tok/sec: 398,398 | bf16_mfu: 30.60 | epoch: 1 pq: 0 rg: 64 | total time: 1.36m | eta: 2.7m
step 00508/01500 (33.87%) | loss: 3.914119 | lrm: 1.00 | dt: 163.80ms | tok/sec: 400,102 | bf16_mfu: 30.73 | epoch: 1 pq: 0 rg: 64 | total time: 1.36m | eta: 2.7m
step 00509/01500 (33.93%) | loss: 3.903249 | lrm: 1.00 | dt: 163.39ms | tok/sec: 401,111 | bf16_mfu: 30.81 | epoch: 1 pq: 0 rg: 65 | total time: 1.36m | eta: 2.7m
step 00510/01500 (34.00%) | loss: 3.904198 | lrm: 1.00 | dt: 164.67ms | tok/sec: 397,994 | bf16_mfu: 30.57 | epoch: 1 pq: 0 rg: 65 | total time: 1.37m | eta: 2.7m
step 00511/01500 (34.07%) | loss: 3.892148 | lrm: 1.00 | dt: 164.63ms | tok/sec: 398,091 | bf16_mfu: 30.58 | epoch: 1 pq: 0 rg: 65 | total time: 1.37m | eta: 2.7m
step 00512/01500 (34.13%) | loss: 3.897671 | lrm: 1.00 | dt: 163.43ms | tok/sec: 400,997 | bf16_mfu: 30.80 | epoch: 1 pq: 0 rg: 65 | total time: 1.37m | eta: 2.7m
step 00513/01500 (34.20%) | loss: 3.907401 | lrm: 1.00 | dt: 164.40ms | tok/sec: 398,643 | bf16_mfu: 30.62 | epoch: 1 pq: 0 rg: 65 | total time: 1.37m | eta: 2.7m
step 00514/01500 (34.27%) | loss: 3.902198 | lrm: 1.00 | dt: 163.12ms | tok/sec: 401,759 | bf16_mfu: 30.86 | epoch: 1 pq: 0 rg: 65 | total time: 1.38m | eta: 2.7m
step 00515/01500 (34.33%) | loss: 3.889431 | lrm: 1.00 | dt: 164.83ms | tok/sec: 397,608 | bf16_mfu: 30.54 | epoch: 1 pq: 0 rg: 65 | total time: 1.38m | eta: 2.7m
step 00516/01500 (34.40%) | loss: 3.874616 | lrm: 1.00 | dt: 164.82ms | tok/sec: 397,624 | bf16_mfu: 30.54 | epoch: 1 pq: 0 rg: 65 | total time: 1.38m | eta: 2.7m
step 00517/01500 (34.47%) | loss: 3.865670 | lrm: 1.00 | dt: 163.07ms | tok/sec: 401,890 | bf16_mfu: 30.87 | epoch: 1 pq: 0 rg: 66 | total time: 1.39m | eta: 2.7m
step 00518/01500 (34.53%) | loss: 3.865875 | lrm: 1.00 | dt: 162.65ms | tok/sec: 402,915 | bf16_mfu: 30.95 | epoch: 1 pq: 0 rg: 66 | total time: 1.39m | eta: 2.7m
step 00519/01500 (34.60%) | loss: 3.852895 | lrm: 1.00 | dt: 164.56ms | tok/sec: 398,243 | bf16_mfu: 30.59 | epoch: 1 pq: 0 rg: 66 | total time: 1.39m | eta: 2.7m
step 00520/01500 (34.67%) | loss: 3.859109 | lrm: 1.00 | dt: 163.98ms | tok/sec: 399,669 | bf16_mfu: 30.70 | epoch: 1 pq: 0 rg: 66 | total time: 1.39m | eta: 2.7m
step 00521/01500 (34.73%) | loss: 3.858234 | lrm: 1.00 | dt: 164.61ms | tok/sec: 398,132 | bf16_mfu: 30.58 | epoch: 1 pq: 0 rg: 66 | total time: 1.40m | eta: 2.7m
step 00522/01500 (34.80%) | loss: 3.844516 | lrm: 1.00 | dt: 163.26ms | tok/sec: 401,409 | bf16_mfu: 30.83 | epoch: 1 pq: 0 rg: 66 | total time: 1.40m | eta: 2.7m
step 00523/01500 (34.87%) | loss: 3.862011 | lrm: 1.00 | dt: 163.73ms | tok/sec: 400,258 | bf16_mfu: 30.75 | epoch: 1 pq: 0 rg: 66 | total time: 1.40m | eta: 2.7m
step 00524/01500 (34.93%) | loss: 3.863267 | lrm: 1.00 | dt: 163.66ms | tok/sec: 400,447 | bf16_mfu: 30.76 | epoch: 1 pq: 0 rg: 66 | total time: 1.40m | eta: 2.7m
step 00525/01500 (35.00%) | loss: 3.864966 | lrm: 1.00 | dt: 163.12ms | tok/sec: 401,771 | bf16_mfu: 30.86 | epoch: 1 pq: 0 rg: 67 | total time: 1.41m | eta: 2.7m
step 00526/01500 (35.07%) | loss: 3.848856 | lrm: 1.00 | dt: 165.26ms | tok/sec: 396,568 | bf16_mfu: 30.46 | epoch: 1 pq: 0 rg: 67 | total time: 1.41m | eta: 2.7m
step 00527/01500 (35.13%) | loss: 3.833411 | lrm: 1.00 | dt: 163.54ms | tok/sec: 400,729 | bf16_mfu: 30.78 | epoch: 1 pq: 0 rg: 67 | total time: 1.41m | eta: 2.7m
step 00528/01500 (35.20%) | loss: 3.841182 | lrm: 1.00 | dt: 163.10ms | tok/sec: 401,824 | bf16_mfu: 30.87 | epoch: 1 pq: 0 rg: 67 | total time: 1.42m | eta: 2.7m
step 00529/01500 (35.27%) | loss: 3.860511 | lrm: 1.00 | dt: 163.32ms | tok/sec: 401,284 | bf16_mfu: 30.82 | epoch: 1 pq: 0 rg: 67 | total time: 1.42m | eta: 2.7m
step 00530/01500 (35.33%) | loss: 3.856830 | lrm: 1.00 | dt: 163.95ms | tok/sec: 399,743 | bf16_mfu: 30.71 | epoch: 1 pq: 0 rg: 67 | total time: 1.42m | eta: 2.7m
step 00531/01500 (35.40%) | loss: 3.868813 | lrm: 0.99 | dt: 164.94ms | tok/sec: 397,324 | bf16_mfu: 30.52 | epoch: 1 pq: 0 rg: 67 | total time: 1.42m | eta: 2.6m
step 00532/01500 (35.47%) | loss: 3.874730 | lrm: 0.99 | dt: 164.43ms | tok/sec: 398,570 | bf16_mfu: 30.62 | epoch: 1 pq: 0 rg: 67 | total time: 1.43m | eta: 2.6m
step 00533/01500 (35.53%) | loss: 3.888254 | lrm: 0.99 | dt: 163.37ms | tok/sec: 401,159 | bf16_mfu: 30.81 | epoch: 1 pq: 0 rg: 67 | total time: 1.43m | eta: 2.6m
step 00534/01500 (35.60%) | loss: 3.876411 | lrm: 0.99 | dt: 163.59ms | tok/sec: 400,607 | bf16_mfu: 30.77 | epoch: 1 pq: 0 rg: 68 | total time: 1.43m | eta: 2.6m
step 00535/01500 (35.67%) | loss: 3.879271 | lrm: 0.99 | dt: 164.29ms | tok/sec: 398,898 | bf16_mfu: 30.64 | epoch: 1 pq: 0 rg: 68 | total time: 1.44m | eta: 2.6m
step 00536/01500 (35.73%) | loss: 3.879744 | lrm: 0.99 | dt: 164.50ms | tok/sec: 398,400 | bf16_mfu: 30.60 | epoch: 1 pq: 0 rg: 68 | total time: 1.44m | eta: 2.6m
step 00537/01500 (35.80%) | loss: 3.885757 | lrm: 0.99 | dt: 163.10ms | tok/sec: 401,813 | bf16_mfu: 30.87 | epoch: 1 pq: 0 rg: 68 | total time: 1.44m | eta: 2.6m
step 00538/01500 (35.87%) | loss: 3.895895 | lrm: 0.99 | dt: 163.01ms | tok/sec: 402,031 | bf16_mfu: 30.88 | epoch: 1 pq: 0 rg: 68 | total time: 1.44m | eta: 2.6m
step 00539/01500 (35.93%) | loss: 3.907404 | lrm: 0.99 | dt: 163.04ms | tok/sec: 401,955 | bf16_mfu: 30.88 | epoch: 1 pq: 0 rg: 68 | total time: 1.45m | eta: 2.6m
step 00540/01500 (36.00%) | loss: 3.915389 | lrm: 0.99 | dt: 162.74ms | tok/sec: 402,699 | bf16_mfu: 30.93 | epoch: 1 pq: 0 rg: 68 | total time: 1.45m | eta: 2.6m
step 00541/01500 (36.07%) | loss: 3.920728 | lrm: 0.98 | dt: 164.84ms | tok/sec: 397,568 | bf16_mfu: 30.54 | epoch: 1 pq: 0 rg: 68 | total time: 1.45m | eta: 2.6m
step 00542/01500 (36.13%) | loss: 3.928828 | lrm: 0.98 | dt: 165.29ms | tok/sec: 396,494 | bf16_mfu: 30.46 | epoch: 1 pq: 0 rg: 69 | total time: 1.45m | eta: 2.6m
step 00543/01500 (36.20%) | loss: 3.918979 | lrm: 0.98 | dt: 163.28ms | tok/sec: 401,361 | bf16_mfu: 30.83 | epoch: 1 pq: 0 rg: 69 | total time: 1.46m | eta: 2.6m
step 00544/01500 (36.27%) | loss: 3.931882 | lrm: 0.98 | dt: 164.14ms | tok/sec: 399,268 | bf16_mfu: 30.67 | epoch: 1 pq: 0 rg: 69 | total time: 1.46m | eta: 2.6m
step 00545/01500 (36.33%) | loss: 3.917923 | lrm: 0.98 | dt: 163.23ms | tok/sec: 401,494 | bf16_mfu: 30.84 | epoch: 1 pq: 0 rg: 69 | total time: 1.46m | eta: 2.6m
step 00546/01500 (36.40%) | loss: 3.911873 | lrm: 0.98 | dt: 165.46ms | tok/sec: 396,074 | bf16_mfu: 30.42 | epoch: 1 pq: 0 rg: 69 | total time: 1.47m | eta: 2.6m
step 00547/01500 (36.47%) | loss: 3.897346 | lrm: 0.98 | dt: 163.87ms | tok/sec: 399,935 | bf16_mfu: 30.72 | epoch: 1 pq: 0 rg: 69 | total time: 1.47m | eta: 2.6m
step 00548/01500 (36.53%) | loss: 3.894063 | lrm: 0.98 | dt: 164.00ms | tok/sec: 399,609 | bf16_mfu: 30.70 | epoch: 1 pq: 0 rg: 69 | total time: 1.47m | eta: 2.6m
step 00549/01500 (36.60%) | loss: 3.887021 | lrm: 0.98 | dt: 162.82ms | tok/sec: 402,500 | bf16_mfu: 30.92 | epoch: 1 pq: 0 rg: 69 | total time: 1.47m | eta: 2.6m
step 00550/01500 (36.67%) | loss: 3.862462 | lrm: 0.98 | dt: 162.39ms | tok/sec: 403,562 | bf16_mfu: 31.00 | epoch: 1 pq: 0 rg: 70 | total time: 1.48m | eta: 2.6m
step 00551/01500 (36.73%) | loss: 3.842951 | lrm: 0.97 | dt: 164.26ms | tok/sec: 398,980 | bf16_mfu: 30.65 | epoch: 1 pq: 0 rg: 70 | total time: 1.48m | eta: 2.6m
step 00552/01500 (36.80%) | loss: 3.835141 | lrm: 0.97 | dt: 163.97ms | tok/sec: 399,686 | bf16_mfu: 30.70 | epoch: 1 pq: 0 rg: 70 | total time: 1.48m | eta: 2.6m
step 00553/01500 (36.87%) | loss: 3.811731 | lrm: 0.97 | dt: 163.08ms | tok/sec: 401,873 | bf16_mfu: 30.87 | epoch: 1 pq: 0 rg: 70 | total time: 1.48m | eta: 2.6m
step 00554/01500 (36.93%) | loss: 3.803960 | lrm: 0.97 | dt: 163.14ms | tok/sec: 401,706 | bf16_mfu: 30.86 | epoch: 1 pq: 0 rg: 70 | total time: 1.49m | eta: 2.6m
step 00555/01500 (37.00%) | loss: 3.806367 | lrm: 0.97 | dt: 164.44ms | tok/sec: 398,539 | bf16_mfu: 30.61 | epoch: 1 pq: 0 rg: 70 | total time: 1.49m | eta: 2.6m
step 00556/01500 (37.07%) | loss: 3.809471 | lrm: 0.97 | dt: 163.01ms | tok/sec: 402,032 | bf16_mfu: 30.88 | epoch: 1 pq: 0 rg: 70 | total time: 1.49m | eta: 2.6m
step 00557/01500 (37.13%) | loss: 3.787620 | lrm: 0.97 | dt: 164.84ms | tok/sec: 397,575 | bf16_mfu: 30.54 | epoch: 1 pq: 0 rg: 70 | total time: 1.50m | eta: 2.6m
step 00558/01500 (37.20%) | loss: 3.793917 | lrm: 0.97 | dt: 162.92ms | tok/sec: 402,267 | bf16_mfu: 30.90 | epoch: 1 pq: 0 rg: 70 | total time: 1.50m | eta: 2.6m
step 00559/01500 (37.27%) | loss: 3.805427 | lrm: 0.97 | dt: 163.12ms | tok/sec: 401,763 | bf16_mfu: 30.86 | epoch: 1 pq: 0 rg: 71 | total time: 1.50m | eta: 2.6m
step 00560/01500 (37.33%) | loss: 3.821983 | lrm: 0.97 | dt: 163.63ms | tok/sec: 400,523 | bf16_mfu: 30.77 | epoch: 1 pq: 0 rg: 71 | total time: 1.50m | eta: 2.6m
step 00561/01500 (37.40%) | loss: 3.815313 | lrm: 0.96 | dt: 163.56ms | tok/sec: 400,672 | bf16_mfu: 30.78 | epoch: 1 pq: 0 rg: 71 | total time: 1.51m | eta: 2.6m
step 00562/01500 (37.47%) | loss: 3.807095 | lrm: 0.96 | dt: 165.17ms | tok/sec: 396,781 | bf16_mfu: 30.48 | epoch: 1 pq: 0 rg: 71 | total time: 1.51m | eta: 2.6m
step 00563/01500 (37.53%) | loss: 3.810800 | lrm: 0.96 | dt: 164.55ms | tok/sec: 398,282 | bf16_mfu: 30.59 | epoch: 1 pq: 0 rg: 71 | total time: 1.51m | eta: 2.6m
step 00564/01500 (37.60%) | loss: 3.820506 | lrm: 0.96 | dt: 162.56ms | tok/sec: 403,140 | bf16_mfu: 30.97 | epoch: 1 pq: 0 rg: 71 | total time: 1.51m | eta: 2.6m
step 00565/01500 (37.67%) | loss: 3.823253 | lrm: 0.96 | dt: 163.71ms | tok/sec: 400,306 | bf16_mfu: 30.75 | epoch: 1 pq: 0 rg: 71 | total time: 1.52m | eta: 2.6m
step 00566/01500 (37.73%) | loss: 3.829629 | lrm: 0.96 | dt: 163.81ms | tok/sec: 400,062 | bf16_mfu: 30.73 | epoch: 1 pq: 0 rg: 71 | total time: 1.52m | eta: 2.6m
step 00567/01500 (37.80%) | loss: 3.816523 | lrm: 0.96 | dt: 164.46ms | tok/sec: 398,498 | bf16_mfu: 30.61 | epoch: 1 pq: 0 rg: 72 | total time: 1.52m | eta: 2.6m
step 00568/01500 (37.87%) | loss: 3.808566 | lrm: 0.96 | dt: 163.42ms | tok/sec: 401,016 | bf16_mfu: 30.80 | epoch: 1 pq: 0 rg: 72 | total time: 1.53m | eta: 2.5m
step 00569/01500 (37.93%) | loss: 3.818838 | lrm: 0.96 | dt: 163.85ms | tok/sec: 399,985 | bf16_mfu: 30.72 | epoch: 1 pq: 0 rg: 72 | total time: 1.53m | eta: 2.5m
step 00570/01500 (38.00%) | loss: 3.824284 | lrm: 0.96 | dt: 164.20ms | tok/sec: 399,133 | bf16_mfu: 30.66 | epoch: 1 pq: 0 rg: 72 | total time: 1.53m | eta: 2.5m
step 00571/01500 (38.07%) | loss: 3.812222 | lrm: 0.96 | dt: 164.43ms | tok/sec: 398,576 | bf16_mfu: 30.62 | epoch: 1 pq: 0 rg: 72 | total time: 1.53m | eta: 2.5m
step 00572/01500 (38.13%) | loss: 3.805696 | lrm: 0.95 | dt: 164.20ms | tok/sec: 399,116 | bf16_mfu: 30.66 | epoch: 1 pq: 0 rg: 72 | total time: 1.54m | eta: 2.5m
step 00573/01500 (38.20%) | loss: 3.809232 | lrm: 0.95 | dt: 163.34ms | tok/sec: 401,222 | bf16_mfu: 30.82 | epoch: 1 pq: 0 rg: 72 | total time: 1.54m | eta: 2.5m
step 00574/01500 (38.27%) | loss: 3.789382 | lrm: 0.95 | dt: 163.56ms | tok/sec: 400,679 | bf16_mfu: 30.78 | epoch: 1 pq: 0 rg: 72 | total time: 1.54m | eta: 2.5m
step 00575/01500 (38.33%) | loss: 3.788755 | lrm: 0.95 | dt: 164.08ms | tok/sec: 399,414 | bf16_mfu: 30.68 | epoch: 1 pq: 0 rg: 72 | total time: 1.54m | eta: 2.5m
step 00576/01500 (38.40%) | loss: 3.799892 | lrm: 0.95 | dt: 164.68ms | tok/sec: 397,953 | bf16_mfu: 30.57 | epoch: 1 pq: 0 rg: 73 | total time: 1.55m | eta: 2.5m
step 00577/01500 (38.47%) | loss: 3.803666 | lrm: 0.95 | dt: 164.10ms | tok/sec: 399,368 | bf16_mfu: 30.68 | epoch: 1 pq: 0 rg: 73 | total time: 1.55m | eta: 2.5m
step 00578/01500 (38.53%) | loss: 3.806874 | lrm: 0.95 | dt: 162.49ms | tok/sec: 403,317 | bf16_mfu: 30.98 | epoch: 1 pq: 0 rg: 73 | total time: 1.55m | eta: 2.5m
step 00579/01500 (38.60%) | loss: 3.818250 | lrm: 0.95 | dt: 163.41ms | tok/sec: 401,042 | bf16_mfu: 30.81 | epoch: 1 pq: 0 rg: 73 | total time: 1.56m | eta: 2.5m
step 00580/01500 (38.67%) | loss: 3.828182 | lrm: 0.95 | dt: 162.96ms | tok/sec: 402,164 | bf16_mfu: 30.89 | epoch: 1 pq: 0 rg: 73 | total time: 1.56m | eta: 2.5m
step 00581/01500 (38.73%) | loss: 3.819248 | lrm: 0.95 | dt: 162.93ms | tok/sec: 402,228 | bf16_mfu: 30.90 | epoch: 1 pq: 0 rg: 73 | total time: 1.56m | eta: 2.5m
step 00582/01500 (38.80%) | loss: 3.824393 | lrm: 0.94 | dt: 165.71ms | tok/sec: 395,478 | bf16_mfu: 30.38 | epoch: 1 pq: 0 rg: 73 | total time: 1.56m | eta: 2.5m
step 00583/01500 (38.87%) | loss: 3.842033 | lrm: 0.94 | dt: 163.02ms | tok/sec: 402,012 | bf16_mfu: 30.88 | epoch: 1 pq: 0 rg: 73 | total time: 1.57m | eta: 2.5m
step 00584/01500 (38.93%) | loss: 3.850554 | lrm: 0.94 | dt: 163.84ms | tok/sec: 399,991 | bf16_mfu: 30.73 | epoch: 1 pq: 0 rg: 74 | total time: 1.57m | eta: 2.5m
step 00585/01500 (39.00%) | loss: 3.839053 | lrm: 0.94 | dt: 163.88ms | tok/sec: 399,904 | bf16_mfu: 30.72 | epoch: 1 pq: 0 rg: 74 | total time: 1.57m | eta: 2.5m
step 00586/01500 (39.07%) | loss: 3.828442 | lrm: 0.94 | dt: 162.45ms | tok/sec: 403,417 | bf16_mfu: 30.99 | epoch: 1 pq: 0 rg: 74 | total time: 1.57m | eta: 2.5m
step 00587/01500 (39.13%) | loss: 3.832949 | lrm: 0.94 | dt: 163.91ms | tok/sec: 399,828 | bf16_mfu: 30.71 | epoch: 1 pq: 0 rg: 74 | total time: 1.58m | eta: 2.5m
step 00588/01500 (39.20%) | loss: 3.810190 | lrm: 0.94 | dt: 165.23ms | tok/sec: 396,624 | bf16_mfu: 30.47 | epoch: 1 pq: 0 rg: 74 | total time: 1.58m | eta: 2.5m
step 00589/01500 (39.27%) | loss: 3.807451 | lrm: 0.94 | dt: 162.23ms | tok/sec: 403,981 | bf16_mfu: 31.03 | epoch: 1 pq: 0 rg: 74 | total time: 1.58m | eta: 2.5m
step 00590/01500 (39.33%) | loss: 3.792969 | lrm: 0.94 | dt: 162.73ms | tok/sec: 402,734 | bf16_mfu: 30.94 | epoch: 1 pq: 0 rg: 74 | total time: 1.59m | eta: 2.5m
step 00591/01500 (39.40%) | loss: 3.796579 | lrm: 0.94 | dt: 163.20ms | tok/sec: 401,580 | bf16_mfu: 30.85 | epoch: 1 pq: 0 rg: 74 | total time: 1.59m | eta: 2.5m
step 00592/01500 (39.47%) | loss: 3.802470 | lrm: 0.93 | dt: 163.25ms | tok/sec: 401,442 | bf16_mfu: 30.84 | epoch: 1 pq: 0 rg: 75 | total time: 1.59m | eta: 2.5m
step 00593/01500 (39.53%) | loss: 3.813091 | lrm: 0.93 | dt: 164.98ms | tok/sec: 397,232 | bf16_mfu: 30.51 | epoch: 1 pq: 0 rg: 75 | total time: 1.59m | eta: 2.5m
step 00594/01500 (39.60%) | loss: 3.813587 | lrm: 0.93 | dt: 163.36ms | tok/sec: 401,172 | bf16_mfu: 30.82 | epoch: 1 pq: 0 rg: 75 | total time: 1.60m | eta: 2.5m
step 00595/01500 (39.67%) | loss: 3.805979 | lrm: 0.93 | dt: 163.23ms | tok/sec: 401,483 | bf16_mfu: 30.84 | epoch: 1 pq: 0 rg: 75 | total time: 1.60m | eta: 2.5m
step 00596/01500 (39.73%) | loss: 3.790031 | lrm: 0.93 | dt: 163.68ms | tok/sec: 400,396 | bf16_mfu: 30.76 | epoch: 1 pq: 0 rg: 75 | total time: 1.60m | eta: 2.5m
step 00597/01500 (39.80%) | loss: 3.786846 | lrm: 0.93 | dt: 162.75ms | tok/sec: 402,679 | bf16_mfu: 30.93 | epoch: 1 pq: 0 rg: 75 | total time: 1.60m | eta: 2.5m
step 00598/01500 (39.87%) | loss: 3.781932 | lrm: 0.93 | dt: 163.26ms | tok/sec: 401,416 | bf16_mfu: 30.83 | epoch: 1 pq: 0 rg: 75 | total time: 1.61m | eta: 2.5m
step 00599/01500 (39.93%) | loss: 3.775561 | lrm: 0.93 | dt: 166.10ms | tok/sec: 394,566 | bf16_mfu: 30.31 | epoch: 1 pq: 0 rg: 75 | total time: 1.61m | eta: 2.5m
step 00600/01500 (40.00%) | loss: 3.772425 | lrm: 0.93 | dt: 162.27ms | tok/sec: 403,862 | bf16_mfu: 31.02 | epoch: 1 pq: 0 rg: 76 | total time: 1.61m | eta: 2.5m
step 00601/01500 (40.07%) | loss: 3.791344 | lrm: 0.93 | dt: 162.95ms | tok/sec: 402,184 | bf16_mfu: 30.89 | epoch: 1 pq: 0 rg: 76 | total time: 1.62m | eta: 2.5m
step 00602/01500 (40.13%) | loss: 3.795924 | lrm: 0.92 | dt: 164.43ms | tok/sec: 398,553 | bf16_mfu: 30.61 | epoch: 1 pq: 0 rg: 76 | total time: 1.62m | eta: 2.5m
step 00603/01500 (40.20%) | loss: 3.794244 | lrm: 0.92 | dt: 164.80ms | tok/sec: 397,664 | bf16_mfu: 30.55 | epoch: 1 pq: 0 rg: 76 | total time: 1.62m | eta: 2.5m
step 00604/01500 (40.27%) | loss: 3.802383 | lrm: 0.92 | dt: 164.29ms | tok/sec: 398,898 | bf16_mfu: 30.64 | epoch: 1 pq: 0 rg: 76 | total time: 1.62m | eta: 2.4m
step 00605/01500 (40.33%) | loss: 3.799352 | lrm: 0.92 | dt: 162.28ms | tok/sec: 403,849 | bf16_mfu: 31.02 | epoch: 1 pq: 0 rg: 76 | total time: 1.63m | eta: 2.4m
step 00606/01500 (40.40%) | loss: 3.792277 | lrm: 0.92 | dt: 162.90ms | tok/sec: 402,301 | bf16_mfu: 30.90 | epoch: 1 pq: 0 rg: 76 | total time: 1.63m | eta: 2.4m
step 00607/01500 (40.47%) | loss: 3.770532 | lrm: 0.92 | dt: 163.99ms | tok/sec: 399,625 | bf16_mfu: 30.70 | epoch: 1 pq: 0 rg: 76 | total time: 1.63m | eta: 2.4m
step 00608/01500 (40.53%) | loss: 3.770996 | lrm: 0.92 | dt: 163.21ms | tok/sec: 401,542 | bf16_mfu: 30.84 | epoch: 1 pq: 0 rg: 76 | total time: 1.63m | eta: 2.4m
step 00609/01500 (40.60%) | loss: 3.768810 | lrm: 0.92 | dt: 166.31ms | tok/sec: 394,065 | bf16_mfu: 30.27 | epoch: 1 pq: 0 rg: 77 | total time: 1.64m | eta: 2.4m
step 00610/01500 (40.67%) | loss: 3.776461 | lrm: 0.92 | dt: 162.68ms | tok/sec: 402,844 | bf16_mfu: 30.94 | epoch: 1 pq: 0 rg: 77 | total time: 1.64m | eta: 2.4m
step 00611/01500 (40.73%) | loss: 3.765712 | lrm: 0.92 | dt: 163.57ms | tok/sec: 400,664 | bf16_mfu: 30.78 | epoch: 1 pq: 0 rg: 77 | total time: 1.64m | eta: 2.4m
step 00612/01500 (40.80%) | loss: 3.768632 | lrm: 0.92 | dt: 162.65ms | tok/sec: 402,916 | bf16_mfu: 30.95 | epoch: 1 pq: 0 rg: 77 | total time: 1.65m | eta: 2.4m
step 00613/01500 (40.87%) | loss: 3.781681 | lrm: 0.91 | dt: 163.29ms | tok/sec: 401,349 | bf16_mfu: 30.83 | epoch: 1 pq: 0 rg: 77 | total time: 1.65m | eta: 2.4m
step 00614/01500 (40.93%) | loss: 3.782211 | lrm: 0.91 | dt: 163.93ms | tok/sec: 399,792 | bf16_mfu: 30.71 | epoch: 1 pq: 0 rg: 77 | total time: 1.65m | eta: 2.4m
step 00615/01500 (41.00%) | loss: 3.791454 | lrm: 0.91 | dt: 165.24ms | tok/sec: 396,620 | bf16_mfu: 30.47 | epoch: 1 pq: 0 rg: 77 | total time: 1.65m | eta: 2.4m
step 00616/01500 (41.07%) | loss: 3.802581 | lrm: 0.91 | dt: 164.67ms | tok/sec: 397,982 | bf16_mfu: 30.57 | epoch: 1 pq: 0 rg: 77 | total time: 1.66m | eta: 2.4m
step 00617/01500 (41.13%) | loss: 3.823205 | lrm: 0.91 | dt: 162.75ms | tok/sec: 402,688 | bf16_mfu: 30.93 | epoch: 1 pq: 0 rg: 78 | total time: 1.66m | eta: 2.4m
step 00618/01500 (41.20%) | loss: 3.833760 | lrm: 0.91 | dt: 163.75ms | tok/sec: 400,211 | bf16_mfu: 30.74 | epoch: 1 pq: 0 rg: 78 | total time: 1.66m | eta: 2.4m
step 00619/01500 (41.27%) | loss: 3.834218 | lrm: 0.91 | dt: 163.73ms | tok/sec: 400,273 | bf16_mfu: 30.75 | epoch: 1 pq: 0 rg: 78 | total time: 1.66m | eta: 2.4m
step 00620/01500 (41.33%) | loss: 3.836487 | lrm: 0.91 | dt: 164.35ms | tok/sec: 398,749 | bf16_mfu: 30.63 | epoch: 1 pq: 0 rg: 78 | total time: 1.67m | eta: 2.4m
step 00621/01500 (41.40%) | loss: 3.832999 | lrm: 0.91 | dt: 163.70ms | tok/sec: 400,334 | bf16_mfu: 30.75 | epoch: 1 pq: 0 rg: 78 | total time: 1.67m | eta: 2.4m
step 00622/01500 (41.47%) | loss: 3.832666 | lrm: 0.91 | dt: 163.98ms | tok/sec: 399,669 | bf16_mfu: 30.70 | epoch: 1 pq: 0 rg: 78 | total time: 1.67m | eta: 2.4m
step 00623/01500 (41.53%) | loss: 3.828059 | lrm: 0.90 | dt: 163.30ms | tok/sec: 401,321 | bf16_mfu: 30.83 | epoch: 1 pq: 0 rg: 78 | total time: 1.68m | eta: 2.4m
step 00624/01500 (41.60%) | loss: 3.830229 | lrm: 0.90 | dt: 164.58ms | tok/sec: 398,206 | bf16_mfu: 30.59 | epoch: 1 pq: 0 rg: 78 | total time: 1.68m | eta: 2.4m
step 00625/01500 (41.67%) | loss: 3.830648 | lrm: 0.90 | dt: 163.30ms | tok/sec: 401,326 | bf16_mfu: 30.83 | epoch: 1 pq: 0 rg: 79 | total time: 1.68m | eta: 2.4m
step 00626/01500 (41.73%) | loss: 3.828798 | lrm: 0.90 | dt: 163.14ms | tok/sec: 401,711 | bf16_mfu: 30.86 | epoch: 1 pq: 0 rg: 79 | total time: 1.68m | eta: 2.4m
step 00627/01500 (41.80%) | loss: 3.820145 | lrm: 0.90 | dt: 162.70ms | tok/sec: 402,799 | bf16_mfu: 30.94 | epoch: 1 pq: 0 rg: 79 | total time: 1.69m | eta: 2.4m
step 00628/01500 (41.87%) | loss: 3.797020 | lrm: 0.90 | dt: 164.28ms | tok/sec: 398,925 | bf16_mfu: 30.64 | epoch: 1 pq: 0 rg: 79 | total time: 1.69m | eta: 2.4m
step 00629/01500 (41.93%) | loss: 3.771271 | lrm: 0.90 | dt: 164.52ms | tok/sec: 398,343 | bf16_mfu: 30.60 | epoch: 1 pq: 0 rg: 79 | total time: 1.69m | eta: 2.4m
step 00630/01500 (42.00%) | loss: 3.768114 | lrm: 0.90 | dt: 164.51ms | tok/sec: 398,374 | bf16_mfu: 30.60 | epoch: 1 pq: 0 rg: 79 | total time: 1.69m | eta: 2.4m
step 00631/01500 (42.07%) | loss: 3.763005 | lrm: 0.90 | dt: 162.95ms | tok/sec: 402,192 | bf16_mfu: 30.89 | epoch: 1 pq: 0 rg: 79 | total time: 1.70m | eta: 2.4m
step 00632/01500 (42.13%) | loss: 3.761348 | lrm: 0.90 | dt: 161.74ms | tok/sec: 405,190 | bf16_mfu: 31.12 | epoch: 1 pq: 0 rg: 79 | total time: 1.70m | eta: 2.4m
step 00633/01500 (42.20%) | loss: 3.753583 | lrm: 0.89 | dt: 163.61ms | tok/sec: 400,559 | bf16_mfu: 30.77 | epoch: 1 pq: 0 rg: 80 | total time: 1.70m | eta: 2.4m
step 00634/01500 (42.27%) | loss: 3.741765 | lrm: 0.89 | dt: 165.54ms | tok/sec: 395,889 | bf16_mfu: 30.41 | epoch: 1 pq: 0 rg: 80 | total time: 1.71m | eta: 2.4m
step 00635/01500 (42.33%) | loss: 3.733003 | lrm: 0.89 | dt: 164.77ms | tok/sec: 397,754 | bf16_mfu: 30.55 | epoch: 1 pq: 0 rg: 80 | total time: 1.71m | eta: 2.4m
step 00636/01500 (42.40%) | loss: 3.749420 | lrm: 0.89 | dt: 162.79ms | tok/sec: 402,569 | bf16_mfu: 30.92 | epoch: 1 pq: 0 rg: 80 | total time: 1.71m | eta: 2.4m
step 00637/01500 (42.47%) | loss: 3.734032 | lrm: 0.89 | dt: 163.17ms | tok/sec: 401,645 | bf16_mfu: 30.85 | epoch: 1 pq: 0 rg: 80 | total time: 1.71m | eta: 2.4m
step 00638/01500 (42.53%) | loss: 3.735249 | lrm: 0.89 | dt: 163.80ms | tok/sec: 400,101 | bf16_mfu: 30.73 | epoch: 1 pq: 0 rg: 80 | total time: 1.72m | eta: 2.4m
step 00639/01500 (42.60%) | loss: 3.725341 | lrm: 0.89 | dt: 163.10ms | tok/sec: 401,813 | bf16_mfu: 30.87 | epoch: 1 pq: 0 rg: 80 | total time: 1.72m | eta: 2.4m
step 00640/01500 (42.67%) | loss: 3.728679 | lrm: 0.89 | dt: 165.26ms | tok/sec: 396,565 | bf16_mfu: 30.46 | epoch: 1 pq: 0 rg: 80 | total time: 1.72m | eta: 2.4m
step 00641/01500 (42.73%) | loss: 3.734494 | lrm: 0.89 | dt: 164.58ms | tok/sec: 398,205 | bf16_mfu: 30.59 | epoch: 1 pq: 0 rg: 81 | total time: 1.72m | eta: 2.3m
step 00642/01500 (42.80%) | loss: 3.723423 | lrm: 0.89 | dt: 162.79ms | tok/sec: 402,577 | bf16_mfu: 30.92 | epoch: 1 pq: 0 rg: 81 | total time: 1.73m | eta: 2.3m
step 00643/01500 (42.87%) | loss: 3.707239 | lrm: 0.89 | dt: 164.07ms | tok/sec: 399,443 | bf16_mfu: 30.68 | epoch: 1 pq: 0 rg: 81 | total time: 1.73m | eta: 2.3m
step 00644/01500 (42.93%) | loss: 3.704939 | lrm: 0.88 | dt: 162.60ms | tok/sec: 403,055 | bf16_mfu: 30.96 | epoch: 1 pq: 0 rg: 81 | total time: 1.73m | eta: 2.3m
step 00645/01500 (43.00%) | loss: 3.707522 | lrm: 0.88 | dt: 164.28ms | tok/sec: 398,933 | bf16_mfu: 30.64 | epoch: 1 pq: 0 rg: 81 | total time: 1.74m | eta: 2.3m
step 00646/01500 (43.07%) | loss: 3.706782 | lrm: 0.88 | dt: 163.65ms | tok/sec: 400,468 | bf16_mfu: 30.76 | epoch: 1 pq: 0 rg: 81 | total time: 1.74m | eta: 2.3m
step 00647/01500 (43.13%) | loss: 3.698407 | lrm: 0.88 | dt: 162.86ms | tok/sec: 402,416 | bf16_mfu: 30.91 | epoch: 1 pq: 0 rg: 81 | total time: 1.74m | eta: 2.3m
step 00648/01500 (43.20%) | loss: 3.693513 | lrm: 0.88 | dt: 163.06ms | tok/sec: 401,908 | bf16_mfu: 30.87 | epoch: 1 pq: 0 rg: 81 | total time: 1.74m | eta: 2.3m
step 00649/01500 (43.27%) | loss: 3.689513 | lrm: 0.88 | dt: 163.57ms | tok/sec: 400,650 | bf16_mfu: 30.78 | epoch: 1 pq: 0 rg: 82 | total time: 1.75m | eta: 2.3m
step 00650/01500 (43.33%) | loss: 3.668444 | lrm: 0.88 | dt: 164.15ms | tok/sec: 399,256 | bf16_mfu: 30.67 | epoch: 1 pq: 0 rg: 82 | total time: 1.75m | eta: 2.3m
step 00651/01500 (43.40%) | loss: 3.678598 | lrm: 0.88 | dt: 164.04ms | tok/sec: 399,507 | bf16_mfu: 30.69 | epoch: 1 pq: 0 rg: 82 | total time: 1.75m | eta: 2.3m
step 00652/01500 (43.47%) | loss: 3.692548 | lrm: 0.88 | dt: 163.01ms | tok/sec: 402,038 | bf16_mfu: 30.88 | epoch: 1 pq: 0 rg: 82 | total time: 1.75m | eta: 2.3m
step 00653/01500 (43.53%) | loss: 3.694505 | lrm: 0.88 | dt: 163.44ms | tok/sec: 400,979 | bf16_mfu: 30.80 | epoch: 1 pq: 0 rg: 82 | total time: 1.76m | eta: 2.3m
step 00654/01500 (43.60%) | loss: 3.683352 | lrm: 0.87 | dt: 164.49ms | tok/sec: 398,410 | bf16_mfu: 30.60 | epoch: 1 pq: 0 rg: 82 | total time: 1.76m | eta: 2.3m
step 00655/01500 (43.67%) | loss: 3.676360 | lrm: 0.87 | dt: 163.21ms | tok/sec: 401,554 | bf16_mfu: 30.85 | epoch: 1 pq: 0 rg: 82 | total time: 1.76m | eta: 2.3m
step 00656/01500 (43.73%) | loss: 3.688761 | lrm: 0.87 | dt: 165.15ms | tok/sec: 396,835 | bf16_mfu: 30.48 | epoch: 1 pq: 0 rg: 82 | total time: 1.77m | eta: 2.3m
step 00657/01500 (43.80%) | loss: 3.700064 | lrm: 0.87 | dt: 163.75ms | tok/sec: 400,224 | bf16_mfu: 30.74 | epoch: 1 pq: 0 rg: 82 | total time: 1.77m | eta: 2.3m
step 00658/01500 (43.87%) | loss: 3.711278 | lrm: 0.87 | dt: 162.08ms | tok/sec: 404,346 | bf16_mfu: 31.06 | epoch: 1 pq: 0 rg: 83 | total time: 1.77m | eta: 2.3m
step 00659/01500 (43.93%) | loss: 3.718491 | lrm: 0.87 | dt: 162.70ms | tok/sec: 402,795 | bf16_mfu: 30.94 | epoch: 1 pq: 0 rg: 83 | total time: 1.77m | eta: 2.3m
step 00660/01500 (44.00%) | loss: 3.738599 | lrm: 0.87 | dt: 163.00ms | tok/sec: 402,052 | bf16_mfu: 30.88 | epoch: 1 pq: 0 rg: 83 | total time: 1.78m | eta: 2.3m
step 00661/01500 (44.07%) | loss: 3.769692 | lrm: 0.87 | dt: 163.93ms | tok/sec: 399,786 | bf16_mfu: 30.71 | epoch: 1 pq: 0 rg: 83 | total time: 1.78m | eta: 2.3m
step 00662/01500 (44.13%) | loss: 3.769472 | lrm: 0.87 | dt: 165.02ms | tok/sec: 397,138 | bf16_mfu: 30.51 | epoch: 1 pq: 0 rg: 83 | total time: 1.78m | eta: 2.3m
step 00663/01500 (44.20%) | loss: 3.765317 | lrm: 0.87 | dt: 162.90ms | tok/sec: 402,307 | bf16_mfu: 30.90 | epoch: 1 pq: 0 rg: 83 | total time: 1.78m | eta: 2.3m
step 00664/01500 (44.27%) | loss: 3.759097 | lrm: 0.86 | dt: 163.98ms | tok/sec: 399,651 | bf16_mfu: 30.70 | epoch: 1 pq: 0 rg: 83 | total time: 1.79m | eta: 2.3m
step 00665/01500 (44.33%) | loss: 3.758677 | lrm: 0.86 | dt: 163.67ms | tok/sec: 400,404 | bf16_mfu: 30.76 | epoch: 1 pq: 0 rg: 83 | total time: 1.79m | eta: 2.3m
step 00666/01500 (44.40%) | loss: 3.747311 | lrm: 0.86 | dt: 164.37ms | tok/sec: 398,699 | bf16_mfu: 30.63 | epoch: 1 pq: 1 rg: 0 | total time: 1.79m | eta: 2.3m
step 00667/01500 (44.47%) | loss: 3.746879 | lrm: 0.86 | dt: 165.60ms | tok/sec: 395,760 | bf16_mfu: 30.40 | epoch: 1 pq: 1 rg: 0 | total time: 1.80m | eta: 2.3m
step 00668/01500 (44.53%) | loss: 3.749790 | lrm: 0.86 | dt: 163.77ms | tok/sec: 400,168 | bf16_mfu: 30.74 | epoch: 1 pq: 1 rg: 0 | total time: 1.80m | eta: 2.3m
step 00669/01500 (44.60%) | loss: 3.749711 | lrm: 0.86 | dt: 164.01ms | tok/sec: 399,585 | bf16_mfu: 30.69 | epoch: 1 pq: 1 rg: 0 | total time: 1.80m | eta: 2.3m
step 00670/01500 (44.67%) | loss: 3.735031 | lrm: 0.86 | dt: 164.13ms | tok/sec: 399,302 | bf16_mfu: 30.67 | epoch: 1 pq: 1 rg: 0 | total time: 1.80m | eta: 2.3m
step 00671/01500 (44.73%) | loss: 3.727885 | lrm: 0.86 | dt: 164.36ms | tok/sec: 398,729 | bf16_mfu: 30.63 | epoch: 1 pq: 1 rg: 0 | total time: 1.81m | eta: 2.3m
step 00672/01500 (44.80%) | loss: 3.729528 | lrm: 0.86 | dt: 163.76ms | tok/sec: 400,199 | bf16_mfu: 30.74 | epoch: 1 pq: 1 rg: 0 | total time: 1.81m | eta: 2.3m
step 00673/01500 (44.87%) | loss: 3.735875 | lrm: 0.86 | dt: 163.98ms | tok/sec: 399,646 | bf16_mfu: 30.70 | epoch: 1 pq: 1 rg: 0 | total time: 1.81m | eta: 2.3m
step 00674/01500 (44.93%) | loss: 3.734270 | lrm: 0.85 | dt: 162.34ms | tok/sec: 403,686 | bf16_mfu: 31.01 | epoch: 1 pq: 1 rg: 1 | total time: 1.81m | eta: 2.3m
step 00675/01500 (45.00%) | loss: 3.720925 | lrm: 0.85 | dt: 163.78ms | tok/sec: 400,155 | bf16_mfu: 30.74 | epoch: 1 pq: 1 rg: 1 | total time: 1.82m | eta: 2.3m
step 00676/01500 (45.07%) | loss: 3.716800 | lrm: 0.85 | dt: 164.64ms | tok/sec: 398,045 | bf16_mfu: 30.58 | epoch: 1 pq: 1 rg: 1 | total time: 1.82m | eta: 2.3m
step 00677/01500 (45.13%) | loss: 3.715227 | lrm: 0.85 | dt: 164.50ms | tok/sec: 398,402 | bf16_mfu: 30.60 | epoch: 1 pq: 1 rg: 1 | total time: 1.82m | eta: 2.2m
step 00678/01500 (45.20%) | loss: 3.710497 | lrm: 0.85 | dt: 163.24ms | tok/sec: 401,479 | bf16_mfu: 30.84 | epoch: 1 pq: 1 rg: 1 | total time: 1.83m | eta: 2.2m
step 00679/01500 (45.27%) | loss: 3.709320 | lrm: 0.85 | dt: 166.28ms | tok/sec: 394,139 | bf16_mfu: 30.28 | epoch: 1 pq: 1 rg: 1 | total time: 1.83m | eta: 2.2m
step 00680/01500 (45.33%) | loss: 3.708562 | lrm: 0.85 | dt: 162.03ms | tok/sec: 404,477 | bf16_mfu: 31.07 | epoch: 1 pq: 1 rg: 1 | total time: 1.83m | eta: 2.2m
step 00681/01500 (45.40%) | loss: 3.699772 | lrm: 0.85 | dt: 165.33ms | tok/sec: 396,394 | bf16_mfu: 30.45 | epoch: 1 pq: 1 rg: 1 | total time: 1.83m | eta: 2.2m
step 00682/01500 (45.47%) | loss: 3.683144 | lrm: 0.85 | dt: 163.53ms | tok/sec: 400,763 | bf16_mfu: 30.78 | epoch: 1 pq: 1 rg: 2 | total time: 1.84m | eta: 2.2m
step 00683/01500 (45.53%) | loss: 3.680982 | lrm: 0.85 | dt: 162.58ms | tok/sec: 403,094 | bf16_mfu: 30.96 | epoch: 1 pq: 1 rg: 2 | total time: 1.84m | eta: 2.2m
step 00684/01500 (45.60%) | loss: 3.687939 | lrm: 0.85 | dt: 165.47ms | tok/sec: 396,053 | bf16_mfu: 30.42 | epoch: 1 pq: 1 rg: 2 | total time: 1.84m | eta: 2.2m
step 00685/01500 (45.67%) | loss: 3.689640 | lrm: 0.84 | dt: 165.79ms | tok/sec: 395,293 | bf16_mfu: 30.36 | epoch: 1 pq: 1 rg: 2 | total time: 1.84m | eta: 2.2m
step 00686/01500 (45.73%) | loss: 3.698140 | lrm: 0.84 | dt: 164.43ms | tok/sec: 398,560 | bf16_mfu: 30.62 | epoch: 1 pq: 1 rg: 2 | total time: 1.85m | eta: 2.2m
step 00687/01500 (45.80%) | loss: 3.687143 | lrm: 0.84 | dt: 163.39ms | tok/sec: 401,103 | bf16_mfu: 30.81 | epoch: 1 pq: 1 rg: 2 | total time: 1.85m | eta: 2.2m
step 00688/01500 (45.87%) | loss: 3.692367 | lrm: 0.84 | dt: 163.12ms | tok/sec: 401,772 | bf16_mfu: 30.86 | epoch: 1 pq: 1 rg: 2 | total time: 1.85m | eta: 2.2m
step 00689/01500 (45.93%) | loss: 3.704591 | lrm: 0.84 | dt: 163.32ms | tok/sec: 401,283 | bf16_mfu: 30.82 | epoch: 1 pq: 1 rg: 2 | total time: 1.86m | eta: 2.2m
step 00690/01500 (46.00%) | loss: 3.699647 | lrm: 0.84 | dt: 165.70ms | tok/sec: 395,507 | bf16_mfu: 30.38 | epoch: 1 pq: 1 rg: 3 | total time: 1.86m | eta: 2.2m
step 00691/01500 (46.07%) | loss: 3.697916 | lrm: 0.84 | dt: 163.65ms | tok/sec: 400,474 | bf16_mfu: 30.76 | epoch: 1 pq: 1 rg: 3 | total time: 1.86m | eta: 2.2m
step 00692/01500 (46.13%) | loss: 3.698650 | lrm: 0.84 | dt: 163.65ms | tok/sec: 400,464 | bf16_mfu: 30.76 | epoch: 1 pq: 1 rg: 3 | total time: 1.86m | eta: 2.2m
step 00693/01500 (46.20%) | loss: 3.704418 | lrm: 0.84 | dt: 163.65ms | tok/sec: 400,471 | bf16_mfu: 30.76 | epoch: 1 pq: 1 rg: 3 | total time: 1.87m | eta: 2.2m
step 00694/01500 (46.27%) | loss: 3.717360 | lrm: 0.84 | dt: 163.24ms | tok/sec: 401,469 | bf16_mfu: 30.84 | epoch: 1 pq: 1 rg: 3 | total time: 1.87m | eta: 2.2m
step 00695/01500 (46.33%) | loss: 3.706772 | lrm: 0.83 | dt: 165.24ms | tok/sec: 396,611 | bf16_mfu: 30.47 | epoch: 1 pq: 1 rg: 3 | total time: 1.87m | eta: 2.2m
step 00696/01500 (46.40%) | loss: 3.701345 | lrm: 0.83 | dt: 163.97ms | tok/sec: 399,687 | bf16_mfu: 30.70 | epoch: 1 pq: 1 rg: 3 | total time: 1.87m | eta: 2.2m
step 00697/01500 (46.47%) | loss: 3.693277 | lrm: 0.83 | dt: 163.16ms | tok/sec: 401,665 | bf16_mfu: 30.85 | epoch: 1 pq: 1 rg: 3 | total time: 1.88m | eta: 2.2m
step 00698/01500 (46.53%) | loss: 3.671343 | lrm: 0.83 | dt: 163.94ms | tok/sec: 399,763 | bf16_mfu: 30.71 | epoch: 1 pq: 1 rg: 3 | total time: 1.88m | eta: 2.2m
step 00699/01500 (46.60%) | loss: 3.675808 | lrm: 0.83 | dt: 163.71ms | tok/sec: 400,328 | bf16_mfu: 30.75 | epoch: 1 pq: 1 rg: 4 | total time: 1.88m | eta: 2.2m
step 00700/01500 (46.67%) | loss: 3.684760 | lrm: 0.83 | dt: 164.50ms | tok/sec: 398,392 | bf16_mfu: 30.60 | epoch: 1 pq: 1 rg: 4 | total time: 1.89m | eta: 2.2m
step 00701/01500 (46.73%) | loss: 3.680738 | lrm: 0.83 | dt: 164.59ms | tok/sec: 398,188 | bf16_mfu: 30.59 | epoch: 1 pq: 1 rg: 4 | total time: 1.89m | eta: 2.2m
step 00702/01500 (46.80%) | loss: 3.698625 | lrm: 0.83 | dt: 163.04ms | tok/sec: 401,969 | bf16_mfu: 30.88 | epoch: 1 pq: 1 rg: 4 | total time: 1.89m | eta: 2.2m
step 00703/01500 (46.87%) | loss: 3.696372 | lrm: 0.83 | dt: 163.26ms | tok/sec: 401,421 | bf16_mfu: 30.84 | epoch: 1 pq: 1 rg: 4 | total time: 1.89m | eta: 2.2m
step 00704/01500 (46.93%) | loss: 3.687963 | lrm: 0.83 | dt: 164.06ms | tok/sec: 399,470 | bf16_mfu: 30.69 | epoch: 1 pq: 1 rg: 4 | total time: 1.90m | eta: 2.2m
step 00705/01500 (47.00%) | loss: 3.692058 | lrm: 0.82 | dt: 163.59ms | tok/sec: 400,617 | bf16_mfu: 30.77 | epoch: 1 pq: 1 rg: 4 | total time: 1.90m | eta: 2.2m
step 00706/01500 (47.07%) | loss: 3.692676 | lrm: 0.82 | dt: 164.47ms | tok/sec: 398,472 | bf16_mfu: 30.61 | epoch: 1 pq: 1 rg: 4 | total time: 1.90m | eta: 2.2m
step 00707/01500 (47.13%) | loss: 3.685319 | lrm: 0.82 | dt: 162.50ms | tok/sec: 403,288 | bf16_mfu: 30.98 | epoch: 1 pq: 1 rg: 5 | total time: 1.90m | eta: 2.2m
step 00708/01500 (47.20%) | loss: 3.684689 | lrm: 0.82 | dt: 162.75ms | tok/sec: 402,682 | bf16_mfu: 30.93 | epoch: 1 pq: 1 rg: 5 | total time: 1.91m | eta: 2.2m
step 00709/01500 (47.27%) | loss: 3.681457 | lrm: 0.82 | dt: 163.69ms | tok/sec: 400,356 | bf16_mfu: 30.75 | epoch: 1 pq: 1 rg: 5 | total time: 1.91m | eta: 2.2m
step 00710/01500 (47.33%) | loss: 3.684711 | lrm: 0.82 | dt: 163.31ms | tok/sec: 401,286 | bf16_mfu: 30.82 | epoch: 1 pq: 1 rg: 5 | total time: 1.91m | eta: 2.2m
step 00711/01500 (47.40%) | loss: 3.672430 | lrm: 0.82 | dt: 165.08ms | tok/sec: 396,994 | bf16_mfu: 30.49 | epoch: 1 pq: 1 rg: 5 | total time: 1.92m | eta: 2.2m
step 00712/01500 (47.47%) | loss: 3.674347 | lrm: 0.82 | dt: 163.86ms | tok/sec: 399,957 | bf16_mfu: 30.72 | epoch: 1 pq: 1 rg: 5 | total time: 1.92m | eta: 2.2m
step 00713/01500 (47.53%) | loss: 3.669861 | lrm: 0.82 | dt: 163.12ms | tok/sec: 401,756 | bf16_mfu: 30.86 | epoch: 1 pq: 1 rg: 5 | total time: 1.92m | eta: 2.2m
step 00714/01500 (47.60%) | loss: 3.653568 | lrm: 0.82 | dt: 164.05ms | tok/sec: 399,477 | bf16_mfu: 30.69 | epoch: 1 pq: 1 rg: 5 | total time: 1.92m | eta: 2.1m
step 00715/01500 (47.67%) | loss: 3.639711 | lrm: 0.81 | dt: 163.38ms | tok/sec: 401,127 | bf16_mfu: 30.81 | epoch: 1 pq: 1 rg: 6 | total time: 1.93m | eta: 2.1m
step 00716/01500 (47.73%) | loss: 3.632775 | lrm: 0.81 | dt: 164.72ms | tok/sec: 397,874 | bf16_mfu: 30.56 | epoch: 1 pq: 1 rg: 6 | total time: 1.93m | eta: 2.1m
step 00717/01500 (47.80%) | loss: 3.631676 | lrm: 0.81 | dt: 164.12ms | tok/sec: 399,318 | bf16_mfu: 30.67 | epoch: 1 pq: 1 rg: 6 | total time: 1.93m | eta: 2.1m
step 00718/01500 (47.87%) | loss: 3.625763 | lrm: 0.81 | dt: 163.58ms | tok/sec: 400,625 | bf16_mfu: 30.77 | epoch: 1 pq: 1 rg: 6 | total time: 1.93m | eta: 2.1m
step 00719/01500 (47.93%) | loss: 3.625801 | lrm: 0.81 | dt: 163.88ms | tok/sec: 399,899 | bf16_mfu: 30.72 | epoch: 1 pq: 1 rg: 6 | total time: 1.94m | eta: 2.1m
step 00720/01500 (48.00%) | loss: 3.626884 | lrm: 0.81 | dt: 164.06ms | tok/sec: 399,462 | bf16_mfu: 30.68 | epoch: 1 pq: 1 rg: 6 | total time: 1.94m | eta: 2.1m
step 00721/01500 (48.07%) | loss: 3.620489 | lrm: 0.81 | dt: 165.26ms | tok/sec: 396,552 | bf16_mfu: 30.46 | epoch: 1 pq: 1 rg: 6 | total time: 1.94m | eta: 2.1m
step 00722/01500 (48.13%) | loss: 3.614694 | lrm: 0.81 | dt: 162.87ms | tok/sec: 402,373 | bf16_mfu: 30.91 | epoch: 1 pq: 1 rg: 6 | total time: 1.95m | eta: 2.1m
step 00723/01500 (48.20%) | loss: 3.618555 | lrm: 0.81 | dt: 164.94ms | tok/sec: 397,334 | bf16_mfu: 30.52 | epoch: 1 pq: 1 rg: 7 | total time: 1.95m | eta: 2.1m
step 00724/01500 (48.27%) | loss: 3.609055 | lrm: 0.81 | dt: 162.55ms | tok/sec: 403,182 | bf16_mfu: 30.97 | epoch: 1 pq: 1 rg: 7 | total time: 1.95m | eta: 2.1m
step 00725/01500 (48.33%) | loss: 3.624406 | lrm: 0.81 | dt: 163.55ms | tok/sec: 400,703 | bf16_mfu: 30.78 | epoch: 1 pq: 1 rg: 7 | total time: 1.95m | eta: 2.1m
step 00726/01500 (48.40%) | loss: 3.625743 | lrm: 0.80 | dt: 166.55ms | tok/sec: 393,480 | bf16_mfu: 30.23 | epoch: 1 pq: 1 rg: 7 | total time: 1.96m | eta: 2.1m
step 00727/01500 (48.47%) | loss: 3.625924 | lrm: 0.80 | dt: 162.53ms | tok/sec: 403,230 | bf16_mfu: 30.97 | epoch: 1 pq: 1 rg: 7 | total time: 1.96m | eta: 2.1m
step 00728/01500 (48.53%) | loss: 3.626317 | lrm: 0.80 | dt: 163.49ms | tok/sec: 400,868 | bf16_mfu: 30.79 | epoch: 1 pq: 1 rg: 7 | total time: 1.96m | eta: 2.1m
step 00729/01500 (48.60%) | loss: 3.641831 | lrm: 0.80 | dt: 164.34ms | tok/sec: 398,773 | bf16_mfu: 30.63 | epoch: 1 pq: 1 rg: 7 | total time: 1.96m | eta: 2.1m
step 00730/01500 (48.67%) | loss: 3.637682 | lrm: 0.80 | dt: 164.37ms | tok/sec: 398,700 | bf16_mfu: 30.63 | epoch: 1 pq: 1 rg: 7 | total time: 1.97m | eta: 2.1m
step 00731/01500 (48.73%) | loss: 3.629402 | lrm: 0.80 | dt: 164.71ms | tok/sec: 397,885 | bf16_mfu: 30.56 | epoch: 1 pq: 1 rg: 7 | total time: 1.97m | eta: 2.1m
step 00732/01500 (48.80%) | loss: 3.623018 | lrm: 0.80 | dt: 162.27ms | tok/sec: 403,862 | bf16_mfu: 31.02 | epoch: 1 pq: 1 rg: 8 | total time: 1.97m | eta: 2.1m
step 00733/01500 (48.87%) | loss: 3.601252 | lrm: 0.80 | dt: 161.96ms | tok/sec: 404,647 | bf16_mfu: 31.08 | epoch: 1 pq: 1 rg: 8 | total time: 1.98m | eta: 2.1m
step 00734/01500 (48.93%) | loss: 3.617911 | lrm: 0.80 | dt: 163.20ms | tok/sec: 401,572 | bf16_mfu: 30.85 | epoch: 1 pq: 1 rg: 8 | total time: 1.98m | eta: 2.1m
step 00735/01500 (49.00%) | loss: 3.609038 | lrm: 0.80 | dt: 164.00ms | tok/sec: 399,599 | bf16_mfu: 30.70 | epoch: 1 pq: 1 rg: 8 | total time: 1.98m | eta: 2.1m
step 00736/01500 (49.07%) | loss: 3.593192 | lrm: 0.79 | dt: 164.35ms | tok/sec: 398,770 | bf16_mfu: 30.63 | epoch: 1 pq: 1 rg: 8 | total time: 1.98m | eta: 2.1m
step 00737/01500 (49.13%) | loss: 3.589974 | lrm: 0.79 | dt: 165.18ms | tok/sec: 396,766 | bf16_mfu: 30.48 | epoch: 1 pq: 1 rg: 8 | total time: 1.99m | eta: 2.1m
step 00738/01500 (49.20%) | loss: 3.596666 | lrm: 0.79 | dt: 162.55ms | tok/sec: 403,169 | bf16_mfu: 30.97 | epoch: 1 pq: 1 rg: 8 | total time: 1.99m | eta: 2.1m
step 00739/01500 (49.27%) | loss: 3.621269 | lrm: 0.79 | dt: 164.35ms | tok/sec: 398,747 | bf16_mfu: 30.63 | epoch: 1 pq: 1 rg: 8 | total time: 1.99m | eta: 2.1m
step 00740/01500 (49.33%) | loss: 3.621352 | lrm: 0.79 | dt: 163.71ms | tok/sec: 400,306 | bf16_mfu: 30.75 | epoch: 1 pq: 1 rg: 9 | total time: 1.99m | eta: 2.1m
step 00741/01500 (49.40%) | loss: 3.638166 | lrm: 0.79 | dt: 163.55ms | tok/sec: 400,704 | bf16_mfu: 30.78 | epoch: 1 pq: 1 rg: 9 | total time: 2.00m | eta: 2.1m
step 00742/01500 (49.47%) | loss: 3.628168 | lrm: 0.79 | dt: 164.24ms | tok/sec: 399,027 | bf16_mfu: 30.65 | epoch: 1 pq: 1 rg: 9 | total time: 2.00m | eta: 2.1m
step 00743/01500 (49.53%) | loss: 3.638726 | lrm: 0.79 | dt: 163.99ms | tok/sec: 399,639 | bf16_mfu: 30.70 | epoch: 1 pq: 1 rg: 9 | total time: 2.00m | eta: 2.1m
step 00744/01500 (49.60%) | loss: 3.657336 | lrm: 0.79 | dt: 163.23ms | tok/sec: 401,495 | bf16_mfu: 30.84 | epoch: 1 pq: 1 rg: 9 | total time: 2.01m | eta: 2.1m
step 00745/01500 (49.67%) | loss: 3.658162 | lrm: 0.79 | dt: 163.92ms | tok/sec: 399,814 | bf16_mfu: 30.71 | epoch: 1 pq: 1 rg: 9 | total time: 2.01m | eta: 2.1m
step 00746/01500 (49.73%) | loss: 3.669557 | lrm: 0.78 | dt: 165.03ms | tok/sec: 397,105 | bf16_mfu: 30.50 | epoch: 1 pq: 1 rg: 9 | total time: 2.01m | eta: 2.1m
step 00747/01500 (49.80%) | loss: 3.649132 | lrm: 0.78 | dt: 163.94ms | tok/sec: 399,757 | bf16_mfu: 30.71 | epoch: 1 pq: 1 rg: 9 | total time: 2.01m | eta: 2.1m
step 00748/01500 (49.87%) | loss: 3.641983 | lrm: 0.78 | dt: 163.18ms | tok/sec: 401,625 | bf16_mfu: 30.85 | epoch: 1 pq: 1 rg: 10 | total time: 2.02m | eta: 2.1m
step 00749/01500 (49.93%) | loss: 3.640156 | lrm: 0.78 | dt: 163.78ms | tok/sec: 400,141 | bf16_mfu: 30.74 | epoch: 1 pq: 1 rg: 10 | total time: 2.02m | eta: 2.1m
step 00750/01500 (50.00%) | loss: 3.644304 | lrm: 0.78 | dt: 163.90ms | tok/sec: 399,848 | bf16_mfu: 30.71 | epoch: 1 pq: 1 rg: 10 | total time: 2.02m | eta: 2.0m
step 00751/01500 (50.07%) | loss: 3.654047 | lrm: 0.78 | dt: 163.92ms | tok/sec: 399,814 | bf16_mfu: 30.71 | epoch: 1 pq: 1 rg: 10 | total time: 2.02m | eta: 2.0m
step 00752/01500 (50.13%) | loss: 3.645929 | lrm: 0.78 | dt: 163.42ms | tok/sec: 401,024 | bf16_mfu: 30.80 | epoch: 1 pq: 1 rg: 10 | total time: 2.03m | eta: 2.0m
step 00753/01500 (50.20%) | loss: 3.643518 | lrm: 0.78 | dt: 163.23ms | tok/sec: 401,493 | bf16_mfu: 30.84 | epoch: 1 pq: 1 rg: 10 | total time: 2.03m | eta: 2.0m
step 00754/01500 (50.27%) | loss: 3.640119 | lrm: 0.78 | dt: 163.38ms | tok/sec: 401,122 | bf16_mfu: 30.81 | epoch: 1 pq: 1 rg: 10 | total time: 2.03m | eta: 2.0m
step 00755/01500 (50.33%) | loss: 3.629886 | lrm: 0.78 | dt: 163.36ms | tok/sec: 401,171 | bf16_mfu: 30.82 | epoch: 1 pq: 1 rg: 10 | total time: 2.04m | eta: 2.0m
step 00756/01500 (50.40%) | loss: 3.630493 | lrm: 0.77 | dt: 164.83ms | tok/sec: 397,589 | bf16_mfu: 30.54 | epoch: 1 pq: 1 rg: 11 | total time: 2.04m | eta: 2.0m
step 00757/01500 (50.47%) | loss: 3.631098 | lrm: 0.77 | dt: 165.45ms | tok/sec: 396,102 | bf16_mfu: 30.43 | epoch: 1 pq: 1 rg: 11 | total time: 2.04m | eta: 2.0m
step 00758/01500 (50.53%) | loss: 3.645843 | lrm: 0.77 | dt: 162.70ms | tok/sec: 402,814 | bf16_mfu: 30.94 | epoch: 1 pq: 1 rg: 11 | total time: 2.04m | eta: 2.0m
step 00759/01500 (50.60%) | loss: 3.645758 | lrm: 0.77 | dt: 162.62ms | tok/sec: 402,995 | bf16_mfu: 30.96 | epoch: 1 pq: 1 rg: 11 | total time: 2.05m | eta: 2.0m
step 00760/01500 (50.67%) | loss: 3.637363 | lrm: 0.77 | dt: 163.50ms | tok/sec: 400,839 | bf16_mfu: 30.79 | epoch: 1 pq: 1 rg: 11 | total time: 2.05m | eta: 2.0m
step 00761/01500 (50.73%) | loss: 3.632719 | lrm: 0.77 | dt: 163.21ms | tok/sec: 401,554 | bf16_mfu: 30.85 | epoch: 1 pq: 1 rg: 11 | total time: 2.05m | eta: 2.0m
step 00762/01500 (50.80%) | loss: 3.645155 | lrm: 0.77 | dt: 165.10ms | tok/sec: 396,948 | bf16_mfu: 30.49 | epoch: 1 pq: 1 rg: 11 | total time: 2.05m | eta: 2.0m
step 00763/01500 (50.87%) | loss: 3.647916 | lrm: 0.77 | dt: 163.01ms | tok/sec: 402,028 | bf16_mfu: 30.88 | epoch: 1 pq: 1 rg: 11 | total time: 2.06m | eta: 2.0m
step 00764/01500 (50.93%) | loss: 3.648620 | lrm: 0.77 | dt: 163.98ms | tok/sec: 399,668 | bf16_mfu: 30.70 | epoch: 1 pq: 1 rg: 11 | total time: 2.06m | eta: 2.0m
step 00765/01500 (51.00%) | loss: 3.659894 | lrm: 0.77 | dt: 163.44ms | tok/sec: 400,988 | bf16_mfu: 30.80 | epoch: 1 pq: 1 rg: 12 | total time: 2.06m | eta: 2.0m
step 00766/01500 (51.07%) | loss: 3.673548 | lrm: 0.77 | dt: 163.20ms | tok/sec: 401,568 | bf16_mfu: 30.85 | epoch: 1 pq: 1 rg: 12 | total time: 2.07m | eta: 2.0m
step 00767/01500 (51.13%) | loss: 3.656052 | lrm: 0.76 | dt: 165.15ms | tok/sec: 396,815 | bf16_mfu: 30.48 | epoch: 1 pq: 1 rg: 12 | total time: 2.07m | eta: 2.0m
step 00768/01500 (51.20%) | loss: 3.649304 | lrm: 0.76 | dt: 164.05ms | tok/sec: 399,498 | bf16_mfu: 30.69 | epoch: 1 pq: 1 rg: 12 | total time: 2.07m | eta: 2.0m
step 00769/01500 (51.27%) | loss: 3.651099 | lrm: 0.76 | dt: 162.34ms | tok/sec: 403,693 | bf16_mfu: 31.01 | epoch: 1 pq: 1 rg: 12 | total time: 2.07m | eta: 2.0m
step 00770/01500 (51.33%) | loss: 3.655393 | lrm: 0.76 | dt: 163.11ms | tok/sec: 401,780 | bf16_mfu: 30.86 | epoch: 1 pq: 1 rg: 12 | total time: 2.08m | eta: 2.0m
step 00771/01500 (51.40%) | loss: 3.659995 | lrm: 0.76 | dt: 162.73ms | tok/sec: 402,731 | bf16_mfu: 30.94 | epoch: 1 pq: 1 rg: 12 | total time: 2.08m | eta: 2.0m
step 00772/01500 (51.47%) | loss: 3.646555 | lrm: 0.76 | dt: 163.38ms | tok/sec: 401,114 | bf16_mfu: 30.81 | epoch: 1 pq: 1 rg: 12 | total time: 2.08m | eta: 2.0m
step 00773/01500 (51.53%) | loss: 3.647601 | lrm: 0.76 | dt: 165.45ms | tok/sec: 396,109 | bf16_mfu: 30.43 | epoch: 1 pq: 1 rg: 13 | total time: 2.08m | eta: 2.0m
step 00774/01500 (51.60%) | loss: 3.650459 | lrm: 0.76 | dt: 162.94ms | tok/sec: 402,219 | bf16_mfu: 30.90 | epoch: 1 pq: 1 rg: 13 | total time: 2.09m | eta: 2.0m
step 00775/01500 (51.67%) | loss: 3.659706 | lrm: 0.76 | dt: 162.97ms | tok/sec: 402,128 | bf16_mfu: 30.89 | epoch: 1 pq: 1 rg: 13 | total time: 2.09m | eta: 2.0m
step 00776/01500 (51.73%) | loss: 3.671674 | lrm: 0.76 | dt: 163.77ms | tok/sec: 400,172 | bf16_mfu: 30.74 | epoch: 1 pq: 1 rg: 13 | total time: 2.09m | eta: 2.0m
step 00777/01500 (51.80%) | loss: 3.661893 | lrm: 0.75 | dt: 163.06ms | tok/sec: 401,906 | bf16_mfu: 30.87 | epoch: 1 pq: 1 rg: 13 | total time: 2.10m | eta: 2.0m
step 00778/01500 (51.87%) | loss: 3.652893 | lrm: 0.75 | dt: 164.73ms | tok/sec: 397,846 | bf16_mfu: 30.56 | epoch: 1 pq: 1 rg: 13 | total time: 2.10m | eta: 2.0m
step 00779/01500 (51.93%) | loss: 3.658351 | lrm: 0.75 | dt: 164.26ms | tok/sec: 398,983 | bf16_mfu: 30.65 | epoch: 1 pq: 1 rg: 13 | total time: 2.10m | eta: 2.0m
step 00780/01500 (52.00%) | loss: 3.642407 | lrm: 0.75 | dt: 163.12ms | tok/sec: 401,764 | bf16_mfu: 30.86 | epoch: 1 pq: 1 rg: 13 | total time: 2.10m | eta: 2.0m
step 00781/01500 (52.07%) | loss: 3.636257 | lrm: 0.75 | dt: 164.17ms | tok/sec: 399,185 | bf16_mfu: 30.66 | epoch: 1 pq: 1 rg: 14 | total time: 2.11m | eta: 2.0m
step 00782/01500 (52.13%) | loss: 3.629888 | lrm: 0.75 | dt: 162.53ms | tok/sec: 403,226 | bf16_mfu: 30.97 | epoch: 1 pq: 1 rg: 14 | total time: 2.11m | eta: 2.0m
step 00783/01500 (52.20%) | loss: 3.622132 | lrm: 0.75 | dt: 163.75ms | tok/sec: 400,213 | bf16_mfu: 30.74 | epoch: 1 pq: 1 rg: 14 | total time: 2.11m | eta: 2.0m
step 00784/01500 (52.27%) | loss: 3.618734 | lrm: 0.75 | dt: 164.22ms | tok/sec: 399,075 | bf16_mfu: 30.65 | epoch: 1 pq: 1 rg: 14 | total time: 2.11m | eta: 2.0m
step 00785/01500 (52.33%) | loss: 3.625948 | lrm: 0.75 | dt: 162.87ms | tok/sec: 402,380 | bf16_mfu: 30.91 | epoch: 1 pq: 1 rg: 14 | total time: 2.12m | eta: 2.0m
step 00786/01500 (52.40%) | loss: 3.629040 | lrm: 0.75 | dt: 162.80ms | tok/sec: 402,557 | bf16_mfu: 30.92 | epoch: 1 pq: 1 rg: 14 | total time: 2.12m | eta: 2.0m
step 00787/01500 (52.47%) | loss: 3.625869 | lrm: 0.74 | dt: 162.70ms | tok/sec: 402,804 | bf16_mfu: 30.94 | epoch: 1 pq: 1 rg: 14 | total time: 2.12m | eta: 1.9m
step 00788/01500 (52.53%) | loss: 3.635290 | lrm: 0.74 | dt: 163.11ms | tok/sec: 401,794 | bf16_mfu: 30.86 | epoch: 1 pq: 1 rg: 14 | total time: 2.13m | eta: 1.9m
step 00789/01500 (52.60%) | loss: 3.625525 | lrm: 0.74 | dt: 163.79ms | tok/sec: 400,121 | bf16_mfu: 30.74 | epoch: 1 pq: 1 rg: 15 | total time: 2.13m | eta: 1.9m
step 00790/01500 (52.67%) | loss: 3.620294 | lrm: 0.74 | dt: 164.20ms | tok/sec: 399,121 | bf16_mfu: 30.66 | epoch: 1 pq: 1 rg: 15 | total time: 2.13m | eta: 1.9m
step 00791/01500 (52.73%) | loss: 3.625577 | lrm: 0.74 | dt: 163.10ms | tok/sec: 401,825 | bf16_mfu: 30.87 | epoch: 1 pq: 1 rg: 15 | total time: 2.13m | eta: 1.9m
step 00792/01500 (52.80%) | loss: 3.633161 | lrm: 0.74 | dt: 163.96ms | tok/sec: 399,701 | bf16_mfu: 30.70 | epoch: 1 pq: 1 rg: 15 | total time: 2.14m | eta: 1.9m
step 00793/01500 (52.87%) | loss: 3.629329 | lrm: 0.74 | dt: 166.36ms | tok/sec: 393,939 | bf16_mfu: 30.26 | epoch: 1 pq: 1 rg: 15 | total time: 2.14m | eta: 1.9m
step 00794/01500 (52.93%) | loss: 3.614083 | lrm: 0.74 | dt: 164.42ms | tok/sec: 398,585 | bf16_mfu: 30.62 | epoch: 1 pq: 1 rg: 15 | total time: 2.14m | eta: 1.9m
step 00795/01500 (53.00%) | loss: 3.621553 | lrm: 0.74 | dt: 163.24ms | tok/sec: 401,459 | bf16_mfu: 30.84 | epoch: 1 pq: 1 rg: 15 | total time: 2.14m | eta: 1.9m
step 00796/01500 (53.07%) | loss: 3.617250 | lrm: 0.74 | dt: 162.59ms | tok/sec: 403,065 | bf16_mfu: 30.96 | epoch: 1 pq: 1 rg: 15 | total time: 2.15m | eta: 1.9m
step 00797/01500 (53.13%) | loss: 3.625703 | lrm: 0.73 | dt: 163.34ms | tok/sec: 401,212 | bf16_mfu: 30.82 | epoch: 1 pq: 1 rg: 16 | total time: 2.15m | eta: 1.9m
step 00798/01500 (53.20%) | loss: 3.601403 | lrm: 0.73 | dt: 163.42ms | tok/sec: 401,038 | bf16_mfu: 30.81 | epoch: 1 pq: 1 rg: 16 | total time: 2.15m | eta: 1.9m
step 00799/01500 (53.27%) | loss: 3.602397 | lrm: 0.73 | dt: 164.46ms | tok/sec: 398,492 | bf16_mfu: 30.61 | epoch: 1 pq: 1 rg: 16 | total time: 2.16m | eta: 1.9m
step 00800/01500 (53.33%) | loss: 3.600782 | lrm: 0.73 | dt: 165.27ms | tok/sec: 396,538 | bf16_mfu: 30.46 | epoch: 1 pq: 1 rg: 16 | total time: 2.16m | eta: 1.9m
step 00801/01500 (53.40%) | loss: 3.610630 | lrm: 0.73 | dt: 162.77ms | tok/sec: 402,634 | bf16_mfu: 30.93 | epoch: 1 pq: 1 rg: 16 | total time: 2.16m | eta: 1.9m
step 00802/01500 (53.47%) | loss: 3.609982 | lrm: 0.73 | dt: 163.00ms | tok/sec: 402,061 | bf16_mfu: 30.88 | epoch: 1 pq: 1 rg: 16 | total time: 2.16m | eta: 1.9m
step 00803/01500 (53.53%) | loss: 3.603446 | lrm: 0.73 | dt: 163.89ms | tok/sec: 399,873 | bf16_mfu: 30.72 | epoch: 1 pq: 1 rg: 16 | total time: 2.17m | eta: 1.9m
step 00804/01500 (53.60%) | loss: 3.598290 | lrm: 0.73 | dt: 165.02ms | tok/sec: 397,132 | bf16_mfu: 30.51 | epoch: 1 pq: 1 rg: 16 | total time: 2.17m | eta: 1.9m
step 00805/01500 (53.67%) | loss: 3.605713 | lrm: 0.73 | dt: 163.36ms | tok/sec: 401,172 | bf16_mfu: 30.82 | epoch: 1 pq: 1 rg: 16 | total time: 2.17m | eta: 1.9m
step 00806/01500 (53.73%) | loss: 3.613471 | lrm: 0.73 | dt: 163.25ms | tok/sec: 401,437 | bf16_mfu: 30.84 | epoch: 1 pq: 1 rg: 17 | total time: 2.17m | eta: 1.9m
step 00807/01500 (53.80%) | loss: 3.619090 | lrm: 0.73 | dt: 162.59ms | tok/sec: 403,071 | bf16_mfu: 30.96 | epoch: 1 pq: 1 rg: 17 | total time: 2.18m | eta: 1.9m
step 00808/01500 (53.87%) | loss: 3.639495 | lrm: 0.72 | dt: 162.51ms | tok/sec: 403,275 | bf16_mfu: 30.98 | epoch: 1 pq: 1 rg: 17 | total time: 2.18m | eta: 1.9m
step 00809/01500 (53.93%) | loss: 3.643342 | lrm: 0.72 | dt: 164.53ms | tok/sec: 398,319 | bf16_mfu: 30.60 | epoch: 1 pq: 1 rg: 17 | total time: 2.18m | eta: 1.9m
step 00810/01500 (54.00%) | loss: 3.652495 | lrm: 0.72 | dt: 164.07ms | tok/sec: 399,434 | bf16_mfu: 30.68 | epoch: 1 pq: 1 rg: 17 | total time: 2.19m | eta: 1.9m
step 00811/01500 (54.07%) | loss: 3.661493 | lrm: 0.72 | dt: 162.61ms | tok/sec: 403,015 | bf16_mfu: 30.96 | epoch: 1 pq: 1 rg: 17 | total time: 2.19m | eta: 1.9m
step 00812/01500 (54.13%) | loss: 3.662016 | lrm: 0.72 | dt: 163.29ms | tok/sec: 401,335 | bf16_mfu: 30.83 | epoch: 1 pq: 1 rg: 17 | total time: 2.19m | eta: 1.9m
step 00813/01500 (54.20%) | loss: 3.666652 | lrm: 0.72 | dt: 162.75ms | tok/sec: 402,669 | bf16_mfu: 30.93 | epoch: 1 pq: 1 rg: 17 | total time: 2.19m | eta: 1.9m
step 00814/01500 (54.27%) | loss: 3.684052 | lrm: 0.72 | dt: 164.00ms | tok/sec: 399,606 | bf16_mfu: 30.70 | epoch: 1 pq: 1 rg: 18 | total time: 2.20m | eta: 1.9m
step 00815/01500 (54.33%) | loss: 3.692229 | lrm: 0.72 | dt: 163.72ms | tok/sec: 400,296 | bf16_mfu: 30.75 | epoch: 1 pq: 1 rg: 18 | total time: 2.20m | eta: 1.9m
step 00816/01500 (54.40%) | loss: 3.704915 | lrm: 0.72 | dt: 164.20ms | tok/sec: 399,131 | bf16_mfu: 30.66 | epoch: 1 pq: 1 rg: 18 | total time: 2.20m | eta: 1.9m
step 00817/01500 (54.47%) | loss: 3.695660 | lrm: 0.72 | dt: 162.83ms | tok/sec: 402,489 | bf16_mfu: 30.92 | epoch: 1 pq: 1 rg: 18 | total time: 2.20m | eta: 1.9m
step 00818/01500 (54.53%) | loss: 3.688133 | lrm: 0.71 | dt: 163.09ms | tok/sec: 401,830 | bf16_mfu: 30.87 | epoch: 1 pq: 1 rg: 18 | total time: 2.21m | eta: 1.9m
step 00819/01500 (54.60%) | loss: 3.690543 | lrm: 0.71 | dt: 163.95ms | tok/sec: 399,735 | bf16_mfu: 30.71 | epoch: 1 pq: 1 rg: 18 | total time: 2.21m | eta: 1.9m
step 00820/01500 (54.67%) | loss: 3.677168 | lrm: 0.71 | dt: 162.92ms | tok/sec: 402,250 | bf16_mfu: 30.90 | epoch: 1 pq: 1 rg: 18 | total time: 2.21m | eta: 1.9m
step 00821/01500 (54.73%) | loss: 3.657173 | lrm: 0.71 | dt: 164.75ms | tok/sec: 397,799 | bf16_mfu: 30.56 | epoch: 1 pq: 1 rg: 18 | total time: 2.22m | eta: 1.9m
step 00822/01500 (54.80%) | loss: 3.637087 | lrm: 0.71 | dt: 164.45ms | tok/sec: 398,514 | bf16_mfu: 30.61 | epoch: 1 pq: 1 rg: 19 | total time: 2.22m | eta: 1.9m
step 00823/01500 (54.87%) | loss: 3.642127 | lrm: 0.71 | dt: 165.03ms | tok/sec: 397,107 | bf16_mfu: 30.50 | epoch: 1 pq: 1 rg: 19 | total time: 2.22m | eta: 1.8m
step 00824/01500 (54.93%) | loss: 3.643986 | lrm: 0.71 | dt: 163.26ms | tok/sec: 401,430 | bf16_mfu: 30.84 | epoch: 1 pq: 1 rg: 19 | total time: 2.22m | eta: 1.8m
step 00825/01500 (55.00%) | loss: 3.649818 | lrm: 0.71 | dt: 164.28ms | tok/sec: 398,921 | bf16_mfu: 30.64 | epoch: 1 pq: 1 rg: 19 | total time: 2.23m | eta: 1.8m
step 00826/01500 (55.07%) | loss: 3.650429 | lrm: 0.71 | dt: 164.09ms | tok/sec: 399,381 | bf16_mfu: 30.68 | epoch: 1 pq: 1 rg: 19 | total time: 2.23m | eta: 1.8m
step 00827/01500 (55.13%) | loss: 3.666418 | lrm: 0.71 | dt: 163.40ms | tok/sec: 401,066 | bf16_mfu: 30.81 | epoch: 1 pq: 1 rg: 19 | total time: 2.23m | eta: 1.8m
step 00828/01500 (55.20%) | loss: 3.666798 | lrm: 0.70 | dt: 162.38ms | tok/sec: 403,588 | bf16_mfu: 31.00 | epoch: 1 pq: 1 rg: 19 | total time: 2.23m | eta: 1.8m
step 00829/01500 (55.27%) | loss: 3.674867 | lrm: 0.70 | dt: 162.70ms | tok/sec: 402,792 | bf16_mfu: 30.94 | epoch: 1 pq: 1 rg: 19 | total time: 2.24m | eta: 1.8m
step 00830/01500 (55.33%) | loss: 3.672035 | lrm: 0.70 | dt: 163.86ms | tok/sec: 399,956 | bf16_mfu: 30.72 | epoch: 1 pq: 1 rg: 20 | total time: 2.24m | eta: 1.8m
step 00831/01500 (55.40%) | loss: 3.668529 | lrm: 0.70 | dt: 164.94ms | tok/sec: 397,338 | bf16_mfu: 30.52 | epoch: 1 pq: 1 rg: 20 | total time: 2.24m | eta: 1.8m
step 00832/01500 (55.47%) | loss: 3.685069 | lrm: 0.70 | dt: 163.98ms | tok/sec: 399,666 | bf16_mfu: 30.70 | epoch: 1 pq: 1 rg: 20 | total time: 2.25m | eta: 1.8m
step 00833/01500 (55.53%) | loss: 3.679222 | lrm: 0.70 | dt: 163.41ms | tok/sec: 401,046 | bf16_mfu: 30.81 | epoch: 1 pq: 1 rg: 20 | total time: 2.25m | eta: 1.8m
step 00834/01500 (55.60%) | loss: 3.669862 | lrm: 0.70 | dt: 163.87ms | tok/sec: 399,917 | bf16_mfu: 30.72 | epoch: 1 pq: 1 rg: 20 | total time: 2.25m | eta: 1.8m
step 00835/01500 (55.67%) | loss: 3.664573 | lrm: 0.70 | dt: 162.98ms | tok/sec: 402,099 | bf16_mfu: 30.89 | epoch: 1 pq: 1 rg: 20 | total time: 2.25m | eta: 1.8m
step 00836/01500 (55.73%) | loss: 3.647939 | lrm: 0.70 | dt: 163.76ms | tok/sec: 400,196 | bf16_mfu: 30.74 | epoch: 1 pq: 1 rg: 20 | total time: 2.26m | eta: 1.8m
step 00837/01500 (55.80%) | loss: 3.627795 | lrm: 0.70 | dt: 164.82ms | tok/sec: 397,617 | bf16_mfu: 30.54 | epoch: 1 pq: 1 rg: 20 | total time: 2.26m | eta: 1.8m
step 00838/01500 (55.87%) | loss: 3.626278 | lrm: 0.70 | dt: 162.87ms | tok/sec: 402,371 | bf16_mfu: 30.91 | epoch: 1 pq: 1 rg: 21 | total time: 2.26m | eta: 1.8m
step 00839/01500 (55.93%) | loss: 3.628600 | lrm: 0.69 | dt: 162.24ms | tok/sec: 403,937 | bf16_mfu: 31.03 | epoch: 1 pq: 1 rg: 21 | total time: 2.26m | eta: 1.8m
step 00840/01500 (56.00%) | loss: 3.626143 | lrm: 0.69 | dt: 162.93ms | tok/sec: 402,231 | bf16_mfu: 30.90 | epoch: 1 pq: 1 rg: 21 | total time: 2.27m | eta: 1.8m
step 00841/01500 (56.07%) | loss: 3.613024 | lrm: 0.69 | dt: 163.72ms | tok/sec: 400,298 | bf16_mfu: 30.75 | epoch: 1 pq: 1 rg: 21 | total time: 2.27m | eta: 1.8m
step 00842/01500 (56.13%) | loss: 3.616184 | lrm: 0.69 | dt: 165.11ms | tok/sec: 396,929 | bf16_mfu: 30.49 | epoch: 1 pq: 1 rg: 21 | total time: 2.27m | eta: 1.8m
step 00843/01500 (56.20%) | loss: 3.615492 | lrm: 0.69 | dt: 162.62ms | tok/sec: 403,000 | bf16_mfu: 30.96 | epoch: 1 pq: 1 rg: 21 | total time: 2.28m | eta: 1.8m
step 00844/01500 (56.27%) | loss: 3.624008 | lrm: 0.69 | dt: 163.40ms | tok/sec: 401,077 | bf16_mfu: 30.81 | epoch: 1 pq: 1 rg: 21 | total time: 2.28m | eta: 1.8m
step 00845/01500 (56.33%) | loss: 3.633379 | lrm: 0.69 | dt: 163.29ms | tok/sec: 401,336 | bf16_mfu: 30.83 | epoch: 1 pq: 1 rg: 21 | total time: 2.28m | eta: 1.8m
step 00846/01500 (56.40%) | loss: 3.625351 | lrm: 0.69 | dt: 163.07ms | tok/sec: 401,885 | bf16_mfu: 30.87 | epoch: 1 pq: 1 rg: 21 | total time: 2.28m | eta: 1.8m
step 00847/01500 (56.47%) | loss: 3.633481 | lrm: 0.69 | dt: 163.82ms | tok/sec: 400,058 | bf16_mfu: 30.73 | epoch: 1 pq: 1 rg: 22 | total time: 2.29m | eta: 1.8m
step 00848/01500 (56.53%) | loss: 3.645131 | lrm: 0.69 | dt: 165.05ms | tok/sec: 397,069 | bf16_mfu: 30.50 | epoch: 1 pq: 1 rg: 22 | total time: 2.29m | eta: 1.8m
step 00849/01500 (56.60%) | loss: 3.645873 | lrm: 0.68 | dt: 162.93ms | tok/sec: 402,226 | bf16_mfu: 30.90 | epoch: 1 pq: 1 rg: 22 | total time: 2.29m | eta: 1.8m
step 00850/01500 (56.67%) | loss: 3.664148 | lrm: 0.68 | dt: 162.99ms | tok/sec: 402,081 | bf16_mfu: 30.89 | epoch: 1 pq: 1 rg: 22 | total time: 2.29m | eta: 1.8m
step 00851/01500 (56.73%) | loss: 3.658107 | lrm: 0.68 | dt: 164.38ms | tok/sec: 398,696 | bf16_mfu: 30.63 | epoch: 1 pq: 1 rg: 22 | total time: 2.30m | eta: 1.8m
step 00852/01500 (56.80%) | loss: 3.654066 | lrm: 0.68 | dt: 164.58ms | tok/sec: 398,206 | bf16_mfu: 30.59 | epoch: 1 pq: 1 rg: 22 | total time: 2.30m | eta: 1.8m
step 00853/01500 (56.87%) | loss: 3.650111 | lrm: 0.68 | dt: 164.67ms | tok/sec: 397,975 | bf16_mfu: 30.57 | epoch: 1 pq: 1 rg: 22 | total time: 2.30m | eta: 1.8m
step 00854/01500 (56.93%) | loss: 3.640826 | lrm: 0.68 | dt: 163.07ms | tok/sec: 401,887 | bf16_mfu: 30.87 | epoch: 1 pq: 1 rg: 22 | total time: 2.31m | eta: 1.8m
step 00855/01500 (57.00%) | loss: 3.632330 | lrm: 0.68 | dt: 162.59ms | tok/sec: 403,065 | bf16_mfu: 30.96 | epoch: 1 pq: 1 rg: 23 | total time: 2.31m | eta: 1.8m
step 00856/01500 (57.07%) | loss: 3.630673 | lrm: 0.68 | dt: 163.42ms | tok/sec: 401,035 | bf16_mfu: 30.81 | epoch: 1 pq: 1 rg: 23 | total time: 2.31m | eta: 1.8m
step 00857/01500 (57.13%) | loss: 3.617619 | lrm: 0.68 | dt: 162.83ms | tok/sec: 402,490 | bf16_mfu: 30.92 | epoch: 1 pq: 1 rg: 23 | total time: 2.31m | eta: 1.8m
step 00858/01500 (57.20%) | loss: 3.614650 | lrm: 0.68 | dt: 165.57ms | tok/sec: 395,813 | bf16_mfu: 30.40 | epoch: 1 pq: 1 rg: 23 | total time: 2.32m | eta: 1.8m
step 00859/01500 (57.27%) | loss: 3.602223 | lrm: 0.67 | dt: 163.99ms | tok/sec: 399,641 | bf16_mfu: 30.70 | epoch: 1 pq: 1 rg: 23 | total time: 2.32m | eta: 1.8m
step 00860/01500 (57.33%) | loss: 3.572159 | lrm: 0.67 | dt: 164.68ms | tok/sec: 397,962 | bf16_mfu: 30.57 | epoch: 1 pq: 1 rg: 23 | total time: 2.32m | eta: 1.7m
step 00861/01500 (57.40%) | loss: 3.561170 | lrm: 0.67 | dt: 164.95ms | tok/sec: 397,318 | bf16_mfu: 30.52 | epoch: 1 pq: 1 rg: 23 | total time: 2.32m | eta: 1.7m
step 00862/01500 (57.47%) | loss: 3.553469 | lrm: 0.67 | dt: 164.70ms | tok/sec: 397,923 | bf16_mfu: 30.57 | epoch: 1 pq: 1 rg: 23 | total time: 2.33m | eta: 1.7m
step 00863/01500 (57.53%) | loss: 3.551135 | lrm: 0.67 | dt: 163.24ms | tok/sec: 401,463 | bf16_mfu: 30.84 | epoch: 1 pq: 1 rg: 24 | total time: 2.33m | eta: 1.7m
step 00864/01500 (57.60%) | loss: 3.536523 | lrm: 0.67 | dt: 163.74ms | tok/sec: 400,255 | bf16_mfu: 30.75 | epoch: 1 pq: 1 rg: 24 | total time: 2.33m | eta: 1.7m
step 00865/01500 (57.67%) | loss: 3.543056 | lrm: 0.67 | dt: 162.04ms | tok/sec: 404,443 | bf16_mfu: 31.07 | epoch: 1 pq: 1 rg: 24 | total time: 2.34m | eta: 1.7m
step 00866/01500 (57.73%) | loss: 3.549659 | lrm: 0.67 | dt: 163.66ms | tok/sec: 400,431 | bf16_mfu: 30.76 | epoch: 1 pq: 1 rg: 24 | total time: 2.34m | eta: 1.7m
step 00867/01500 (57.80%) | loss: 3.560830 | lrm: 0.67 | dt: 165.45ms | tok/sec: 396,099 | bf16_mfu: 30.43 | epoch: 1 pq: 1 rg: 24 | total time: 2.34m | eta: 1.7m
step 00868/01500 (57.87%) | loss: 3.546961 | lrm: 0.67 | dt: 163.86ms | tok/sec: 399,953 | bf16_mfu: 30.72 | epoch: 1 pq: 1 rg: 24 | total time: 2.34m | eta: 1.7m
step 00869/01500 (57.93%) | loss: 3.561353 | lrm: 0.66 | dt: 163.18ms | tok/sec: 401,612 | bf16_mfu: 30.85 | epoch: 1 pq: 1 rg: 24 | total time: 2.35m | eta: 1.7m
step 00870/01500 (58.00%) | loss: 3.573723 | lrm: 0.66 | dt: 163.97ms | tok/sec: 399,686 | bf16_mfu: 30.70 | epoch: 1 pq: 1 rg: 24 | total time: 2.35m | eta: 1.7m
step 00871/01500 (58.07%) | loss: 3.585902 | lrm: 0.66 | dt: 162.49ms | tok/sec: 403,319 | bf16_mfu: 30.98 | epoch: 1 pq: 1 rg: 24 | total time: 2.35m | eta: 1.7m
step 00872/01500 (58.13%) | loss: 3.586666 | lrm: 0.66 | dt: 163.99ms | tok/sec: 399,636 | bf16_mfu: 30.70 | epoch: 1 pq: 1 rg: 25 | total time: 2.35m | eta: 1.7m
step 00873/01500 (58.20%) | loss: 3.586198 | lrm: 0.66 | dt: 166.15ms | tok/sec: 394,432 | bf16_mfu: 30.30 | epoch: 1 pq: 1 rg: 25 | total time: 2.36m | eta: 1.7m
step 00874/01500 (58.27%) | loss: 3.601251 | lrm: 0.66 | dt: 162.70ms | tok/sec: 402,796 | bf16_mfu: 30.94 | epoch: 1 pq: 1 rg: 25 | total time: 2.36m | eta: 1.7m
step 00875/01500 (58.33%) | loss: 3.597684 | lrm: 0.66 | dt: 163.33ms | tok/sec: 401,239 | bf16_mfu: 30.82 | epoch: 1 pq: 1 rg: 25 | total time: 2.36m | eta: 1.7m
step 00876/01500 (58.40%) | loss: 3.618345 | lrm: 0.66 | dt: 162.67ms | tok/sec: 402,870 | bf16_mfu: 30.95 | epoch: 1 pq: 1 rg: 25 | total time: 2.37m | eta: 1.7m
step 00877/01500 (58.47%) | loss: 3.615545 | lrm: 0.66 | dt: 163.09ms | tok/sec: 401,827 | bf16_mfu: 30.87 | epoch: 1 pq: 1 rg: 25 | total time: 2.37m | eta: 1.7m
step 00878/01500 (58.53%) | loss: 3.631979 | lrm: 0.66 | dt: 164.88ms | tok/sec: 397,475 | bf16_mfu: 30.53 | epoch: 1 pq: 1 rg: 25 | total time: 2.37m | eta: 1.7m
step 00879/01500 (58.60%) | loss: 3.630917 | lrm: 0.66 | dt: 163.31ms | tok/sec: 401,286 | bf16_mfu: 30.82 | epoch: 1 pq: 1 rg: 25 | total time: 2.37m | eta: 1.7m
step 00880/01500 (58.67%) | loss: 3.628972 | lrm: 0.65 | dt: 164.62ms | tok/sec: 398,113 | bf16_mfu: 30.58 | epoch: 1 pq: 1 rg: 26 | total time: 2.38m | eta: 1.7m
step 00881/01500 (58.73%) | loss: 3.631300 | lrm: 0.65 | dt: 163.67ms | tok/sec: 400,424 | bf16_mfu: 30.76 | epoch: 1 pq: 1 rg: 26 | total time: 2.38m | eta: 1.7m
step 00882/01500 (58.80%) | loss: 3.639836 | lrm: 0.65 | dt: 164.12ms | tok/sec: 399,326 | bf16_mfu: 30.67 | epoch: 1 pq: 1 rg: 26 | total time: 2.38m | eta: 1.7m
step 00883/01500 (58.87%) | loss: 3.604361 | lrm: 0.65 | dt: 165.16ms | tok/sec: 396,797 | bf16_mfu: 30.48 | epoch: 1 pq: 1 rg: 26 | total time: 2.38m | eta: 1.7m
step 00884/01500 (58.93%) | loss: 3.619080 | lrm: 0.65 | dt: 163.22ms | tok/sec: 401,527 | bf16_mfu: 30.84 | epoch: 1 pq: 1 rg: 26 | total time: 2.39m | eta: 1.7m
step 00885/01500 (59.00%) | loss: 3.624706 | lrm: 0.65 | dt: 163.12ms | tok/sec: 401,759 | bf16_mfu: 30.86 | epoch: 1 pq: 1 rg: 26 | total time: 2.39m | eta: 1.7m
step 00886/01500 (59.07%) | loss: 3.619709 | lrm: 0.65 | dt: 164.51ms | tok/sec: 398,372 | bf16_mfu: 30.60 | epoch: 1 pq: 1 rg: 26 | total time: 2.39m | eta: 1.7m
step 00887/01500 (59.13%) | loss: 3.622261 | lrm: 0.65 | dt: 164.44ms | tok/sec: 398,537 | bf16_mfu: 30.61 | epoch: 1 pq: 1 rg: 26 | total time: 2.40m | eta: 1.7m
step 00888/01500 (59.20%) | loss: 3.612752 | lrm: 0.65 | dt: 164.58ms | tok/sec: 398,206 | bf16_mfu: 30.59 | epoch: 1 pq: 1 rg: 27 | total time: 2.40m | eta: 1.7m
step 00889/01500 (59.27%) | loss: 3.624795 | lrm: 0.65 | dt: 162.42ms | tok/sec: 403,485 | bf16_mfu: 30.99 | epoch: 1 pq: 1 rg: 27 | total time: 2.40m | eta: 1.7m
step 00890/01500 (59.33%) | loss: 3.608197 | lrm: 0.64 | dt: 162.84ms | tok/sec: 402,447 | bf16_mfu: 30.91 | epoch: 1 pq: 1 rg: 27 | total time: 2.40m | eta: 1.7m
step 00891/01500 (59.40%) | loss: 3.606654 | lrm: 0.64 | dt: 163.04ms | tok/sec: 401,970 | bf16_mfu: 30.88 | epoch: 1 pq: 1 rg: 27 | total time: 2.41m | eta: 1.7m
step 00892/01500 (59.47%) | loss: 3.610489 | lrm: 0.64 | dt: 163.28ms | tok/sec: 401,380 | bf16_mfu: 30.83 | epoch: 1 pq: 1 rg: 27 | total time: 2.41m | eta: 1.7m
step 00893/01500 (59.53%) | loss: 3.602787 | lrm: 0.64 | dt: 163.37ms | tok/sec: 401,145 | bf16_mfu: 30.81 | epoch: 1 pq: 1 rg: 27 | total time: 2.41m | eta: 1.7m
step 00894/01500 (59.60%) | loss: 3.610194 | lrm: 0.64 | dt: 165.19ms | tok/sec: 396,731 | bf16_mfu: 30.47 | epoch: 1 pq: 1 rg: 27 | total time: 2.41m | eta: 1.7m
step 00895/01500 (59.67%) | loss: 3.606835 | lrm: 0.64 | dt: 163.71ms | tok/sec: 400,320 | bf16_mfu: 30.75 | epoch: 1 pq: 1 rg: 27 | total time: 2.42m | eta: 1.7m
step 00896/01500 (59.73%) | loss: 3.601792 | lrm: 0.64 | dt: 163.71ms | tok/sec: 400,317 | bf16_mfu: 30.75 | epoch: 1 pq: 1 rg: 28 | total time: 2.42m | eta: 1.6m
step 00897/01500 (59.80%) | loss: 3.597200 | lrm: 0.64 | dt: 164.68ms | tok/sec: 397,948 | bf16_mfu: 30.57 | epoch: 1 pq: 1 rg: 28 | total time: 2.42m | eta: 1.6m
step 00898/01500 (59.87%) | loss: 3.597029 | lrm: 0.64 | dt: 165.78ms | tok/sec: 395,320 | bf16_mfu: 30.37 | epoch: 1 pq: 1 rg: 28 | total time: 2.43m | eta: 1.6m
step 00899/01500 (59.93%) | loss: 3.587446 | lrm: 0.64 | dt: 163.13ms | tok/sec: 401,729 | bf16_mfu: 30.86 | epoch: 1 pq: 1 rg: 28 | total time: 2.43m | eta: 1.6m
step 00900/01500 (60.00%) | loss: 3.578729 | lrm: 0.63 | dt: 162.19ms | tok/sec: 404,067 | bf16_mfu: 31.04 | epoch: 1 pq: 1 rg: 28 | total time: 2.43m | eta: 1.6m
step 00901/01500 (60.07%) | loss: 3.559734 | lrm: 0.63 | dt: 162.88ms | tok/sec: 402,360 | bf16_mfu: 30.91 | epoch: 1 pq: 1 rg: 28 | total time: 2.43m | eta: 1.6m
step 00902/01500 (60.13%) | loss: 3.533402 | lrm: 0.63 | dt: 163.56ms | tok/sec: 400,696 | bf16_mfu: 30.78 | epoch: 1 pq: 1 rg: 28 | total time: 2.44m | eta: 1.6m
step 00903/01500 (60.20%) | loss: 3.536600 | lrm: 0.63 | dt: 165.04ms | tok/sec: 397,096 | bf16_mfu: 30.50 | epoch: 1 pq: 1 rg: 28 | total time: 2.44m | eta: 1.6m
step 00904/01500 (60.27%) | loss: 3.524619 | lrm: 0.63 | dt: 164.33ms | tok/sec: 398,798 | bf16_mfu: 30.63 | epoch: 1 pq: 1 rg: 28 | total time: 2.44m | eta: 1.6m
step 00905/01500 (60.33%) | loss: 3.509930 | lrm: 0.63 | dt: 163.62ms | tok/sec: 400,540 | bf16_mfu: 30.77 | epoch: 1 pq: 1 rg: 29 | total time: 2.44m | eta: 1.6m
step 00906/01500 (60.40%) | loss: 3.519769 | lrm: 0.63 | dt: 163.47ms | tok/sec: 400,916 | bf16_mfu: 30.80 | epoch: 1 pq: 1 rg: 29 | total time: 2.45m | eta: 1.6m
step 00907/01500 (60.47%) | loss: 3.523732 | lrm: 0.63 | dt: 162.06ms | tok/sec: 404,389 | bf16_mfu: 31.06 | epoch: 1 pq: 1 rg: 29 | total time: 2.45m | eta: 1.6m
step 00908/01500 (60.53%) | loss: 3.529513 | lrm: 0.63 | dt: 163.45ms | tok/sec: 400,942 | bf16_mfu: 30.80 | epoch: 1 pq: 1 rg: 29 | total time: 2.45m | eta: 1.6m
step 00909/01500 (60.60%) | loss: 3.558758 | lrm: 0.63 | dt: 165.55ms | tok/sec: 395,876 | bf16_mfu: 30.41 | epoch: 1 pq: 1 rg: 29 | total time: 2.46m | eta: 1.6m
step 00910/01500 (60.67%) | loss: 3.554517 | lrm: 0.62 | dt: 163.07ms | tok/sec: 401,883 | bf16_mfu: 30.87 | epoch: 1 pq: 1 rg: 29 | total time: 2.46m | eta: 1.6m
step 00911/01500 (60.73%) | loss: 3.544905 | lrm: 0.62 | dt: 163.80ms | tok/sec: 400,087 | bf16_mfu: 30.73 | epoch: 1 pq: 1 rg: 29 | total time: 2.46m | eta: 1.6m
step 00912/01500 (60.80%) | loss: 3.557622 | lrm: 0.62 | dt: 164.36ms | tok/sec: 398,724 | bf16_mfu: 30.63 | epoch: 1 pq: 1 rg: 29 | total time: 2.46m | eta: 1.6m
step 00913/01500 (60.87%) | loss: 3.552395 | lrm: 0.62 | dt: 164.72ms | tok/sec: 397,860 | bf16_mfu: 30.56 | epoch: 1 pq: 1 rg: 30 | total time: 2.47m | eta: 1.6m
step 00914/01500 (60.93%) | loss: 3.536990 | lrm: 0.62 | dt: 164.48ms | tok/sec: 398,439 | bf16_mfu: 30.61 | epoch: 1 pq: 1 rg: 30 | total time: 2.47m | eta: 1.6m
step 00915/01500 (61.00%) | loss: 3.542618 | lrm: 0.62 | dt: 162.97ms | tok/sec: 402,135 | bf16_mfu: 30.89 | epoch: 1 pq: 1 rg: 30 | total time: 2.47m | eta: 1.6m
step 00916/01500 (61.07%) | loss: 3.541234 | lrm: 0.62 | dt: 163.09ms | tok/sec: 401,837 | bf16_mfu: 30.87 | epoch: 1 pq: 1 rg: 30 | total time: 2.47m | eta: 1.6m
step 00917/01500 (61.13%) | loss: 3.546432 | lrm: 0.62 | dt: 162.31ms | tok/sec: 403,771 | bf16_mfu: 31.02 | epoch: 1 pq: 1 rg: 30 | total time: 2.48m | eta: 1.6m
step 00918/01500 (61.20%) | loss: 3.539052 | lrm: 0.62 | dt: 163.36ms | tok/sec: 401,187 | bf16_mfu: 30.82 | epoch: 1 pq: 1 rg: 30 | total time: 2.48m | eta: 1.6m
step 00919/01500 (61.27%) | loss: 3.546091 | lrm: 0.62 | dt: 166.43ms | tok/sec: 393,785 | bf16_mfu: 30.25 | epoch: 1 pq: 1 rg: 30 | total time: 2.48m | eta: 1.6m
step 00920/01500 (61.33%) | loss: 3.545419 | lrm: 0.62 | dt: 163.13ms | tok/sec: 401,751 | bf16_mfu: 30.86 | epoch: 1 pq: 1 rg: 30 | total time: 2.49m | eta: 1.6m
step 00921/01500 (61.40%) | loss: 3.549510 | lrm: 0.61 | dt: 163.27ms | tok/sec: 401,392 | bf16_mfu: 30.83 | epoch: 1 pq: 1 rg: 31 | total time: 2.49m | eta: 1.6m
step 00922/01500 (61.47%) | loss: 3.540654 | lrm: 0.61 | dt: 164.03ms | tok/sec: 399,545 | bf16_mfu: 30.69 | epoch: 1 pq: 1 rg: 31 | total time: 2.49m | eta: 1.6m
step 00923/01500 (61.53%) | loss: 3.537341 | lrm: 0.61 | dt: 163.15ms | tok/sec: 401,693 | bf16_mfu: 30.86 | epoch: 1 pq: 1 rg: 31 | total time: 2.49m | eta: 1.6m
step 00924/01500 (61.60%) | loss: 3.537530 | lrm: 0.61 | dt: 164.53ms | tok/sec: 398,325 | bf16_mfu: 30.60 | epoch: 1 pq: 1 rg: 31 | total time: 2.50m | eta: 1.6m
step 00925/01500 (61.67%) | loss: 3.539311 | lrm: 0.61 | dt: 164.41ms | tok/sec: 398,608 | bf16_mfu: 30.62 | epoch: 1 pq: 1 rg: 31 | total time: 2.50m | eta: 1.6m
step 00926/01500 (61.73%) | loss: 3.526635 | lrm: 0.61 | dt: 163.21ms | tok/sec: 401,544 | bf16_mfu: 30.84 | epoch: 1 pq: 1 rg: 31 | total time: 2.50m | eta: 1.6m
step 00927/01500 (61.80%) | loss: 3.531394 | lrm: 0.61 | dt: 162.84ms | tok/sec: 402,451 | bf16_mfu: 30.91 | epoch: 1 pq: 1 rg: 31 | total time: 2.50m | eta: 1.6m
step 00928/01500 (61.87%) | loss: 3.536559 | lrm: 0.61 | dt: 163.56ms | tok/sec: 400,680 | bf16_mfu: 30.78 | epoch: 1 pq: 1 rg: 31 | total time: 2.51m | eta: 1.6m
step 00929/01500 (61.93%) | loss: 3.533434 | lrm: 0.61 | dt: 164.76ms | tok/sec: 397,754 | bf16_mfu: 30.55 | epoch: 1 pq: 1 rg: 32 | total time: 2.51m | eta: 1.6m
step 00930/01500 (62.00%) | loss: 3.532466 | lrm: 0.61 | dt: 164.49ms | tok/sec: 398,424 | bf16_mfu: 30.60 | epoch: 1 pq: 1 rg: 32 | total time: 2.51m | eta: 1.6m
step 00931/01500 (62.07%) | loss: 3.544361 | lrm: 0.60 | dt: 164.08ms | tok/sec: 399,405 | bf16_mfu: 30.68 | epoch: 1 pq: 1 rg: 32 | total time: 2.52m | eta: 1.6m
step 00932/01500 (62.13%) | loss: 3.529749 | lrm: 0.60 | dt: 163.32ms | tok/sec: 401,272 | bf16_mfu: 30.82 | epoch: 1 pq: 1 rg: 32 | total time: 2.52m | eta: 1.6m
step 00933/01500 (62.20%) | loss: 3.532901 | lrm: 0.60 | dt: 163.96ms | tok/sec: 399,699 | bf16_mfu: 30.70 | epoch: 1 pq: 1 rg: 32 | total time: 2.52m | eta: 1.5m
step 00934/01500 (62.27%) | loss: 3.522627 | lrm: 0.60 | dt: 165.05ms | tok/sec: 397,078 | bf16_mfu: 30.50 | epoch: 1 pq: 1 rg: 32 | total time: 2.52m | eta: 1.5m
step 00935/01500 (62.33%) | loss: 3.524021 | lrm: 0.60 | dt: 163.22ms | tok/sec: 401,528 | bf16_mfu: 30.84 | epoch: 1 pq: 1 rg: 32 | total time: 2.53m | eta: 1.5m
step 00936/01500 (62.40%) | loss: 3.537899 | lrm: 0.60 | dt: 163.37ms | tok/sec: 401,147 | bf16_mfu: 30.81 | epoch: 1 pq: 1 rg: 32 | total time: 2.53m | eta: 1.5m
step 00937/01500 (62.47%) | loss: 3.537414 | lrm: 0.60 | dt: 163.57ms | tok/sec: 400,671 | bf16_mfu: 30.78 | epoch: 1 pq: 1 rg: 32 | total time: 2.53m | eta: 1.5m
step 00938/01500 (62.53%) | loss: 3.531269 | lrm: 0.60 | dt: 165.02ms | tok/sec: 397,145 | bf16_mfu: 30.51 | epoch: 1 pq: 1 rg: 33 | total time: 2.53m | eta: 1.5m
step 00939/01500 (62.60%) | loss: 3.535610 | lrm: 0.60 | dt: 165.73ms | tok/sec: 395,428 | bf16_mfu: 30.37 | epoch: 1 pq: 1 rg: 33 | total time: 2.54m | eta: 1.5m
step 00940/01500 (62.67%) | loss: 3.528267 | lrm: 0.60 | dt: 162.56ms | tok/sec: 403,146 | bf16_mfu: 30.97 | epoch: 1 pq: 1 rg: 33 | total time: 2.54m | eta: 1.5m
step 00941/01500 (62.73%) | loss: 3.533705 | lrm: 0.59 | dt: 163.95ms | tok/sec: 399,734 | bf16_mfu: 30.71 | epoch: 1 pq: 1 rg: 33 | total time: 2.54m | eta: 1.5m
step 00942/01500 (62.80%) | loss: 3.530614 | lrm: 0.59 | dt: 164.29ms | tok/sec: 398,907 | bf16_mfu: 30.64 | epoch: 1 pq: 1 rg: 33 | total time: 2.55m | eta: 1.5m
step 00943/01500 (62.87%) | loss: 3.535493 | lrm: 0.59 | dt: 164.05ms | tok/sec: 399,497 | bf16_mfu: 30.69 | epoch: 1 pq: 1 rg: 33 | total time: 2.55m | eta: 1.5m
step 00944/01500 (62.93%) | loss: 3.549176 | lrm: 0.59 | dt: 164.13ms | tok/sec: 399,283 | bf16_mfu: 30.67 | epoch: 1 pq: 1 rg: 33 | total time: 2.55m | eta: 1.5m
step 00945/01500 (63.00%) | loss: 3.557313 | lrm: 0.59 | dt: 163.63ms | tok/sec: 400,510 | bf16_mfu: 30.77 | epoch: 1 pq: 1 rg: 33 | total time: 2.55m | eta: 1.5m
step 00946/01500 (63.07%) | loss: 3.559374 | lrm: 0.59 | dt: 163.30ms | tok/sec: 401,332 | bf16_mfu: 30.83 | epoch: 1 pq: 1 rg: 34 | total time: 2.56m | eta: 1.5m
step 00947/01500 (63.13%) | loss: 3.574675 | lrm: 0.59 | dt: 162.78ms | tok/sec: 402,614 | bf16_mfu: 30.93 | epoch: 1 pq: 1 rg: 34 | total time: 2.56m | eta: 1.5m
step 00948/01500 (63.20%) | loss: 3.598160 | lrm: 0.59 | dt: 164.96ms | tok/sec: 397,279 | bf16_mfu: 30.52 | epoch: 1 pq: 1 rg: 34 | total time: 2.56m | eta: 1.5m
step 00949/01500 (63.27%) | loss: 3.573595 | lrm: 0.59 | dt: 164.05ms | tok/sec: 399,497 | bf16_mfu: 30.69 | epoch: 1 pq: 1 rg: 34 | total time: 2.56m | eta: 1.5m
step 00950/01500 (63.33%) | loss: 3.553876 | lrm: 0.59 | dt: 163.59ms | tok/sec: 400,617 | bf16_mfu: 30.77 | epoch: 1 pq: 1 rg: 34 | total time: 2.57m | eta: 1.5m
step 00951/01500 (63.40%) | loss: 3.543812 | lrm: 0.58 | dt: 164.22ms | tok/sec: 399,073 | bf16_mfu: 30.65 | epoch: 1 pq: 1 rg: 34 | total time: 2.57m | eta: 1.5m
step 00952/01500 (63.47%) | loss: 3.532080 | lrm: 0.58 | dt: 164.30ms | tok/sec: 398,880 | bf16_mfu: 30.64 | epoch: 1 pq: 1 rg: 34 | total time: 2.57m | eta: 1.5m
step 00953/01500 (63.53%) | loss: 3.527476 | lrm: 0.58 | dt: 165.43ms | tok/sec: 396,144 | bf16_mfu: 30.43 | epoch: 1 pq: 1 rg: 34 | total time: 2.58m | eta: 1.5m
step 00954/01500 (63.60%) | loss: 3.529103 | lrm: 0.58 | dt: 162.94ms | tok/sec: 402,201 | bf16_mfu: 30.89 | epoch: 1 pq: 1 rg: 35 | total time: 2.58m | eta: 1.5m
step 00955/01500 (63.67%) | loss: 3.530074 | lrm: 0.58 | dt: 163.73ms | tok/sec: 400,262 | bf16_mfu: 30.75 | epoch: 1 pq: 1 rg: 35 | total time: 2.58m | eta: 1.5m
step 00956/01500 (63.73%) | loss: 3.519888 | lrm: 0.58 | dt: 163.75ms | tok/sec: 400,226 | bf16_mfu: 30.74 | epoch: 1 pq: 1 rg: 35 | total time: 2.58m | eta: 1.5m
step 00957/01500 (63.80%) | loss: 3.509122 | lrm: 0.58 | dt: 163.71ms | tok/sec: 400,326 | bf16_mfu: 30.75 | epoch: 1 pq: 1 rg: 35 | total time: 2.59m | eta: 1.5m
step 00958/01500 (63.87%) | loss: 3.526117 | lrm: 0.58 | dt: 165.18ms | tok/sec: 396,746 | bf16_mfu: 30.48 | epoch: 1 pq: 1 rg: 35 | total time: 2.59m | eta: 1.5m
step 00959/01500 (63.93%) | loss: 3.522876 | lrm: 0.58 | dt: 164.21ms | tok/sec: 399,107 | bf16_mfu: 30.66 | epoch: 1 pq: 1 rg: 35 | total time: 2.59m | eta: 1.5m
step 00960/01500 (64.00%) | loss: 3.518459 | lrm: 0.58 | dt: 162.35ms | tok/sec: 403,679 | bf16_mfu: 31.01 | epoch: 1 pq: 1 rg: 35 | total time: 2.60m | eta: 1.5m
step 00961/01500 (64.07%) | loss: 3.512389 | lrm: 0.58 | dt: 163.52ms | tok/sec: 400,783 | bf16_mfu: 30.79 | epoch: 1 pq: 1 rg: 35 | total time: 2.60m | eta: 1.5m
step 00962/01500 (64.13%) | loss: 3.507570 | lrm: 0.57 | dt: 164.24ms | tok/sec: 399,031 | bf16_mfu: 30.65 | epoch: 1 pq: 1 rg: 36 | total time: 2.60m | eta: 1.5m
step 00963/01500 (64.20%) | loss: 3.493894 | lrm: 0.57 | dt: 165.20ms | tok/sec: 396,707 | bf16_mfu: 30.47 | epoch: 1 pq: 1 rg: 36 | total time: 2.60m | eta: 1.5m
step 00964/01500 (64.27%) | loss: 3.478364 | lrm: 0.57 | dt: 164.29ms | tok/sec: 398,900 | bf16_mfu: 30.64 | epoch: 1 pq: 1 rg: 36 | total time: 2.61m | eta: 1.5m
step 00965/01500 (64.33%) | loss: 3.464321 | lrm: 0.57 | dt: 163.91ms | tok/sec: 399,840 | bf16_mfu: 30.71 | epoch: 1 pq: 1 rg: 36 | total time: 2.61m | eta: 1.5m
step 00966/01500 (64.40%) | loss: 3.469170 | lrm: 0.57 | dt: 162.51ms | tok/sec: 403,280 | bf16_mfu: 30.98 | epoch: 1 pq: 1 rg: 36 | total time: 2.61m | eta: 1.5m
step 00967/01500 (64.47%) | loss: 3.487319 | lrm: 0.57 | dt: 163.87ms | tok/sec: 399,932 | bf16_mfu: 30.72 | epoch: 1 pq: 1 rg: 36 | total time: 2.61m | eta: 1.5m
step 00968/01500 (64.53%) | loss: 3.499521 | lrm: 0.57 | dt: 163.78ms | tok/sec: 400,135 | bf16_mfu: 30.74 | epoch: 1 pq: 1 rg: 36 | total time: 2.62m | eta: 1.5m
step 00969/01500 (64.60%) | loss: 3.504168 | lrm: 0.57 | dt: 164.06ms | tok/sec: 399,473 | bf16_mfu: 30.69 | epoch: 1 pq: 1 rg: 36 | total time: 2.62m | eta: 1.5m
step 00970/01500 (64.67%) | loss: 3.493970 | lrm: 0.57 | dt: 163.54ms | tok/sec: 400,745 | bf16_mfu: 30.78 | epoch: 1 pq: 1 rg: 36 | total time: 2.62m | eta: 1.4m
step 00971/01500 (64.73%) | loss: 3.507467 | lrm: 0.57 | dt: 163.36ms | tok/sec: 401,177 | bf16_mfu: 30.82 | epoch: 1 pq: 1 rg: 37 | total time: 2.63m | eta: 1.4m
step 00972/01500 (64.80%) | loss: 3.531936 | lrm: 0.56 | dt: 165.22ms | tok/sec: 396,661 | bf16_mfu: 30.47 | epoch: 1 pq: 1 rg: 37 | total time: 2.63m | eta: 1.4m
step 00973/01500 (64.87%) | loss: 3.535904 | lrm: 0.56 | dt: 164.73ms | tok/sec: 397,830 | bf16_mfu: 30.56 | epoch: 1 pq: 1 rg: 37 | total time: 2.63m | eta: 1.4m
step 00974/01500 (64.93%) | loss: 3.533671 | lrm: 0.56 | dt: 163.66ms | tok/sec: 400,447 | bf16_mfu: 30.76 | epoch: 1 pq: 1 rg: 37 | total time: 2.63m | eta: 1.4m
step 00975/01500 (65.00%) | loss: 3.518490 | lrm: 0.56 | dt: 162.89ms | tok/sec: 402,322 | bf16_mfu: 30.90 | epoch: 1 pq: 1 rg: 37 | total time: 2.64m | eta: 1.4m
step 00976/01500 (65.07%) | loss: 3.531653 | lrm: 0.56 | dt: 162.74ms | tok/sec: 402,694 | bf16_mfu: 30.93 | epoch: 1 pq: 1 rg: 37 | total time: 2.64m | eta: 1.4m
step 00977/01500 (65.13%) | loss: 3.537250 | lrm: 0.56 | dt: 163.89ms | tok/sec: 399,873 | bf16_mfu: 30.72 | epoch: 1 pq: 1 rg: 37 | total time: 2.64m | eta: 1.4m
step 00978/01500 (65.20%) | loss: 3.552383 | lrm: 0.56 | dt: 165.41ms | tok/sec: 396,202 | bf16_mfu: 30.43 | epoch: 1 pq: 1 rg: 37 | total time: 2.64m | eta: 1.4m
step 00979/01500 (65.27%) | loss: 3.568948 | lrm: 0.56 | dt: 163.00ms | tok/sec: 402,054 | bf16_mfu: 30.88 | epoch: 1 pq: 1 rg: 38 | total time: 2.65m | eta: 1.4m
step 00980/01500 (65.33%) | loss: 3.570501 | lrm: 0.56 | dt: 162.73ms | tok/sec: 402,716 | bf16_mfu: 30.93 | epoch: 1 pq: 1 rg: 38 | total time: 2.65m | eta: 1.4m
step 00981/01500 (65.40%) | loss: 3.564462 | lrm: 0.56 | dt: 163.51ms | tok/sec: 400,806 | bf16_mfu: 30.79 | epoch: 1 pq: 1 rg: 38 | total time: 2.65m | eta: 1.4m
step 00982/01500 (65.47%) | loss: 3.557840 | lrm: 0.55 | dt: 162.83ms | tok/sec: 402,485 | bf16_mfu: 30.92 | epoch: 1 pq: 1 rg: 38 | total time: 2.66m | eta: 1.4m
step 00983/01500 (65.53%) | loss: 3.560242 | lrm: 0.55 | dt: 164.20ms | tok/sec: 399,119 | bf16_mfu: 30.66 | epoch: 1 pq: 1 rg: 38 | total time: 2.66m | eta: 1.4m
step 00984/01500 (65.60%) | loss: 3.550122 | lrm: 0.55 | dt: 165.28ms | tok/sec: 396,515 | bf16_mfu: 30.46 | epoch: 1 pq: 1 rg: 38 | total time: 2.66m | eta: 1.4m
step 00985/01500 (65.67%) | loss: 3.528336 | lrm: 0.55 | dt: 163.30ms | tok/sec: 401,329 | bf16_mfu: 30.83 | epoch: 1 pq: 1 rg: 38 | total time: 2.66m | eta: 1.4m
step 00986/01500 (65.73%) | loss: 3.513214 | lrm: 0.55 | dt: 163.97ms | tok/sec: 399,674 | bf16_mfu: 30.70 | epoch: 1 pq: 1 rg: 38 | total time: 2.67m | eta: 1.4m
step 00987/01500 (65.80%) | loss: 3.510686 | lrm: 0.55 | dt: 163.93ms | tok/sec: 399,770 | bf16_mfu: 30.71 | epoch: 1 pq: 1 rg: 39 | total time: 2.67m | eta: 1.4m
step 00988/01500 (65.87%) | loss: 3.499412 | lrm: 0.55 | dt: 163.95ms | tok/sec: 399,742 | bf16_mfu: 30.71 | epoch: 1 pq: 1 rg: 39 | total time: 2.67m | eta: 1.4m
step 00989/01500 (65.93%) | loss: 3.487126 | lrm: 0.55 | dt: 164.40ms | tok/sec: 398,649 | bf16_mfu: 30.62 | epoch: 1 pq: 1 rg: 39 | total time: 2.67m | eta: 1.4m
step 00990/01500 (66.00%) | loss: 3.488962 | lrm: 0.55 | dt: 163.40ms | tok/sec: 401,076 | bf16_mfu: 30.81 | epoch: 1 pq: 1 rg: 39 | total time: 2.68m | eta: 1.4m
step 00991/01500 (66.07%) | loss: 3.484317 | lrm: 0.55 | dt: 164.03ms | tok/sec: 399,534 | bf16_mfu: 30.69 | epoch: 1 pq: 1 rg: 39 | total time: 2.68m | eta: 1.4m
step 00992/01500 (66.13%) | loss: 3.472866 | lrm: 0.54 | dt: 163.51ms | tok/sec: 400,800 | bf16_mfu: 30.79 | epoch: 1 pq: 1 rg: 39 | total time: 2.68m | eta: 1.4m
step 00993/01500 (66.20%) | loss: 3.475551 | lrm: 0.54 | dt: 165.02ms | tok/sec: 397,132 | bf16_mfu: 30.51 | epoch: 1 pq: 1 rg: 39 | total time: 2.69m | eta: 1.4m
step 00994/01500 (66.27%) | loss: 3.465599 | lrm: 0.54 | dt: 164.10ms | tok/sec: 399,365 | bf16_mfu: 30.68 | epoch: 1 pq: 1 rg: 39 | total time: 2.69m | eta: 1.4m
step 00995/01500 (66.33%) | loss: 3.466822 | lrm: 0.54 | dt: 163.42ms | tok/sec: 401,022 | bf16_mfu: 30.80 | epoch: 1 pq: 1 rg: 40 | total time: 2.69m | eta: 1.4m
step 00996/01500 (66.40%) | loss: 3.473947 | lrm: 0.54 | dt: 162.66ms | tok/sec: 402,896 | bf16_mfu: 30.95 | epoch: 1 pq: 1 rg: 40 | total time: 2.69m | eta: 1.4m
step 00997/01500 (66.47%) | loss: 3.480625 | lrm: 0.54 | dt: 163.90ms | tok/sec: 399,846 | bf16_mfu: 30.71 | epoch: 1 pq: 1 rg: 40 | total time: 2.70m | eta: 1.4m
step 00998/01500 (66.53%) | loss: 3.475585 | lrm: 0.54 | dt: 164.98ms | tok/sec: 397,243 | bf16_mfu: 30.51 | epoch: 1 pq: 1 rg: 40 | total time: 2.70m | eta: 1.4m
step 00999/01500 (66.60%) | loss: 3.481658 | lrm: 0.54 | dt: 163.45ms | tok/sec: 400,942 | bf16_mfu: 30.80 | epoch: 1 pq: 1 rg: 40 | total time: 2.70m | eta: 1.4m
step 01000/01500 (66.67%) | loss: 3.495726 | lrm: 0.54 | dt: 163.53ms | tok/sec: 400,759 | bf16_mfu: 30.78 | epoch: 1 pq: 1 rg: 40 | total time: 2.70m | eta: 1.4m
step 01001/01500 (66.73%) | loss: 3.483392 | lrm: 0.54 | dt: 162.66ms | tok/sec: 402,894 | bf16_mfu: 30.95 | epoch: 1 pq: 1 rg: 40 | total time: 2.71m | eta: 1.4m
step 01002/01500 (66.80%) | loss: 3.506249 | lrm: 0.54 | dt: 164.26ms | tok/sec: 398,969 | bf16_mfu: 30.65 | epoch: 1 pq: 1 rg: 40 | total time: 2.71m | eta: 1.4m
step 01003/01500 (66.87%) | loss: 3.501605 | lrm: 0.53 | dt: 164.21ms | tok/sec: 399,100 | bf16_mfu: 30.66 | epoch: 1 pq: 1 rg: 41 | total time: 2.71m | eta: 1.4m
step 01004/01500 (66.93%) | loss: 3.497940 | lrm: 0.53 | dt: 164.37ms | tok/sec: 398,707 | bf16_mfu: 30.63 | epoch: 1 pq: 1 rg: 41 | total time: 2.72m | eta: 1.4m
step 01005/01500 (67.00%) | loss: 3.493449 | lrm: 0.53 | dt: 164.24ms | tok/sec: 399,033 | bf16_mfu: 30.65 | epoch: 1 pq: 1 rg: 41 | total time: 2.72m | eta: 1.4m
step 01006/01500 (67.07%) | loss: 3.488166 | lrm: 0.53 | dt: 163.92ms | tok/sec: 399,816 | bf16_mfu: 30.71 | epoch: 1 pq: 1 rg: 41 | total time: 2.72m | eta: 1.3m
step 01007/01500 (67.13%) | loss: 3.480192 | lrm: 0.53 | dt: 163.09ms | tok/sec: 401,834 | bf16_mfu: 30.87 | epoch: 1 pq: 1 rg: 41 | total time: 2.72m | eta: 1.3m
step 01008/01500 (67.20%) | loss: 3.468752 | lrm: 0.53 | dt: 165.64ms | tok/sec: 395,661 | bf16_mfu: 30.39 | epoch: 1 pq: 1 rg: 41 | total time: 2.73m | eta: 1.3m
step 01009/01500 (67.27%) | loss: 3.465328 | lrm: 0.53 | dt: 163.45ms | tok/sec: 400,954 | bf16_mfu: 30.80 | epoch: 1 pq: 1 rg: 41 | total time: 2.73m | eta: 1.3m
step 01010/01500 (67.33%) | loss: 3.462288 | lrm: 0.53 | dt: 162.96ms | tok/sec: 402,152 | bf16_mfu: 30.89 | epoch: 1 pq: 1 rg: 41 | total time: 2.73m | eta: 1.3m
step 01011/01500 (67.40%) | loss: 3.481531 | lrm: 0.53 | dt: 163.73ms | tok/sec: 400,274 | bf16_mfu: 30.75 | epoch: 1 pq: 1 rg: 42 | total time: 2.73m | eta: 1.3m
step 01012/01500 (67.47%) | loss: 3.473740 | lrm: 0.53 | dt: 163.01ms | tok/sec: 402,044 | bf16_mfu: 30.88 | epoch: 1 pq: 1 rg: 42 | total time: 2.74m | eta: 1.3m
step 01013/01500 (67.53%) | loss: 3.464734 | lrm: 0.52 | dt: 163.16ms | tok/sec: 401,656 | bf16_mfu: 30.85 | epoch: 1 pq: 1 rg: 42 | total time: 2.74m | eta: 1.3m
step 01014/01500 (67.60%) | loss: 3.459020 | lrm: 0.52 | dt: 166.29ms | tok/sec: 394,116 | bf16_mfu: 30.27 | epoch: 1 pq: 1 rg: 42 | total time: 2.74m | eta: 1.3m
step 01015/01500 (67.67%) | loss: 3.453111 | lrm: 0.52 | dt: 162.81ms | tok/sec: 402,531 | bf16_mfu: 30.92 | epoch: 1 pq: 1 rg: 42 | total time: 2.75m | eta: 1.3m
step 01016/01500 (67.73%) | loss: 3.460543 | lrm: 0.52 | dt: 162.29ms | tok/sec: 403,830 | bf16_mfu: 31.02 | epoch: 1 pq: 1 rg: 42 | total time: 2.75m | eta: 1.3m
step 01017/01500 (67.80%) | loss: 3.463604 | lrm: 0.52 | dt: 163.88ms | tok/sec: 399,894 | bf16_mfu: 30.72 | epoch: 1 pq: 1 rg: 42 | total time: 2.75m | eta: 1.3m
step 01018/01500 (67.87%) | loss: 3.463026 | lrm: 0.52 | dt: 163.45ms | tok/sec: 400,963 | bf16_mfu: 30.80 | epoch: 1 pq: 1 rg: 42 | total time: 2.75m | eta: 1.3m
step 01019/01500 (67.93%) | loss: 3.453410 | lrm: 0.52 | dt: 164.75ms | tok/sec: 397,796 | bf16_mfu: 30.56 | epoch: 1 pq: 1 rg: 43 | total time: 2.76m | eta: 1.3m
step 01020/01500 (68.00%) | loss: 3.456159 | lrm: 0.52 | dt: 163.68ms | tok/sec: 400,390 | bf16_mfu: 30.76 | epoch: 1 pq: 1 rg: 43 | total time: 2.76m | eta: 1.3m
step 01021/01500 (68.07%) | loss: 3.459598 | lrm: 0.52 | dt: 163.83ms | tok/sec: 400,016 | bf16_mfu: 30.73 | epoch: 1 pq: 1 rg: 43 | total time: 2.76m | eta: 1.3m
step 01022/01500 (68.13%) | loss: 3.474718 | lrm: 0.52 | dt: 163.29ms | tok/sec: 401,343 | bf16_mfu: 30.83 | epoch: 1 pq: 1 rg: 43 | total time: 2.76m | eta: 1.3m
step 01023/01500 (68.20%) | loss: 3.462251 | lrm: 0.51 | dt: 164.05ms | tok/sec: 399,492 | bf16_mfu: 30.69 | epoch: 1 pq: 1 rg: 43 | total time: 2.77m | eta: 1.3m
step 01024/01500 (68.27%) | loss: 3.487536 | lrm: 0.51 | dt: 164.28ms | tok/sec: 398,940 | bf16_mfu: 30.64 | epoch: 1 pq: 1 rg: 43 | total time: 2.77m | eta: 1.3m
step 01025/01500 (68.33%) | loss: 3.503482 | lrm: 0.51 | dt: 163.90ms | tok/sec: 399,848 | bf16_mfu: 30.71 | epoch: 1 pq: 1 rg: 43 | total time: 2.77m | eta: 1.3m
step 01026/01500 (68.40%) | loss: 3.500491 | lrm: 0.51 | dt: 164.13ms | tok/sec: 399,286 | bf16_mfu: 30.67 | epoch: 1 pq: 1 rg: 43 | total time: 2.78m | eta: 1.3m
step 01027/01500 (68.47%) | loss: 3.492051 | lrm: 0.51 | dt: 163.39ms | tok/sec: 401,091 | bf16_mfu: 30.81 | epoch: 1 pq: 1 rg: 43 | total time: 2.78m | eta: 1.3m
step 01028/01500 (68.53%) | loss: 3.517970 | lrm: 0.51 | dt: 164.47ms | tok/sec: 398,462 | bf16_mfu: 30.61 | epoch: 1 pq: 1 rg: 44 | total time: 2.78m | eta: 1.3m
step 01029/01500 (68.60%) | loss: 3.523866 | lrm: 0.51 | dt: 165.00ms | tok/sec: 397,177 | bf16_mfu: 30.51 | epoch: 1 pq: 1 rg: 44 | total time: 2.78m | eta: 1.3m
step 01030/01500 (68.67%) | loss: 3.516233 | lrm: 0.51 | dt: 162.99ms | tok/sec: 402,089 | bf16_mfu: 30.89 | epoch: 1 pq: 1 rg: 44 | total time: 2.79m | eta: 1.3m
step 01031/01500 (68.73%) | loss: 3.517847 | lrm: 0.51 | dt: 163.28ms | tok/sec: 401,363 | bf16_mfu: 30.83 | epoch: 1 pq: 1 rg: 44 | total time: 2.79m | eta: 1.3m
step 01032/01500 (68.80%) | loss: 3.528499 | lrm: 0.51 | dt: 163.43ms | tok/sec: 400,996 | bf16_mfu: 30.80 | epoch: 1 pq: 1 rg: 44 | total time: 2.79m | eta: 1.3m
step 01033/01500 (68.87%) | loss: 3.523307 | lrm: 0.51 | dt: 163.86ms | tok/sec: 399,952 | bf16_mfu: 30.72 | epoch: 1 pq: 1 rg: 44 | total time: 2.79m | eta: 1.3m
step 01034/01500 (68.93%) | loss: 3.519517 | lrm: 0.50 | dt: 165.20ms | tok/sec: 396,704 | bf16_mfu: 30.47 | epoch: 1 pq: 1 rg: 44 | total time: 2.80m | eta: 1.3m
step 01035/01500 (69.00%) | loss: 3.514881 | lrm: 0.50 | dt: 163.69ms | tok/sec: 400,373 | bf16_mfu: 30.75 | epoch: 1 pq: 1 rg: 44 | total time: 2.80m | eta: 1.3m
step 01036/01500 (69.07%) | loss: 3.509145 | lrm: 0.50 | dt: 162.75ms | tok/sec: 402,688 | bf16_mfu: 30.93 | epoch: 1 pq: 1 rg: 45 | total time: 2.80m | eta: 1.3m
step 01037/01500 (69.13%) | loss: 3.509562 | lrm: 0.50 | dt: 162.64ms | tok/sec: 402,960 | bf16_mfu: 30.95 | epoch: 1 pq: 1 rg: 45 | total time: 2.81m | eta: 1.3m
step 01038/01500 (69.20%) | loss: 3.504156 | lrm: 0.50 | dt: 163.31ms | tok/sec: 401,298 | bf16_mfu: 30.83 | epoch: 1 pq: 1 rg: 45 | total time: 2.81m | eta: 1.3m
step 01039/01500 (69.27%) | loss: 3.511725 | lrm: 0.50 | dt: 165.55ms | tok/sec: 395,859 | bf16_mfu: 30.41 | epoch: 1 pq: 1 rg: 45 | total time: 2.81m | eta: 1.3m
step 01040/01500 (69.33%) | loss: 3.524734 | lrm: 0.50 | dt: 163.57ms | tok/sec: 400,666 | bf16_mfu: 30.78 | epoch: 1 pq: 1 rg: 45 | total time: 2.81m | eta: 1.3m
step 01041/01500 (69.40%) | loss: 3.521915 | lrm: 0.50 | dt: 164.48ms | tok/sec: 398,452 | bf16_mfu: 30.61 | epoch: 1 pq: 1 rg: 45 | total time: 2.82m | eta: 1.3m
step 01042/01500 (69.47%) | loss: 3.514910 | lrm: 0.50 | dt: 163.45ms | tok/sec: 400,955 | bf16_mfu: 30.80 | epoch: 1 pq: 1 rg: 45 | total time: 2.82m | eta: 1.3m
step 01043/01500 (69.53%) | loss: 3.514059 | lrm: 0.50 | dt: 163.80ms | tok/sec: 400,086 | bf16_mfu: 30.73 | epoch: 1 pq: 1 rg: 45 | total time: 2.82m | eta: 1.2m
step 01044/01500 (69.60%) | loss: 3.494165 | lrm: 0.49 | dt: 164.96ms | tok/sec: 397,295 | bf16_mfu: 30.52 | epoch: 1 pq: 1 rg: 46 | total time: 2.82m | eta: 1.2m
step 01045/01500 (69.67%) | loss: 3.483672 | lrm: 0.49 | dt: 163.89ms | tok/sec: 399,873 | bf16_mfu: 30.72 | epoch: 1 pq: 1 rg: 46 | total time: 2.83m | eta: 1.2m
step 01046/01500 (69.73%) | loss: 3.482508 | lrm: 0.49 | dt: 163.39ms | tok/sec: 401,109 | bf16_mfu: 30.81 | epoch: 1 pq: 1 rg: 46 | total time: 2.83m | eta: 1.2m
step 01047/01500 (69.80%) | loss: 3.473629 | lrm: 0.49 | dt: 164.15ms | tok/sec: 399,248 | bf16_mfu: 30.67 | epoch: 1 pq: 1 rg: 46 | total time: 2.83m | eta: 1.2m
step 01048/01500 (69.87%) | loss: 3.455916 | lrm: 0.49 | dt: 165.10ms | tok/sec: 396,949 | bf16_mfu: 30.49 | epoch: 1 pq: 1 rg: 46 | total time: 2.84m | eta: 1.2m
step 01049/01500 (69.93%) | loss: 3.452928 | lrm: 0.49 | dt: 164.54ms | tok/sec: 398,295 | bf16_mfu: 30.59 | epoch: 1 pq: 1 rg: 46 | total time: 2.84m | eta: 1.2m
step 01050/01500 (70.00%) | loss: 3.436830 | lrm: 0.49 | dt: 165.27ms | tok/sec: 396,532 | bf16_mfu: 30.46 | epoch: 1 pq: 1 rg: 46 | total time: 2.84m | eta: 1.2m
step 01051/01500 (70.07%) | loss: 3.424099 | lrm: 0.49 | dt: 164.31ms | tok/sec: 398,848 | bf16_mfu: 30.64 | epoch: 1 pq: 1 rg: 46 | total time: 2.84m | eta: 1.2m
step 01052/01500 (70.13%) | loss: 3.422336 | lrm: 0.49 | dt: 163.98ms | tok/sec: 399,656 | bf16_mfu: 30.70 | epoch: 1 pq: 1 rg: 47 | total time: 2.85m | eta: 1.2m
step 01053/01500 (70.20%) | loss: 3.421843 | lrm: 0.49 | dt: 164.97ms | tok/sec: 397,248 | bf16_mfu: 30.51 | epoch: 1 pq: 1 rg: 47 | total time: 2.85m | eta: 1.2m
step 01054/01500 (70.27%) | loss: 3.435867 | lrm: 0.48 | dt: 163.31ms | tok/sec: 401,288 | bf16_mfu: 30.82 | epoch: 1 pq: 1 rg: 47 | total time: 2.85m | eta: 1.2m
step 01055/01500 (70.33%) | loss: 3.426080 | lrm: 0.48 | dt: 162.44ms | tok/sec: 403,437 | bf16_mfu: 30.99 | epoch: 1 pq: 1 rg: 47 | total time: 2.85m | eta: 1.2m
step 01056/01500 (70.40%) | loss: 3.418834 | lrm: 0.48 | dt: 163.22ms | tok/sec: 401,528 | bf16_mfu: 30.84 | epoch: 1 pq: 1 rg: 47 | total time: 2.86m | eta: 1.2m
step 01057/01500 (70.47%) | loss: 3.421212 | lrm: 0.48 | dt: 164.19ms | tok/sec: 399,152 | bf16_mfu: 30.66 | epoch: 1 pq: 1 rg: 47 | total time: 2.86m | eta: 1.2m
step 01058/01500 (70.53%) | loss: 3.426471 | lrm: 0.48 | dt: 164.56ms | tok/sec: 398,258 | bf16_mfu: 30.59 | epoch: 1 pq: 1 rg: 47 | total time: 2.86m | eta: 1.2m
step 01059/01500 (70.60%) | loss: 3.427195 | lrm: 0.48 | dt: 163.50ms | tok/sec: 400,838 | bf16_mfu: 30.79 | epoch: 1 pq: 1 rg: 47 | total time: 2.87m | eta: 1.2m
step 01060/01500 (70.67%) | loss: 3.422160 | lrm: 0.48 | dt: 162.72ms | tok/sec: 402,757 | bf16_mfu: 30.94 | epoch: 1 pq: 1 rg: 47 | total time: 2.87m | eta: 1.2m
step 01061/01500 (70.73%) | loss: 3.422567 | lrm: 0.48 | dt: 163.80ms | tok/sec: 400,106 | bf16_mfu: 30.73 | epoch: 1 pq: 1 rg: 48 | total time: 2.87m | eta: 1.2m
step 01062/01500 (70.80%) | loss: 3.413613 | lrm: 0.48 | dt: 164.51ms | tok/sec: 398,368 | bf16_mfu: 30.60 | epoch: 1 pq: 1 rg: 48 | total time: 2.87m | eta: 1.2m
step 01063/01500 (70.87%) | loss: 3.426279 | lrm: 0.48 | dt: 163.34ms | tok/sec: 401,235 | bf16_mfu: 30.82 | epoch: 1 pq: 1 rg: 48 | total time: 2.88m | eta: 1.2m
step 01064/01500 (70.93%) | loss: 3.442929 | lrm: 0.47 | dt: 164.60ms | tok/sec: 398,152 | bf16_mfu: 30.58 | epoch: 1 pq: 1 rg: 48 | total time: 2.88m | eta: 1.2m
step 01065/01500 (71.00%) | loss: 3.432506 | lrm: 0.47 | dt: 162.90ms | tok/sec: 402,310 | bf16_mfu: 30.90 | epoch: 1 pq: 1 rg: 48 | total time: 2.88m | eta: 1.2m
step 01066/01500 (71.07%) | loss: 3.453691 | lrm: 0.47 | dt: 163.00ms | tok/sec: 402,052 | bf16_mfu: 30.88 | epoch: 1 pq: 1 rg: 48 | total time: 2.88m | eta: 1.2m
step 01067/01500 (71.13%) | loss: 3.455716 | lrm: 0.47 | dt: 164.30ms | tok/sec: 398,888 | bf16_mfu: 30.64 | epoch: 1 pq: 1 rg: 48 | total time: 2.89m | eta: 1.2m
step 01068/01500 (71.20%) | loss: 3.452536 | lrm: 0.47 | dt: 165.02ms | tok/sec: 397,135 | bf16_mfu: 30.51 | epoch: 1 pq: 1 rg: 48 | total time: 2.89m | eta: 1.2m
step 01069/01500 (71.27%) | loss: 3.466761 | lrm: 0.47 | dt: 163.83ms | tok/sec: 400,025 | bf16_mfu: 30.73 | epoch: 1 pq: 1 rg: 49 | total time: 2.89m | eta: 1.2m
step 01070/01500 (71.33%) | loss: 3.483641 | lrm: 0.47 | dt: 164.29ms | tok/sec: 398,905 | bf16_mfu: 30.64 | epoch: 1 pq: 1 rg: 49 | total time: 2.90m | eta: 1.2m
step 01071/01500 (71.40%) | loss: 3.491439 | lrm: 0.47 | dt: 163.32ms | tok/sec: 401,282 | bf16_mfu: 30.82 | epoch: 1 pq: 1 rg: 49 | total time: 2.90m | eta: 1.2m
step 01072/01500 (71.47%) | loss: 3.498520 | lrm: 0.47 | dt: 166.03ms | tok/sec: 394,717 | bf16_mfu: 30.32 | epoch: 1 pq: 1 rg: 49 | total time: 2.90m | eta: 1.2m
step 01073/01500 (71.53%) | loss: 3.496980 | lrm: 0.47 | dt: 164.61ms | tok/sec: 398,120 | bf16_mfu: 30.58 | epoch: 1 pq: 1 rg: 49 | total time: 2.90m | eta: 1.2m
step 01074/01500 (71.60%) | loss: 3.503451 | lrm: 0.47 | dt: 163.63ms | tok/sec: 400,516 | bf16_mfu: 30.77 | epoch: 1 pq: 1 rg: 49 | total time: 2.91m | eta: 1.2m
step 01075/01500 (71.67%) | loss: 3.498793 | lrm: 0.46 | dt: 163.73ms | tok/sec: 400,280 | bf16_mfu: 30.75 | epoch: 1 pq: 1 rg: 49 | total time: 2.91m | eta: 1.2m
step 01076/01500 (71.73%) | loss: 3.474344 | lrm: 0.46 | dt: 164.54ms | tok/sec: 398,302 | bf16_mfu: 30.60 | epoch: 1 pq: 1 rg: 49 | total time: 2.91m | eta: 1.2m
step 01077/01500 (71.80%) | loss: 3.469532 | lrm: 0.46 | dt: 164.87ms | tok/sec: 397,504 | bf16_mfu: 30.53 | epoch: 1 pq: 1 rg: 50 | total time: 2.91m | eta: 1.2m
step 01078/01500 (71.87%) | loss: 3.468850 | lrm: 0.46 | dt: 163.61ms | tok/sec: 400,566 | bf16_mfu: 30.77 | epoch: 1 pq: 1 rg: 50 | total time: 2.92m | eta: 1.2m
step 01079/01500 (71.93%) | loss: 3.463214 | lrm: 0.46 | dt: 163.35ms | tok/sec: 401,196 | bf16_mfu: 30.82 | epoch: 1 pq: 1 rg: 50 | total time: 2.92m | eta: 1.2m
step 01080/01500 (72.00%) | loss: 3.456650 | lrm: 0.46 | dt: 164.05ms | tok/sec: 399,499 | bf16_mfu: 30.69 | epoch: 1 pq: 1 rg: 50 | total time: 2.92m | eta: 1.1m
step 01081/01500 (72.07%) | loss: 3.470925 | lrm: 0.46 | dt: 163.21ms | tok/sec: 401,550 | bf16_mfu: 30.84 | epoch: 1 pq: 1 rg: 50 | total time: 2.93m | eta: 1.1m
step 01082/01500 (72.13%) | loss: 3.469483 | lrm: 0.46 | dt: 164.57ms | tok/sec: 398,225 | bf16_mfu: 30.59 | epoch: 1 pq: 1 rg: 50 | total time: 2.93m | eta: 1.1m
step 01083/01500 (72.20%) | loss: 3.488524 | lrm: 0.46 | dt: 164.28ms | tok/sec: 398,920 | bf16_mfu: 30.64 | epoch: 1 pq: 1 rg: 50 | total time: 2.93m | eta: 1.1m
step 01084/01500 (72.27%) | loss: 3.491137 | lrm: 0.46 | dt: 164.03ms | tok/sec: 399,544 | bf16_mfu: 30.69 | epoch: 1 pq: 1 rg: 50 | total time: 2.93m | eta: 1.1m
step 01085/01500 (72.33%) | loss: 3.497146 | lrm: 0.45 | dt: 162.90ms | tok/sec: 402,311 | bf16_mfu: 30.90 | epoch: 1 pq: 1 rg: 50 | total time: 2.94m | eta: 1.1m
step 01086/01500 (72.40%) | loss: 3.502634 | lrm: 0.45 | dt: 164.23ms | tok/sec: 399,062 | bf16_mfu: 30.65 | epoch: 1 pq: 1 rg: 51 | total time: 2.94m | eta: 1.1m
step 01087/01500 (72.47%) | loss: 3.504008 | lrm: 0.45 | dt: 165.13ms | tok/sec: 396,870 | bf16_mfu: 30.49 | epoch: 1 pq: 1 rg: 51 | total time: 2.94m | eta: 1.1m
step 01088/01500 (72.53%) | loss: 3.506710 | lrm: 0.45 | dt: 163.77ms | tok/sec: 400,177 | bf16_mfu: 30.74 | epoch: 1 pq: 1 rg: 51 | total time: 2.94m | eta: 1.1m
step 01089/01500 (72.60%) | loss: 3.515731 | lrm: 0.45 | dt: 163.32ms | tok/sec: 401,269 | bf16_mfu: 30.82 | epoch: 1 pq: 1 rg: 51 | total time: 2.95m | eta: 1.1m
step 01090/01500 (72.67%) | loss: 3.527834 | lrm: 0.45 | dt: 163.99ms | tok/sec: 399,638 | bf16_mfu: 30.70 | epoch: 1 pq: 1 rg: 51 | total time: 2.95m | eta: 1.1m
step 01091/01500 (72.73%) | loss: 3.528091 | lrm: 0.45 | dt: 163.86ms | tok/sec: 399,950 | bf16_mfu: 30.72 | epoch: 1 pq: 1 rg: 51 | total time: 2.95m | eta: 1.1m
step 01092/01500 (72.80%) | loss: 3.542063 | lrm: 0.45 | dt: 165.90ms | tok/sec: 395,029 | bf16_mfu: 30.34 | epoch: 1 pq: 1 rg: 51 | total time: 2.96m | eta: 1.1m
step 01093/01500 (72.87%) | loss: 3.528126 | lrm: 0.45 | dt: 163.27ms | tok/sec: 401,405 | bf16_mfu: 30.83 | epoch: 1 pq: 1 rg: 51 | total time: 2.96m | eta: 1.1m
step 01094/01500 (72.93%) | loss: 3.509703 | lrm: 0.45 | dt: 164.13ms | tok/sec: 399,295 | bf16_mfu: 30.67 | epoch: 1 pq: 1 rg: 52 | total time: 2.96m | eta: 1.1m
step 01095/01500 (73.00%) | loss: 3.507582 | lrm: 0.44 | dt: 164.49ms | tok/sec: 398,425 | bf16_mfu: 30.60 | epoch: 1 pq: 1 rg: 52 | total time: 2.96m | eta: 1.1m
step 01096/01500 (73.07%) | loss: 3.493739 | lrm: 0.44 | dt: 164.66ms | tok/sec: 398,000 | bf16_mfu: 30.57 | epoch: 1 pq: 1 rg: 52 | total time: 2.97m | eta: 1.1m
step 01097/01500 (73.13%) | loss: 3.485403 | lrm: 0.44 | dt: 164.16ms | tok/sec: 399,211 | bf16_mfu: 30.67 | epoch: 1 pq: 1 rg: 52 | total time: 2.97m | eta: 1.1m
step 01098/01500 (73.20%) | loss: 3.477186 | lrm: 0.44 | dt: 165.86ms | tok/sec: 395,130 | bf16_mfu: 30.35 | epoch: 1 pq: 1 rg: 52 | total time: 2.97m | eta: 1.1m
step 01099/01500 (73.27%) | loss: 3.479009 | lrm: 0.44 | dt: 163.69ms | tok/sec: 400,357 | bf16_mfu: 30.75 | epoch: 1 pq: 1 rg: 52 | total time: 2.97m | eta: 1.1m
step 01100/01500 (73.33%) | loss: 3.466359 | lrm: 0.44 | dt: 164.09ms | tok/sec: 399,385 | bf16_mfu: 30.68 | epoch: 1 pq: 1 rg: 52 | total time: 2.98m | eta: 1.1m
step 01101/01500 (73.40%) | loss: 3.462766 | lrm: 0.44 | dt: 165.31ms | tok/sec: 396,438 | bf16_mfu: 30.45 | epoch: 1 pq: 1 rg: 52 | total time: 2.98m | eta: 1.1m
step 01102/01500 (73.47%) | loss: 3.465657 | lrm: 0.44 | dt: 163.12ms | tok/sec: 401,776 | bf16_mfu: 30.86 | epoch: 1 pq: 1 rg: 53 | total time: 2.98m | eta: 1.1m
step 01103/01500 (73.53%) | loss: 3.463872 | lrm: 0.44 | dt: 163.44ms | tok/sec: 400,969 | bf16_mfu: 30.80 | epoch: 1 pq: 1 rg: 53 | total time: 2.99m | eta: 1.1m
step 01104/01500 (73.60%) | loss: 3.457785 | lrm: 0.44 | dt: 163.04ms | tok/sec: 401,965 | bf16_mfu: 30.88 | epoch: 1 pq: 1 rg: 53 | total time: 2.99m | eta: 1.1m
step 01105/01500 (73.67%) | loss: 3.454753 | lrm: 0.43 | dt: 164.06ms | tok/sec: 399,473 | bf16_mfu: 30.69 | epoch: 1 pq: 1 rg: 53 | total time: 2.99m | eta: 1.1m
step 01106/01500 (73.73%) | loss: 3.449112 | lrm: 0.43 | dt: 164.10ms | tok/sec: 399,358 | bf16_mfu: 30.68 | epoch: 1 pq: 1 rg: 53 | total time: 2.99m | eta: 1.1m
step 01107/01500 (73.80%) | loss: 3.432934 | lrm: 0.43 | dt: 163.29ms | tok/sec: 401,359 | bf16_mfu: 30.83 | epoch: 1 pq: 1 rg: 53 | total time: 3.00m | eta: 1.1m
step 01108/01500 (73.87%) | loss: 3.429393 | lrm: 0.43 | dt: 162.93ms | tok/sec: 402,237 | bf16_mfu: 30.90 | epoch: 1 pq: 1 rg: 53 | total time: 3.00m | eta: 1.1m
step 01109/01500 (73.93%) | loss: 3.432483 | lrm: 0.43 | dt: 163.48ms | tok/sec: 400,884 | bf16_mfu: 30.79 | epoch: 1 pq: 1 rg: 53 | total time: 3.00m | eta: 1.1m
step 01110/01500 (74.00%) | loss: 3.439043 | lrm: 0.43 | dt: 163.64ms | tok/sec: 400,496 | bf16_mfu: 30.76 | epoch: 1 pq: 1 rg: 53 | total time: 3.00m | eta: 1.1m
step 01111/01500 (74.07%) | loss: 3.443994 | lrm: 0.43 | dt: 164.78ms | tok/sec: 397,708 | bf16_mfu: 30.55 | epoch: 1 pq: 1 rg: 54 | total time: 3.01m | eta: 1.1m
step 01112/01500 (74.13%) | loss: 3.444726 | lrm: 0.43 | dt: 164.23ms | tok/sec: 399,055 | bf16_mfu: 30.65 | epoch: 1 pq: 1 rg: 54 | total time: 3.01m | eta: 1.1m
step 01113/01500 (74.20%) | loss: 3.447477 | lrm: 0.43 | dt: 163.80ms | tok/sec: 400,102 | bf16_mfu: 30.73 | epoch: 1 pq: 1 rg: 54 | total time: 3.01m | eta: 1.1m
step 01114/01500 (74.27%) | loss: 3.444058 | lrm: 0.43 | dt: 163.76ms | tok/sec: 400,204 | bf16_mfu: 30.74 | epoch: 1 pq: 1 rg: 54 | total time: 3.02m | eta: 1.1m
step 01115/01500 (74.33%) | loss: 3.440220 | lrm: 0.43 | dt: 163.93ms | tok/sec: 399,781 | bf16_mfu: 30.71 | epoch: 1 pq: 1 rg: 54 | total time: 3.02m | eta: 1.1m
step 01116/01500 (74.40%) | loss: 3.441944 | lrm: 0.42 | dt: 165.45ms | tok/sec: 396,115 | bf16_mfu: 30.43 | epoch: 1 pq: 1 rg: 54 | total time: 3.02m | eta: 1.0m
step 01117/01500 (74.47%) | loss: 3.454875 | lrm: 0.42 | dt: 164.20ms | tok/sec: 399,129 | bf16_mfu: 30.66 | epoch: 1 pq: 1 rg: 54 | total time: 3.02m | eta: 1.0m
step 01118/01500 (74.53%) | loss: 3.452007 | lrm: 0.42 | dt: 164.26ms | tok/sec: 398,989 | bf16_mfu: 30.65 | epoch: 1 pq: 1 rg: 54 | total time: 3.03m | eta: 1.0m
step 01119/01500 (74.60%) | loss: 3.455516 | lrm: 0.42 | dt: 163.83ms | tok/sec: 400,026 | bf16_mfu: 30.73 | epoch: 1 pq: 1 rg: 55 | total time: 3.03m | eta: 1.0m
step 01120/01500 (74.67%) | loss: 3.455170 | lrm: 0.42 | dt: 164.61ms | tok/sec: 398,126 | bf16_mfu: 30.58 | epoch: 1 pq: 1 rg: 55 | total time: 3.03m | eta: 1.0m
step 01121/01500 (74.73%) | loss: 3.459261 | lrm: 0.42 | dt: 164.60ms | tok/sec: 398,155 | bf16_mfu: 30.58 | epoch: 1 pq: 1 rg: 55 | total time: 3.03m | eta: 1.0m
step 01122/01500 (74.80%) | loss: 3.452467 | lrm: 0.42 | dt: 164.33ms | tok/sec: 398,815 | bf16_mfu: 30.63 | epoch: 1 pq: 1 rg: 55 | total time: 3.04m | eta: 1.0m
step 01123/01500 (74.87%) | loss: 3.457655 | lrm: 0.42 | dt: 163.73ms | tok/sec: 400,275 | bf16_mfu: 30.75 | epoch: 1 pq: 1 rg: 55 | total time: 3.04m | eta: 1.0m
step 01124/01500 (74.93%) | loss: 3.450284 | lrm: 0.42 | dt: 162.88ms | tok/sec: 402,348 | bf16_mfu: 30.91 | epoch: 1 pq: 1 rg: 55 | total time: 3.04m | eta: 1.0m
step 01125/01500 (75.00%) | loss: 3.444841 | lrm: 0.42 | dt: 164.71ms | tok/sec: 397,889 | bf16_mfu: 30.56 | epoch: 1 pq: 1 rg: 55 | total time: 3.05m | eta: 1.0m
step 01126/01500 (75.07%) | loss: 3.456284 | lrm: 0.41 | dt: 164.12ms | tok/sec: 399,328 | bf16_mfu: 30.67 | epoch: 1 pq: 1 rg: 55 | total time: 3.05m | eta: 1.0m
step 01127/01500 (75.13%) | loss: 3.446291 | lrm: 0.41 | dt: 163.95ms | tok/sec: 399,733 | bf16_mfu: 30.71 | epoch: 1 pq: 1 rg: 55 | total time: 3.05m | eta: 1.0m
step 01128/01500 (75.20%) | loss: 3.432979 | lrm: 0.41 | dt: 163.97ms | tok/sec: 399,671 | bf16_mfu: 30.70 | epoch: 1 pq: 1 rg: 56 | total time: 3.05m | eta: 1.0m
step 01129/01500 (75.27%) | loss: 3.420088 | lrm: 0.41 | dt: 164.91ms | tok/sec: 397,413 | bf16_mfu: 30.53 | epoch: 1 pq: 1 rg: 56 | total time: 3.06m | eta: 1.0m
step 01130/01500 (75.33%) | loss: 3.412375 | lrm: 0.41 | dt: 164.03ms | tok/sec: 399,531 | bf16_mfu: 30.69 | epoch: 1 pq: 1 rg: 56 | total time: 3.06m | eta: 1.0m
step 01131/01500 (75.40%) | loss: 3.424769 | lrm: 0.41 | dt: 162.59ms | tok/sec: 403,085 | bf16_mfu: 30.96 | epoch: 1 pq: 1 rg: 56 | total time: 3.06m | eta: 1.0m
step 01132/01500 (75.47%) | loss: 3.437373 | lrm: 0.41 | dt: 162.75ms | tok/sec: 402,681 | bf16_mfu: 30.93 | epoch: 1 pq: 1 rg: 56 | total time: 3.06m | eta: 1.0m
step 01133/01500 (75.53%) | loss: 3.448037 | lrm: 0.41 | dt: 163.25ms | tok/sec: 401,444 | bf16_mfu: 30.84 | epoch: 1 pq: 1 rg: 56 | total time: 3.07m | eta: 1.0m
step 01134/01500 (75.60%) | loss: 3.442832 | lrm: 0.41 | dt: 165.11ms | tok/sec: 396,926 | bf16_mfu: 30.49 | epoch: 1 pq: 1 rg: 56 | total time: 3.07m | eta: 1.0m
step 01135/01500 (75.67%) | loss: 3.446590 | lrm: 0.41 | dt: 165.63ms | tok/sec: 395,670 | bf16_mfu: 30.39 | epoch: 1 pq: 1 rg: 56 | total time: 3.07m | eta: 1.0m
step 01136/01500 (75.73%) | loss: 3.453677 | lrm: 0.40 | dt: 163.55ms | tok/sec: 400,714 | bf16_mfu: 30.78 | epoch: 1 pq: 1 rg: 57 | total time: 3.08m | eta: 1.0m
step 01137/01500 (75.80%) | loss: 3.443799 | lrm: 0.40 | dt: 163.91ms | tok/sec: 399,829 | bf16_mfu: 30.71 | epoch: 1 pq: 1 rg: 57 | total time: 3.08m | eta: 1.0m
step 01138/01500 (75.87%) | loss: 3.433628 | lrm: 0.40 | dt: 162.71ms | tok/sec: 402,769 | bf16_mfu: 30.94 | epoch: 1 pq: 1 rg: 57 | total time: 3.08m | eta: 1.0m
step 01139/01500 (75.93%) | loss: 3.431158 | lrm: 0.40 | dt: 164.00ms | tok/sec: 399,611 | bf16_mfu: 30.70 | epoch: 1 pq: 1 rg: 57 | total time: 3.08m | eta: 1.0m
step 01140/01500 (76.00%) | loss: 3.427286 | lrm: 0.40 | dt: 164.85ms | tok/sec: 397,543 | bf16_mfu: 30.54 | epoch: 1 pq: 1 rg: 57 | total time: 3.09m | eta: 1.0m
step 01141/01500 (76.07%) | loss: 3.442985 | lrm: 0.40 | dt: 163.22ms | tok/sec: 401,521 | bf16_mfu: 30.84 | epoch: 1 pq: 1 rg: 57 | total time: 3.09m | eta: 1.0m
step 01142/01500 (76.13%) | loss: 3.437008 | lrm: 0.40 | dt: 163.84ms | tok/sec: 399,997 | bf16_mfu: 30.73 | epoch: 1 pq: 1 rg: 57 | total time: 3.09m | eta: 1.0m
step 01143/01500 (76.20%) | loss: 3.440334 | lrm: 0.40 | dt: 162.66ms | tok/sec: 402,903 | bf16_mfu: 30.95 | epoch: 1 pq: 1 rg: 57 | total time: 3.10m | eta: 1.0m
step 01144/01500 (76.27%) | loss: 3.435619 | lrm: 0.40 | dt: 163.63ms | tok/sec: 400,515 | bf16_mfu: 30.77 | epoch: 1 pq: 1 rg: 58 | total time: 3.10m | eta: 1.0m
step 01145/01500 (76.33%) | loss: 3.434190 | lrm: 0.40 | dt: 165.06ms | tok/sec: 397,038 | bf16_mfu: 30.50 | epoch: 1 pq: 1 rg: 58 | total time: 3.10m | eta: 1.0m
step 01146/01500 (76.40%) | loss: 3.435510 | lrm: 0.39 | dt: 163.78ms | tok/sec: 400,157 | bf16_mfu: 30.74 | epoch: 1 pq: 1 rg: 58 | total time: 3.10m | eta: 1.0m
step 01147/01500 (76.47%) | loss: 3.450596 | lrm: 0.39 | dt: 164.03ms | tok/sec: 399,547 | bf16_mfu: 30.69 | epoch: 1 pq: 1 rg: 58 | total time: 3.11m | eta: 1.0m
step 01148/01500 (76.53%) | loss: 3.432108 | lrm: 0.39 | dt: 163.58ms | tok/sec: 400,641 | bf16_mfu: 30.78 | epoch: 1 pq: 1 rg: 58 | total time: 3.11m | eta: 1.0m
step 01149/01500 (76.60%) | loss: 3.436704 | lrm: 0.39 | dt: 162.91ms | tok/sec: 402,275 | bf16_mfu: 30.90 | epoch: 1 pq: 1 rg: 58 | total time: 3.11m | eta: 1.0m
step 01150/01500 (76.67%) | loss: 3.420739 | lrm: 0.39 | dt: 163.78ms | tok/sec: 400,139 | bf16_mfu: 30.74 | epoch: 1 pq: 1 rg: 58 | total time: 3.11m | eta: 1.0m
step 01151/01500 (76.73%) | loss: 3.413057 | lrm: 0.39 | dt: 163.70ms | tok/sec: 400,349 | bf16_mfu: 30.75 | epoch: 1 pq: 1 rg: 58 | total time: 3.12m | eta: 1.0m
step 01152/01500 (76.80%) | loss: 3.420881 | lrm: 0.39 | dt: 163.60ms | tok/sec: 400,588 | bf16_mfu: 30.77 | epoch: 1 pq: 1 rg: 58 | total time: 3.12m | eta: 1.0m
step 01153/01500 (76.87%) | loss: 3.430222 | lrm: 0.39 | dt: 166.06ms | tok/sec: 394,653 | bf16_mfu: 30.32 | epoch: 1 pq: 1 rg: 59 | total time: 3.12m | eta: 0.9m
step 01154/01500 (76.93%) | loss: 3.430049 | lrm: 0.39 | dt: 165.01ms | tok/sec: 397,167 | bf16_mfu: 30.51 | epoch: 1 pq: 1 rg: 59 | total time: 3.13m | eta: 0.9m
step 01155/01500 (77.00%) | loss: 3.436965 | lrm: 0.39 | dt: 163.85ms | tok/sec: 399,980 | bf16_mfu: 30.72 | epoch: 1 pq: 1 rg: 59 | total time: 3.13m | eta: 0.9m
step 01156/01500 (77.07%) | loss: 3.432433 | lrm: 0.39 | dt: 163.22ms | tok/sec: 401,526 | bf16_mfu: 30.84 | epoch: 1 pq: 1 rg: 59 | total time: 3.13m | eta: 0.9m
step 01157/01500 (77.13%) | loss: 3.433614 | lrm: 0.38 | dt: 162.86ms | tok/sec: 402,400 | bf16_mfu: 30.91 | epoch: 1 pq: 1 rg: 59 | total time: 3.13m | eta: 0.9m
step 01158/01500 (77.20%) | loss: 3.431547 | lrm: 0.38 | dt: 165.08ms | tok/sec: 396,984 | bf16_mfu: 30.49 | epoch: 1 pq: 1 rg: 59 | total time: 3.14m | eta: 0.9m
step 01159/01500 (77.27%) | loss: 3.438816 | lrm: 0.38 | dt: 166.05ms | tok/sec: 394,684 | bf16_mfu: 30.32 | epoch: 1 pq: 1 rg: 59 | total time: 3.14m | eta: 0.9m
step 01160/01500 (77.33%) | loss: 3.443463 | lrm: 0.38 | dt: 164.13ms | tok/sec: 399,285 | bf16_mfu: 30.67 | epoch: 1 pq: 1 rg: 59 | total time: 3.14m | eta: 0.9m
step 01161/01500 (77.40%) | loss: 3.441632 | lrm: 0.38 | dt: 164.12ms | tok/sec: 399,313 | bf16_mfu: 30.67 | epoch: 1 pq: 1 rg: 60 | total time: 3.14m | eta: 0.9m
step 01162/01500 (77.47%) | loss: 3.448085 | lrm: 0.38 | dt: 164.03ms | tok/sec: 399,527 | bf16_mfu: 30.69 | epoch: 1 pq: 1 rg: 60 | total time: 3.15m | eta: 0.9m
step 01163/01500 (77.53%) | loss: 3.442186 | lrm: 0.38 | dt: 164.63ms | tok/sec: 398,075 | bf16_mfu: 30.58 | epoch: 1 pq: 1 rg: 60 | total time: 3.15m | eta: 0.9m
step 01164/01500 (77.60%) | loss: 3.452876 | lrm: 0.38 | dt: 165.26ms | tok/sec: 396,567 | bf16_mfu: 30.46 | epoch: 1 pq: 1 rg: 60 | total time: 3.15m | eta: 0.9m
step 01165/01500 (77.67%) | loss: 3.446032 | lrm: 0.38 | dt: 163.17ms | tok/sec: 401,650 | bf16_mfu: 30.85 | epoch: 1 pq: 1 rg: 60 | total time: 3.16m | eta: 0.9m
step 01166/01500 (77.73%) | loss: 3.440718 | lrm: 0.38 | dt: 163.64ms | tok/sec: 400,491 | bf16_mfu: 30.76 | epoch: 1 pq: 1 rg: 60 | total time: 3.16m | eta: 0.9m
step 01167/01500 (77.80%) | loss: 3.441503 | lrm: 0.37 | dt: 162.53ms | tok/sec: 403,214 | bf16_mfu: 30.97 | epoch: 1 pq: 1 rg: 60 | total time: 3.16m | eta: 0.9m
step 01168/01500 (77.87%) | loss: 3.461945 | lrm: 0.37 | dt: 164.43ms | tok/sec: 398,562 | bf16_mfu: 30.62 | epoch: 1 pq: 1 rg: 60 | total time: 3.16m | eta: 0.9m
step 01169/01500 (77.93%) | loss: 3.465029 | lrm: 0.37 | dt: 164.03ms | tok/sec: 399,531 | bf16_mfu: 30.69 | epoch: 1 pq: 1 rg: 61 | total time: 3.17m | eta: 0.9m
step 01170/01500 (78.00%) | loss: 3.469765 | lrm: 0.37 | dt: 164.17ms | tok/sec: 399,188 | bf16_mfu: 30.66 | epoch: 1 pq: 1 rg: 61 | total time: 3.17m | eta: 0.9m
step 01171/01500 (78.07%) | loss: 3.473351 | lrm: 0.37 | dt: 162.75ms | tok/sec: 402,684 | bf16_mfu: 30.93 | epoch: 1 pq: 1 rg: 61 | total time: 3.17m | eta: 0.9m
step 01172/01500 (78.13%) | loss: 3.463787 | lrm: 0.37 | dt: 163.91ms | tok/sec: 399,821 | bf16_mfu: 30.71 | epoch: 1 pq: 1 rg: 61 | total time: 3.17m | eta: 0.9m
step 01173/01500 (78.20%) | loss: 3.442809 | lrm: 0.37 | dt: 164.97ms | tok/sec: 397,255 | bf16_mfu: 30.52 | epoch: 1 pq: 1 rg: 61 | total time: 3.18m | eta: 0.9m
step 01174/01500 (78.27%) | loss: 3.430438 | lrm: 0.37 | dt: 163.64ms | tok/sec: 400,478 | bf16_mfu: 30.76 | epoch: 1 pq: 1 rg: 61 | total time: 3.18m | eta: 0.9m
step 01175/01500 (78.33%) | loss: 3.422203 | lrm: 0.37 | dt: 162.97ms | tok/sec: 402,131 | bf16_mfu: 30.89 | epoch: 1 pq: 1 rg: 61 | total time: 3.18m | eta: 0.9m
step 01176/01500 (78.40%) | loss: 3.414417 | lrm: 0.37 | dt: 164.01ms | tok/sec: 399,591 | bf16_mfu: 30.69 | epoch: 1 pq: 1 rg: 61 | total time: 3.19m | eta: 0.9m
step 01177/01500 (78.47%) | loss: 3.405015 | lrm: 0.36 | dt: 163.67ms | tok/sec: 400,425 | bf16_mfu: 30.76 | epoch: 1 pq: 1 rg: 62 | total time: 3.19m | eta: 0.9m
step 01178/01500 (78.53%) | loss: 3.392697 | lrm: 0.36 | dt: 165.16ms | tok/sec: 396,810 | bf16_mfu: 30.48 | epoch: 1 pq: 1 rg: 62 | total time: 3.19m | eta: 0.9m
step 01179/01500 (78.60%) | loss: 3.387226 | lrm: 0.36 | dt: 164.57ms | tok/sec: 398,221 | bf16_mfu: 30.59 | epoch: 1 pq: 1 rg: 62 | total time: 3.19m | eta: 0.9m
step 01180/01500 (78.67%) | loss: 3.387596 | lrm: 0.36 | dt: 163.32ms | tok/sec: 401,281 | bf16_mfu: 30.82 | epoch: 1 pq: 1 rg: 62 | total time: 3.20m | eta: 0.9m
step 01181/01500 (78.73%) | loss: 3.388960 | lrm: 0.36 | dt: 162.59ms | tok/sec: 403,065 | bf16_mfu: 30.96 | epoch: 1 pq: 1 rg: 62 | total time: 3.20m | eta: 0.9m
step 01182/01500 (78.80%) | loss: 3.383116 | lrm: 0.36 | dt: 164.02ms | tok/sec: 399,567 | bf16_mfu: 30.69 | epoch: 1 pq: 1 rg: 62 | total time: 3.20m | eta: 0.9m
step 01183/01500 (78.87%) | loss: 3.392326 | lrm: 0.36 | dt: 164.12ms | tok/sec: 399,328 | bf16_mfu: 30.67 | epoch: 1 pq: 1 rg: 62 | total time: 3.20m | eta: 0.9m
step 01184/01500 (78.93%) | loss: 3.392598 | lrm: 0.36 | dt: 165.67ms | tok/sec: 395,577 | bf16_mfu: 30.39 | epoch: 1 pq: 1 rg: 62 | total time: 3.21m | eta: 0.9m
step 01185/01500 (79.00%) | loss: 3.386632 | lrm: 0.36 | dt: 163.35ms | tok/sec: 401,210 | bf16_mfu: 30.82 | epoch: 1 pq: 1 rg: 62 | total time: 3.21m | eta: 0.9m
step 01186/01500 (79.07%) | loss: 3.393124 | lrm: 0.36 | dt: 165.36ms | tok/sec: 396,320 | bf16_mfu: 30.44 | epoch: 1 pq: 1 rg: 63 | total time: 3.21m | eta: 0.9m
step 01187/01500 (79.13%) | loss: 3.400732 | lrm: 0.35 | dt: 163.43ms | tok/sec: 400,997 | bf16_mfu: 30.80 | epoch: 1 pq: 1 rg: 63 | total time: 3.22m | eta: 0.9m
step 01188/01500 (79.20%) | loss: 3.411100 | lrm: 0.35 | dt: 163.70ms | tok/sec: 400,330 | bf16_mfu: 30.75 | epoch: 1 pq: 1 rg: 63 | total time: 3.22m | eta: 0.9m
step 01189/01500 (79.27%) | loss: 3.420623 | lrm: 0.35 | dt: 164.11ms | tok/sec: 399,349 | bf16_mfu: 30.68 | epoch: 1 pq: 1 rg: 63 | total time: 3.22m | eta: 0.8m
step 01190/01500 (79.33%) | loss: 3.418873 | lrm: 0.35 | dt: 163.62ms | tok/sec: 400,538 | bf16_mfu: 30.77 | epoch: 1 pq: 1 rg: 63 | total time: 3.22m | eta: 0.8m
step 01191/01500 (79.40%) | loss: 3.425354 | lrm: 0.35 | dt: 163.52ms | tok/sec: 400,787 | bf16_mfu: 30.79 | epoch: 1 pq: 1 rg: 63 | total time: 3.23m | eta: 0.8m
step 01192/01500 (79.47%) | loss: 3.434425 | lrm: 0.35 | dt: 162.99ms | tok/sec: 402,075 | bf16_mfu: 30.89 | epoch: 1 pq: 1 rg: 63 | total time: 3.23m | eta: 0.8m
step 01193/01500 (79.53%) | loss: 3.438181 | lrm: 0.35 | dt: 164.96ms | tok/sec: 397,293 | bf16_mfu: 30.52 | epoch: 1 pq: 1 rg: 63 | total time: 3.23m | eta: 0.8m
step 01194/01500 (79.60%) | loss: 3.460391 | lrm: 0.35 | dt: 163.47ms | tok/sec: 400,907 | bf16_mfu: 30.80 | epoch: 1 pq: 1 rg: 64 | total time: 3.23m | eta: 0.8m
step 01195/01500 (79.67%) | loss: 3.445900 | lrm: 0.35 | dt: 162.80ms | tok/sec: 402,562 | bf16_mfu: 30.92 | epoch: 1 pq: 1 rg: 64 | total time: 3.24m | eta: 0.8m
step 01196/01500 (79.73%) | loss: 3.435437 | lrm: 0.35 | dt: 162.22ms | tok/sec: 403,993 | bf16_mfu: 31.03 | epoch: 1 pq: 1 rg: 64 | total time: 3.24m | eta: 0.8m
step 01197/01500 (79.80%) | loss: 3.440183 | lrm: 0.35 | dt: 163.70ms | tok/sec: 400,351 | bf16_mfu: 30.75 | epoch: 1 pq: 1 rg: 64 | total time: 3.24m | eta: 0.8m
step 01198/01500 (79.87%) | loss: 3.437740 | lrm: 0.34 | dt: 164.46ms | tok/sec: 398,484 | bf16_mfu: 30.61 | epoch: 1 pq: 1 rg: 64 | total time: 3.25m | eta: 0.8m
step 01199/01500 (79.93%) | loss: 3.433311 | lrm: 0.34 | dt: 163.88ms | tok/sec: 399,892 | bf16_mfu: 30.72 | epoch: 1 pq: 1 rg: 64 | total time: 3.25m | eta: 0.8m
step 01200/01500 (80.00%) | loss: 3.450865 | lrm: 0.34 | dt: 163.85ms | tok/sec: 399,964 | bf16_mfu: 30.72 | epoch: 1 pq: 1 rg: 64 | total time: 3.25m | eta: 0.8m
step 01201/01500 (80.07%) | loss: 3.462961 | lrm: 0.34 | dt: 163.50ms | tok/sec: 400,836 | bf16_mfu: 30.79 | epoch: 1 pq: 1 rg: 64 | total time: 3.25m | eta: 0.8m
step 01202/01500 (80.13%) | loss: 3.468284 | lrm: 0.34 | dt: 163.04ms | tok/sec: 401,970 | bf16_mfu: 30.88 | epoch: 1 pq: 1 rg: 65 | total time: 3.26m | eta: 0.8m
step 01203/01500 (80.20%) | loss: 3.472540 | lrm: 0.34 | dt: 168.14ms | tok/sec: 389,766 | bf16_mfu: 29.94 | epoch: 1 pq: 1 rg: 65 | total time: 3.26m | eta: 0.8m
step 01204/01500 (80.27%) | loss: 3.465602 | lrm: 0.34 | dt: 164.19ms | tok/sec: 399,150 | bf16_mfu: 30.66 | epoch: 1 pq: 1 rg: 65 | total time: 3.26m | eta: 0.8m
step 01205/01500 (80.33%) | loss: 3.468142 | lrm: 0.34 | dt: 162.17ms | tok/sec: 404,108 | bf16_mfu: 31.04 | epoch: 1 pq: 1 rg: 65 | total time: 3.26m | eta: 0.8m
step 01206/01500 (80.40%) | loss: 3.448035 | lrm: 0.34 | dt: 162.46ms | tok/sec: 403,404 | bf16_mfu: 30.99 | epoch: 1 pq: 1 rg: 65 | total time: 3.27m | eta: 0.8m
step 01207/01500 (80.47%) | loss: 3.447949 | lrm: 0.34 | dt: 163.30ms | tok/sec: 401,326 | bf16_mfu: 30.83 | epoch: 1 pq: 1 rg: 65 | total time: 3.27m | eta: 0.8m
step 01208/01500 (80.53%) | loss: 3.451593 | lrm: 0.33 | dt: 163.79ms | tok/sec: 400,112 | bf16_mfu: 30.73 | epoch: 1 pq: 1 rg: 65 | total time: 3.27m | eta: 0.8m
step 01209/01500 (80.60%) | loss: 3.446835 | lrm: 0.33 | dt: 165.57ms | tok/sec: 395,809 | bf16_mfu: 30.40 | epoch: 1 pq: 1 rg: 65 | total time: 3.28m | eta: 0.8m
step 01210/01500 (80.67%) | loss: 3.443482 | lrm: 0.33 | dt: 163.35ms | tok/sec: 401,201 | bf16_mfu: 30.82 | epoch: 1 pq: 1 rg: 66 | total time: 3.28m | eta: 0.8m
step 01211/01500 (80.73%) | loss: 3.445795 | lrm: 0.33 | dt: 163.55ms | tok/sec: 400,718 | bf16_mfu: 30.78 | epoch: 1 pq: 1 rg: 66 | total time: 3.28m | eta: 0.8m
step 01212/01500 (80.80%) | loss: 3.463774 | lrm: 0.33 | dt: 163.37ms | tok/sec: 401,158 | bf16_mfu: 30.81 | epoch: 1 pq: 1 rg: 66 | total time: 3.28m | eta: 0.8m
step 01213/01500 (80.87%) | loss: 3.461160 | lrm: 0.33 | dt: 164.26ms | tok/sec: 398,976 | bf16_mfu: 30.65 | epoch: 1 pq: 1 rg: 66 | total time: 3.29m | eta: 0.8m
step 01214/01500 (80.93%) | loss: 3.466790 | lrm: 0.33 | dt: 164.48ms | tok/sec: 398,446 | bf16_mfu: 30.61 | epoch: 1 pq: 1 rg: 66 | total time: 3.29m | eta: 0.8m
step 01215/01500 (81.00%) | loss: 3.449916 | lrm: 0.33 | dt: 163.44ms | tok/sec: 400,980 | bf16_mfu: 30.80 | epoch: 1 pq: 1 rg: 66 | total time: 3.29m | eta: 0.8m
step 01216/01500 (81.07%) | loss: 3.458682 | lrm: 0.33 | dt: 162.19ms | tok/sec: 404,078 | bf16_mfu: 31.04 | epoch: 1 pq: 1 rg: 66 | total time: 3.29m | eta: 0.8m
step 01217/01500 (81.13%) | loss: 3.448481 | lrm: 0.33 | dt: 163.74ms | tok/sec: 400,253 | bf16_mfu: 30.75 | epoch: 1 pq: 1 rg: 66 | total time: 3.30m | eta: 0.8m
step 01218/01500 (81.20%) | loss: 3.451632 | lrm: 0.32 | dt: 163.09ms | tok/sec: 401,828 | bf16_mfu: 30.87 | epoch: 1 pq: 1 rg: 67 | total time: 3.30m | eta: 0.8m
step 01219/01500 (81.27%) | loss: 3.439407 | lrm: 0.32 | dt: 163.89ms | tok/sec: 399,878 | bf16_mfu: 30.72 | epoch: 1 pq: 1 rg: 67 | total time: 3.30m | eta: 0.8m
step 01220/01500 (81.33%) | loss: 3.431000 | lrm: 0.32 | dt: 165.69ms | tok/sec: 395,528 | bf16_mfu: 30.38 | epoch: 1 pq: 1 rg: 67 | total time: 3.31m | eta: 0.8m
step 01221/01500 (81.40%) | loss: 3.414986 | lrm: 0.32 | dt: 163.32ms | tok/sec: 401,271 | bf16_mfu: 30.82 | epoch: 1 pq: 1 rg: 67 | total time: 3.31m | eta: 0.8m
step 01222/01500 (81.47%) | loss: 3.431405 | lrm: 0.32 | dt: 163.44ms | tok/sec: 400,976 | bf16_mfu: 30.80 | epoch: 1 pq: 1 rg: 67 | total time: 3.31m | eta: 0.8m
step 01223/01500 (81.53%) | loss: 3.427459 | lrm: 0.32 | dt: 163.60ms | tok/sec: 400,588 | bf16_mfu: 30.77 | epoch: 1 pq: 1 rg: 67 | total time: 3.31m | eta: 0.8m
step 01224/01500 (81.60%) | loss: 3.436498 | lrm: 0.32 | dt: 163.93ms | tok/sec: 399,789 | bf16_mfu: 30.71 | epoch: 1 pq: 1 rg: 67 | total time: 3.32m | eta: 0.8m
step 01225/01500 (81.67%) | loss: 3.420455 | lrm: 0.32 | dt: 166.52ms | tok/sec: 393,557 | bf16_mfu: 30.23 | epoch: 1 pq: 1 rg: 67 | total time: 3.32m | eta: 0.8m
step 01226/01500 (81.73%) | loss: 3.413004 | lrm: 0.32 | dt: 163.51ms | tok/sec: 400,798 | bf16_mfu: 30.79 | epoch: 1 pq: 1 rg: 68 | total time: 3.32m | eta: 0.7m
step 01227/01500 (81.80%) | loss: 3.418668 | lrm: 0.32 | dt: 163.39ms | tok/sec: 401,105 | bf16_mfu: 30.81 | epoch: 1 pq: 1 rg: 68 | total time: 3.32m | eta: 0.7m
step 01228/01500 (81.87%) | loss: 3.395490 | lrm: 0.32 | dt: 165.76ms | tok/sec: 395,378 | bf16_mfu: 30.37 | epoch: 1 pq: 1 rg: 68 | total time: 3.33m | eta: 0.7m
step 01229/01500 (81.93%) | loss: 3.405940 | lrm: 0.31 | dt: 165.10ms | tok/sec: 396,938 | bf16_mfu: 30.49 | epoch: 1 pq: 1 rg: 68 | total time: 3.33m | eta: 0.7m
step 01230/01500 (82.00%) | loss: 3.408543 | lrm: 0.31 | dt: 163.45ms | tok/sec: 400,955 | bf16_mfu: 30.80 | epoch: 1 pq: 1 rg: 68 | total time: 3.33m | eta: 0.7m
step 01231/01500 (82.07%) | loss: 3.424794 | lrm: 0.31 | dt: 164.02ms | tok/sec: 399,558 | bf16_mfu: 30.69 | epoch: 1 pq: 1 rg: 68 | total time: 3.34m | eta: 0.7m
step 01232/01500 (82.13%) | loss: 3.413219 | lrm: 0.31 | dt: 164.04ms | tok/sec: 399,506 | bf16_mfu: 30.69 | epoch: 1 pq: 1 rg: 68 | total time: 3.34m | eta: 0.7m
step 01233/01500 (82.20%) | loss: 3.422596 | lrm: 0.31 | dt: 164.24ms | tok/sec: 399,023 | bf16_mfu: 30.65 | epoch: 1 pq: 1 rg: 68 | total time: 3.34m | eta: 0.7m
step 01234/01500 (82.27%) | loss: 3.419609 | lrm: 0.31 | dt: 164.35ms | tok/sec: 398,758 | bf16_mfu: 30.63 | epoch: 1 pq: 1 rg: 68 | total time: 3.34m | eta: 0.7m
step 01235/01500 (82.33%) | loss: 3.415770 | lrm: 0.31 | dt: 163.19ms | tok/sec: 401,597 | bf16_mfu: 30.85 | epoch: 1 pq: 1 rg: 69 | total time: 3.35m | eta: 0.7m
step 01236/01500 (82.40%) | loss: 3.404635 | lrm: 0.31 | dt: 163.55ms | tok/sec: 400,720 | bf16_mfu: 30.78 | epoch: 1 pq: 1 rg: 69 | total time: 3.35m | eta: 0.7m
step 01237/01500 (82.47%) | loss: 3.398381 | lrm: 0.31 | dt: 163.15ms | tok/sec: 401,690 | bf16_mfu: 30.86 | epoch: 1 pq: 1 rg: 69 | total time: 3.35m | eta: 0.7m
step 01238/01500 (82.53%) | loss: 3.380941 | lrm: 0.31 | dt: 163.81ms | tok/sec: 400,079 | bf16_mfu: 30.73 | epoch: 1 pq: 1 rg: 69 | total time: 3.35m | eta: 0.7m
step 01239/01500 (82.60%) | loss: 3.392312 | lrm: 0.30 | dt: 163.76ms | tok/sec: 400,193 | bf16_mfu: 30.74 | epoch: 1 pq: 1 rg: 69 | total time: 3.36m | eta: 0.7m
step 01240/01500 (82.67%) | loss: 3.406512 | lrm: 0.30 | dt: 163.26ms | tok/sec: 401,411 | bf16_mfu: 30.83 | epoch: 1 pq: 1 rg: 69 | total time: 3.36m | eta: 0.7m
step 01241/01500 (82.73%) | loss: 3.406050 | lrm: 0.30 | dt: 163.71ms | tok/sec: 400,320 | bf16_mfu: 30.75 | epoch: 1 pq: 1 rg: 69 | total time: 3.36m | eta: 0.7m
step 01242/01500 (82.80%) | loss: 3.411579 | lrm: 0.30 | dt: 164.41ms | tok/sec: 398,612 | bf16_mfu: 30.62 | epoch: 1 pq: 1 rg: 69 | total time: 3.37m | eta: 0.7m
step 01243/01500 (82.87%) | loss: 3.418927 | lrm: 0.30 | dt: 164.45ms | tok/sec: 398,523 | bf16_mfu: 30.61 | epoch: 1 pq: 1 rg: 70 | total time: 3.37m | eta: 0.7m
step 01244/01500 (82.93%) | loss: 3.409077 | lrm: 0.30 | dt: 164.58ms | tok/sec: 398,191 | bf16_mfu: 30.59 | epoch: 1 pq: 1 rg: 70 | total time: 3.37m | eta: 0.7m
step 01245/01500 (83.00%) | loss: 3.406631 | lrm: 0.30 | dt: 162.82ms | tok/sec: 402,509 | bf16_mfu: 30.92 | epoch: 1 pq: 1 rg: 70 | total time: 3.37m | eta: 0.7m
step 01246/01500 (83.07%) | loss: 3.411631 | lrm: 0.30 | dt: 161.38ms | tok/sec: 406,103 | bf16_mfu: 31.19 | epoch: 1 pq: 1 rg: 70 | total time: 3.38m | eta: 0.7m
step 01247/01500 (83.13%) | loss: 3.403403 | lrm: 0.30 | dt: 163.03ms | tok/sec: 401,993 | bf16_mfu: 30.88 | epoch: 1 pq: 1 rg: 70 | total time: 3.38m | eta: 0.7m
step 01248/01500 (83.20%) | loss: 3.402566 | lrm: 0.30 | dt: 162.96ms | tok/sec: 402,171 | bf16_mfu: 30.89 | epoch: 1 pq: 1 rg: 70 | total time: 3.38m | eta: 0.7m
step 01249/01500 (83.27%) | loss: 3.402924 | lrm: 0.29 | dt: 163.95ms | tok/sec: 399,735 | bf16_mfu: 30.71 | epoch: 1 pq: 1 rg: 70 | total time: 3.38m | eta: 0.7m
step 01250/01500 (83.33%) | loss: 3.386134 | lrm: 0.29 | dt: 165.53ms | tok/sec: 395,909 | bf16_mfu: 30.41 | epoch: 1 pq: 1 rg: 70 | total time: 3.39m | eta: 0.7m
step 01251/01500 (83.40%) | loss: 3.388842 | lrm: 0.29 | dt: 164.64ms | tok/sec: 398,062 | bf16_mfu: 30.58 | epoch: 1 pq: 1 rg: 71 | total time: 3.39m | eta: 0.7m
step 01252/01500 (83.47%) | loss: 3.393502 | lrm: 0.29 | dt: 162.90ms | tok/sec: 402,308 | bf16_mfu: 30.90 | epoch: 1 pq: 1 rg: 71 | total time: 3.39m | eta: 0.7m
step 01253/01500 (83.53%) | loss: 3.395646 | lrm: 0.29 | dt: 163.83ms | tok/sec: 400,026 | bf16_mfu: 30.73 | epoch: 1 pq: 1 rg: 71 | total time: 3.40m | eta: 0.7m
step 01254/01500 (83.60%) | loss: 3.403378 | lrm: 0.29 | dt: 165.38ms | tok/sec: 396,264 | bf16_mfu: 30.44 | epoch: 1 pq: 1 rg: 71 | total time: 3.40m | eta: 0.7m
step 01255/01500 (83.67%) | loss: 3.404969 | lrm: 0.29 | dt: 163.19ms | tok/sec: 401,589 | bf16_mfu: 30.85 | epoch: 1 pq: 1 rg: 71 | total time: 3.40m | eta: 0.7m
step 01256/01500 (83.73%) | loss: 3.406272 | lrm: 0.29 | dt: 163.09ms | tok/sec: 401,837 | bf16_mfu: 30.87 | epoch: 1 pq: 1 rg: 71 | total time: 3.40m | eta: 0.7m
step 01257/01500 (83.80%) | loss: 3.391484 | lrm: 0.29 | dt: 163.87ms | tok/sec: 399,920 | bf16_mfu: 30.72 | epoch: 1 pq: 1 rg: 71 | total time: 3.41m | eta: 0.7m
step 01258/01500 (83.87%) | loss: 3.405722 | lrm: 0.29 | dt: 163.34ms | tok/sec: 401,234 | bf16_mfu: 30.82 | epoch: 1 pq: 1 rg: 71 | total time: 3.41m | eta: 0.7m
step 01259/01500 (83.93%) | loss: 3.398131 | lrm: 0.28 | dt: 164.78ms | tok/sec: 397,728 | bf16_mfu: 30.55 | epoch: 1 pq: 1 rg: 72 | total time: 3.41m | eta: 0.7m
step 01260/01500 (84.00%) | loss: 3.396292 | lrm: 0.28 | dt: 163.40ms | tok/sec: 401,076 | bf16_mfu: 30.81 | epoch: 1 pq: 1 rg: 72 | total time: 3.41m | eta: 0.7m
step 01261/01500 (84.07%) | loss: 3.395567 | lrm: 0.28 | dt: 164.42ms | tok/sec: 398,590 | bf16_mfu: 30.62 | epoch: 1 pq: 1 rg: 72 | total time: 3.42m | eta: 0.7m
step 01262/01500 (84.13%) | loss: 3.379445 | lrm: 0.28 | dt: 164.22ms | tok/sec: 399,078 | bf16_mfu: 30.66 | epoch: 1 pq: 1 rg: 72 | total time: 3.42m | eta: 0.7m
step 01263/01500 (84.20%) | loss: 3.373878 | lrm: 0.28 | dt: 164.38ms | tok/sec: 398,677 | bf16_mfu: 30.62 | epoch: 1 pq: 1 rg: 72 | total time: 3.42m | eta: 0.6m
step 01264/01500 (84.27%) | loss: 3.375125 | lrm: 0.28 | dt: 164.82ms | tok/sec: 397,632 | bf16_mfu: 30.54 | epoch: 1 pq: 1 rg: 72 | total time: 3.43m | eta: 0.6m
step 01265/01500 (84.33%) | loss: 3.372106 | lrm: 0.28 | dt: 163.43ms | tok/sec: 400,996 | bf16_mfu: 30.80 | epoch: 1 pq: 1 rg: 72 | total time: 3.43m | eta: 0.6m
step 01266/01500 (84.40%) | loss: 3.365579 | lrm: 0.28 | dt: 162.64ms | tok/sec: 402,952 | bf16_mfu: 30.95 | epoch: 1 pq: 1 rg: 72 | total time: 3.43m | eta: 0.6m
step 01267/01500 (84.47%) | loss: 3.358206 | lrm: 0.28 | dt: 163.86ms | tok/sec: 399,959 | bf16_mfu: 30.72 | epoch: 1 pq: 1 rg: 73 | total time: 3.43m | eta: 0.6m
step 01268/01500 (84.53%) | loss: 3.354405 | lrm: 0.28 | dt: 163.95ms | tok/sec: 399,720 | bf16_mfu: 30.70 | epoch: 1 pq: 1 rg: 73 | total time: 3.44m | eta: 0.6m
step 01269/01500 (84.60%) | loss: 3.364806 | lrm: 0.28 | dt: 164.89ms | tok/sec: 397,463 | bf16_mfu: 30.53 | epoch: 1 pq: 1 rg: 73 | total time: 3.44m | eta: 0.6m
step 01270/01500 (84.67%) | loss: 3.357334 | lrm: 0.27 | dt: 164.13ms | tok/sec: 399,282 | bf16_mfu: 30.67 | epoch: 1 pq: 1 rg: 73 | total time: 3.44m | eta: 0.6m
step 01271/01500 (84.73%) | loss: 3.336571 | lrm: 0.27 | dt: 163.09ms | tok/sec: 401,840 | bf16_mfu: 30.87 | epoch: 1 pq: 1 rg: 73 | total time: 3.44m | eta: 0.6m
step 01272/01500 (84.80%) | loss: 3.339317 | lrm: 0.27 | dt: 163.09ms | tok/sec: 401,831 | bf16_mfu: 30.87 | epoch: 1 pq: 1 rg: 73 | total time: 3.45m | eta: 0.6m
step 01273/01500 (84.87%) | loss: 3.335586 | lrm: 0.27 | dt: 162.94ms | tok/sec: 402,201 | bf16_mfu: 30.89 | epoch: 1 pq: 1 rg: 73 | total time: 3.45m | eta: 0.6m
step 01274/01500 (84.93%) | loss: 3.347301 | lrm: 0.27 | dt: 163.86ms | tok/sec: 399,953 | bf16_mfu: 30.72 | epoch: 1 pq: 1 rg: 73 | total time: 3.45m | eta: 0.6m
step 01275/01500 (85.00%) | loss: 3.368579 | lrm: 0.27 | dt: 163.91ms | tok/sec: 399,829 | bf16_mfu: 30.71 | epoch: 1 pq: 1 rg: 73 | total time: 3.46m | eta: 0.6m
step 01276/01500 (85.07%) | loss: 3.353377 | lrm: 0.27 | dt: 163.52ms | tok/sec: 400,791 | bf16_mfu: 30.79 | epoch: 1 pq: 1 rg: 74 | total time: 3.46m | eta: 0.6m
step 01277/01500 (85.13%) | loss: 3.344657 | lrm: 0.27 | dt: 162.74ms | tok/sec: 402,710 | bf16_mfu: 30.93 | epoch: 1 pq: 1 rg: 74 | total time: 3.46m | eta: 0.6m
step 01278/01500 (85.20%) | loss: 3.334113 | lrm: 0.27 | dt: 162.60ms | tok/sec: 403,052 | bf16_mfu: 30.96 | epoch: 1 pq: 1 rg: 74 | total time: 3.46m | eta: 0.6m
step 01279/01500 (85.27%) | loss: 3.356526 | lrm: 0.27 | dt: 164.88ms | tok/sec: 397,468 | bf16_mfu: 30.53 | epoch: 1 pq: 1 rg: 74 | total time: 3.47m | eta: 0.6m
step 01280/01500 (85.33%) | loss: 3.346551 | lrm: 0.26 | dt: 164.79ms | tok/sec: 397,697 | bf16_mfu: 30.55 | epoch: 1 pq: 1 rg: 74 | total time: 3.47m | eta: 0.6m
step 01281/01500 (85.40%) | loss: 3.341838 | lrm: 0.26 | dt: 162.78ms | tok/sec: 402,604 | bf16_mfu: 30.93 | epoch: 1 pq: 1 rg: 74 | total time: 3.47m | eta: 0.6m
step 01282/01500 (85.47%) | loss: 3.346130 | lrm: 0.26 | dt: 162.72ms | tok/sec: 402,751 | bf16_mfu: 30.94 | epoch: 1 pq: 1 rg: 74 | total time: 3.47m | eta: 0.6m
step 01283/01500 (85.53%) | loss: 3.354652 | lrm: 0.26 | dt: 163.41ms | tok/sec: 401,044 | bf16_mfu: 30.81 | epoch: 1 pq: 1 rg: 74 | total time: 3.48m | eta: 0.6m
step 01284/01500 (85.60%) | loss: 3.368438 | lrm: 0.26 | dt: 164.47ms | tok/sec: 398,465 | bf16_mfu: 30.61 | epoch: 1 pq: 1 rg: 75 | total time: 3.48m | eta: 0.6m
step 01285/01500 (85.67%) | loss: 3.385549 | lrm: 0.26 | dt: 164.83ms | tok/sec: 397,596 | bf16_mfu: 30.54 | epoch: 1 pq: 1 rg: 75 | total time: 3.48m | eta: 0.6m
step 01286/01500 (85.73%) | loss: 3.381546 | lrm: 0.26 | dt: 165.89ms | tok/sec: 395,056 | bf16_mfu: 30.35 | epoch: 1 pq: 1 rg: 75 | total time: 3.49m | eta: 0.6m
step 01287/01500 (85.80%) | loss: 3.395609 | lrm: 0.26 | dt: 163.54ms | tok/sec: 400,736 | bf16_mfu: 30.78 | epoch: 1 pq: 1 rg: 75 | total time: 3.49m | eta: 0.6m
step 01288/01500 (85.87%) | loss: 3.397721 | lrm: 0.26 | dt: 163.15ms | tok/sec: 401,687 | bf16_mfu: 30.86 | epoch: 1 pq: 1 rg: 75 | total time: 3.49m | eta: 0.6m
step 01289/01500 (85.93%) | loss: 3.369714 | lrm: 0.26 | dt: 164.25ms | tok/sec: 399,005 | bf16_mfu: 30.65 | epoch: 1 pq: 1 rg: 75 | total time: 3.49m | eta: 0.6m
step 01290/01500 (86.00%) | loss: 3.365190 | lrm: 0.25 | dt: 165.21ms | tok/sec: 396,674 | bf16_mfu: 30.47 | epoch: 1 pq: 1 rg: 75 | total time: 3.50m | eta: 0.6m
step 01291/01500 (86.07%) | loss: 3.375231 | lrm: 0.25 | dt: 162.88ms | tok/sec: 402,351 | bf16_mfu: 30.91 | epoch: 1 pq: 1 rg: 75 | total time: 3.50m | eta: 0.6m
step 01292/01500 (86.13%) | loss: 3.379490 | lrm: 0.25 | dt: 163.23ms | tok/sec: 401,492 | bf16_mfu: 30.84 | epoch: 1 pq: 1 rg: 76 | total time: 3.50m | eta: 0.6m
step 01293/01500 (86.20%) | loss: 3.377604 | lrm: 0.25 | dt: 163.16ms | tok/sec: 401,655 | bf16_mfu: 30.85 | epoch: 1 pq: 1 rg: 76 | total time: 3.50m | eta: 0.6m
step 01294/01500 (86.27%) | loss: 3.386444 | lrm: 0.25 | dt: 164.07ms | tok/sec: 399,441 | bf16_mfu: 30.68 | epoch: 1 pq: 1 rg: 76 | total time: 3.51m | eta: 0.6m
step 01295/01500 (86.33%) | loss: 3.387856 | lrm: 0.25 | dt: 164.69ms | tok/sec: 397,937 | bf16_mfu: 30.57 | epoch: 1 pq: 1 rg: 76 | total time: 3.51m | eta: 0.6m
step 01296/01500 (86.40%) | loss: 3.383556 | lrm: 0.25 | dt: 162.69ms | tok/sec: 402,818 | bf16_mfu: 30.94 | epoch: 1 pq: 1 rg: 76 | total time: 3.51m | eta: 0.6m
step 01297/01500 (86.47%) | loss: 3.382756 | lrm: 0.25 | dt: 164.36ms | tok/sec: 398,739 | bf16_mfu: 30.63 | epoch: 1 pq: 1 rg: 76 | total time: 3.52m | eta: 0.6m
step 01298/01500 (86.53%) | loss: 3.383926 | lrm: 0.25 | dt: 163.77ms | tok/sec: 400,159 | bf16_mfu: 30.74 | epoch: 1 pq: 1 rg: 76 | total time: 3.52m | eta: 0.6m
step 01299/01500 (86.60%) | loss: 3.386305 | lrm: 0.25 | dt: 164.22ms | tok/sec: 399,079 | bf16_mfu: 30.66 | epoch: 1 pq: 1 rg: 76 | total time: 3.52m | eta: 0.5m
step 01300/01500 (86.67%) | loss: 3.363671 | lrm: 0.24 | dt: 168.16ms | tok/sec: 389,726 | bf16_mfu: 29.94 | epoch: 1 pq: 1 rg: 77 | total time: 3.52m | eta: 0.5m
step 01301/01500 (86.73%) | loss: 3.366814 | lrm: 0.24 | dt: 163.82ms | tok/sec: 400,048 | bf16_mfu: 30.73 | epoch: 1 pq: 1 rg: 77 | total time: 3.53m | eta: 0.5m
step 01302/01500 (86.80%) | loss: 3.366005 | lrm: 0.24 | dt: 162.52ms | tok/sec: 403,257 | bf16_mfu: 30.98 | epoch: 1 pq: 1 rg: 77 | total time: 3.53m | eta: 0.5m
step 01303/01500 (86.87%) | loss: 3.360525 | lrm: 0.24 | dt: 164.22ms | tok/sec: 399,080 | bf16_mfu: 30.66 | epoch: 1 pq: 1 rg: 77 | total time: 3.53m | eta: 0.5m
step 01304/01500 (86.93%) | loss: 3.373102 | lrm: 0.24 | dt: 164.67ms | tok/sec: 397,990 | bf16_mfu: 30.57 | epoch: 1 pq: 1 rg: 77 | total time: 3.53m | eta: 0.5m
step 01305/01500 (87.00%) | loss: 3.375394 | lrm: 0.24 | dt: 162.98ms | tok/sec: 402,115 | bf16_mfu: 30.89 | epoch: 1 pq: 1 rg: 77 | total time: 3.54m | eta: 0.5m
step 01306/01500 (87.07%) | loss: 3.403164 | lrm: 0.24 | dt: 164.29ms | tok/sec: 398,895 | bf16_mfu: 30.64 | epoch: 1 pq: 1 rg: 77 | total time: 3.54m | eta: 0.5m
step 01307/01500 (87.13%) | loss: 3.390037 | lrm: 0.24 | dt: 164.42ms | tok/sec: 398,599 | bf16_mfu: 30.62 | epoch: 1 pq: 1 rg: 77 | total time: 3.54m | eta: 0.5m
step 01308/01500 (87.20%) | loss: 3.392684 | lrm: 0.24 | dt: 164.37ms | tok/sec: 398,702 | bf16_mfu: 30.63 | epoch: 1 pq: 1 rg: 78 | total time: 3.55m | eta: 0.5m
step 01309/01500 (87.27%) | loss: 3.393781 | lrm: 0.24 | dt: 164.60ms | tok/sec: 398,142 | bf16_mfu: 30.58 | epoch: 1 pq: 1 rg: 78 | total time: 3.55m | eta: 0.5m
step 01310/01500 (87.33%) | loss: 3.374939 | lrm: 0.24 | dt: 164.92ms | tok/sec: 397,373 | bf16_mfu: 30.52 | epoch: 1 pq: 1 rg: 78 | total time: 3.55m | eta: 0.5m
step 01311/01500 (87.40%) | loss: 3.369966 | lrm: 0.23 | dt: 164.60ms | tok/sec: 398,141 | bf16_mfu: 30.58 | epoch: 1 pq: 1 rg: 78 | total time: 3.55m | eta: 0.5m
step 01312/01500 (87.47%) | loss: 3.363113 | lrm: 0.23 | dt: 164.26ms | tok/sec: 398,987 | bf16_mfu: 30.65 | epoch: 1 pq: 1 rg: 78 | total time: 3.56m | eta: 0.5m
step 01313/01500 (87.53%) | loss: 3.365037 | lrm: 0.23 | dt: 164.04ms | tok/sec: 399,503 | bf16_mfu: 30.69 | epoch: 1 pq: 1 rg: 78 | total time: 3.56m | eta: 0.5m
step 01314/01500 (87.60%) | loss: 3.365287 | lrm: 0.23 | dt: 162.91ms | tok/sec: 402,289 | bf16_mfu: 30.90 | epoch: 1 pq: 1 rg: 78 | total time: 3.56m | eta: 0.5m
step 01315/01500 (87.67%) | loss: 3.359752 | lrm: 0.23 | dt: 163.81ms | tok/sec: 400,083 | bf16_mfu: 30.73 | epoch: 1 pq: 1 rg: 78 | total time: 3.56m | eta: 0.5m
step 01316/01500 (87.73%) | loss: 3.362898 | lrm: 0.23 | dt: 163.20ms | tok/sec: 401,561 | bf16_mfu: 30.85 | epoch: 1 pq: 1 rg: 79 | total time: 3.57m | eta: 0.5m
step 01317/01500 (87.80%) | loss: 3.365660 | lrm: 0.23 | dt: 163.50ms | tok/sec: 400,828 | bf16_mfu: 30.79 | epoch: 1 pq: 1 rg: 79 | total time: 3.57m | eta: 0.5m
step 01318/01500 (87.87%) | loss: 3.344868 | lrm: 0.23 | dt: 165.23ms | tok/sec: 396,642 | bf16_mfu: 30.47 | epoch: 1 pq: 1 rg: 79 | total time: 3.57m | eta: 0.5m
step 01319/01500 (87.93%) | loss: 3.340479 | lrm: 0.23 | dt: 164.03ms | tok/sec: 399,538 | bf16_mfu: 30.69 | epoch: 1 pq: 1 rg: 79 | total time: 3.58m | eta: 0.5m
step 01320/01500 (88.00%) | loss: 3.331811 | lrm: 0.23 | dt: 162.61ms | tok/sec: 403,016 | bf16_mfu: 30.96 | epoch: 1 pq: 1 rg: 79 | total time: 3.58m | eta: 0.5m
step 01321/01500 (88.07%) | loss: 3.331806 | lrm: 0.22 | dt: 163.35ms | tok/sec: 401,208 | bf16_mfu: 30.82 | epoch: 1 pq: 1 rg: 79 | total time: 3.58m | eta: 0.5m
step 01322/01500 (88.13%) | loss: 3.324913 | lrm: 0.22 | dt: 163.58ms | tok/sec: 400,642 | bf16_mfu: 30.78 | epoch: 1 pq: 1 rg: 79 | total time: 3.58m | eta: 0.5m
step 01323/01500 (88.20%) | loss: 3.338474 | lrm: 0.22 | dt: 164.43ms | tok/sec: 398,562 | bf16_mfu: 30.62 | epoch: 1 pq: 1 rg: 79 | total time: 3.59m | eta: 0.5m
step 01324/01500 (88.27%) | loss: 3.367585 | lrm: 0.22 | dt: 163.89ms | tok/sec: 399,871 | bf16_mfu: 30.72 | epoch: 1 pq: 1 rg: 79 | total time: 3.59m | eta: 0.5m
step 01325/01500 (88.33%) | loss: 3.344838 | lrm: 0.22 | dt: 163.71ms | tok/sec: 400,323 | bf16_mfu: 30.75 | epoch: 1 pq: 1 rg: 80 | total time: 3.59m | eta: 0.5m
step 01326/01500 (88.40%) | loss: 3.352088 | lrm: 0.22 | dt: 162.98ms | tok/sec: 402,109 | bf16_mfu: 30.89 | epoch: 1 pq: 1 rg: 80 | total time: 3.59m | eta: 0.5m
step 01327/01500 (88.47%) | loss: 3.360165 | lrm: 0.22 | dt: 163.59ms | tok/sec: 400,619 | bf16_mfu: 30.77 | epoch: 1 pq: 1 rg: 80 | total time: 3.60m | eta: 0.5m
step 01328/01500 (88.53%) | loss: 3.377065 | lrm: 0.22 | dt: 164.82ms | tok/sec: 397,624 | bf16_mfu: 30.54 | epoch: 1 pq: 1 rg: 80 | total time: 3.60m | eta: 0.5m
step 01329/01500 (88.60%) | loss: 3.370607 | lrm: 0.22 | dt: 165.29ms | tok/sec: 396,500 | bf16_mfu: 30.46 | epoch: 1 pq: 1 rg: 80 | total time: 3.60m | eta: 0.5m
step 01330/01500 (88.67%) | loss: 3.369237 | lrm: 0.22 | dt: 163.20ms | tok/sec: 401,563 | bf16_mfu: 30.85 | epoch: 1 pq: 1 rg: 80 | total time: 3.61m | eta: 0.5m
step 01331/01500 (88.73%) | loss: 3.369445 | lrm: 0.21 | dt: 164.90ms | tok/sec: 397,436 | bf16_mfu: 30.53 | epoch: 1 pq: 1 rg: 80 | total time: 3.61m | eta: 0.5m
step 01332/01500 (88.80%) | loss: 3.365781 | lrm: 0.21 | dt: 164.42ms | tok/sec: 398,581 | bf16_mfu: 30.62 | epoch: 1 pq: 1 rg: 80 | total time: 3.61m | eta: 0.5m
step 01333/01500 (88.87%) | loss: 3.362337 | lrm: 0.21 | dt: 166.10ms | tok/sec: 394,568 | bf16_mfu: 30.31 | epoch: 1 pq: 1 rg: 81 | total time: 3.61m | eta: 0.5m
step 01334/01500 (88.93%) | loss: 3.351991 | lrm: 0.21 | dt: 163.74ms | tok/sec: 400,255 | bf16_mfu: 30.75 | epoch: 1 pq: 1 rg: 81 | total time: 3.62m | eta: 0.5m
step 01335/01500 (89.00%) | loss: 3.345128 | lrm: 0.21 | dt: 164.82ms | tok/sec: 397,621 | bf16_mfu: 30.54 | epoch: 1 pq: 1 rg: 81 | total time: 3.62m | eta: 0.5m
step 01336/01500 (89.07%) | loss: 3.361376 | lrm: 0.21 | dt: 163.46ms | tok/sec: 400,936 | bf16_mfu: 30.80 | epoch: 1 pq: 1 rg: 81 | total time: 3.62m | eta: 0.4m
step 01337/01500 (89.13%) | loss: 3.349022 | lrm: 0.21 | dt: 165.64ms | tok/sec: 395,659 | bf16_mfu: 30.39 | epoch: 1 pq: 1 rg: 81 | total time: 3.63m | eta: 0.4m
step 01338/01500 (89.20%) | loss: 3.337172 | lrm: 0.21 | dt: 162.25ms | tok/sec: 403,920 | bf16_mfu: 31.03 | epoch: 1 pq: 1 rg: 81 | total time: 3.63m | eta: 0.4m
step 01339/01500 (89.27%) | loss: 3.339571 | lrm: 0.21 | dt: 163.74ms | tok/sec: 400,247 | bf16_mfu: 30.74 | epoch: 1 pq: 1 rg: 81 | total time: 3.63m | eta: 0.4m
step 01340/01500 (89.33%) | loss: 3.335164 | lrm: 0.21 | dt: 165.39ms | tok/sec: 396,239 | bf16_mfu: 30.44 | epoch: 1 pq: 1 rg: 81 | total time: 3.63m | eta: 0.4m
step 01341/01500 (89.40%) | loss: 3.350563 | lrm: 0.20 | dt: 165.01ms | tok/sec: 397,171 | bf16_mfu: 30.51 | epoch: 1 pq: 1 rg: 82 | total time: 3.64m | eta: 0.4m
step 01342/01500 (89.47%) | loss: 3.345953 | lrm: 0.20 | dt: 164.30ms | tok/sec: 398,883 | bf16_mfu: 30.64 | epoch: 1 pq: 1 rg: 82 | total time: 3.64m | eta: 0.4m
step 01343/01500 (89.53%) | loss: 3.338187 | lrm: 0.20 | dt: 164.17ms | tok/sec: 399,205 | bf16_mfu: 30.66 | epoch: 1 pq: 1 rg: 82 | total time: 3.64m | eta: 0.4m
step 01344/01500 (89.60%) | loss: 3.335322 | lrm: 0.20 | dt: 162.76ms | tok/sec: 402,653 | bf16_mfu: 30.93 | epoch: 1 pq: 1 rg: 82 | total time: 3.64m | eta: 0.4m
step 01345/01500 (89.67%) | loss: 3.334562 | lrm: 0.20 | dt: 163.51ms | tok/sec: 400,810 | bf16_mfu: 30.79 | epoch: 1 pq: 1 rg: 82 | total time: 3.65m | eta: 0.4m
step 01346/01500 (89.73%) | loss: 3.336662 | lrm: 0.20 | dt: 163.96ms | tok/sec: 399,712 | bf16_mfu: 30.70 | epoch: 1 pq: 1 rg: 82 | total time: 3.65m | eta: 0.4m
step 01347/01500 (89.80%) | loss: 3.363027 | lrm: 0.20 | dt: 163.77ms | tok/sec: 400,178 | bf16_mfu: 30.74 | epoch: 1 pq: 1 rg: 82 | total time: 3.65m | eta: 0.4m
step 01348/01500 (89.87%) | loss: 3.371053 | lrm: 0.20 | dt: 163.48ms | tok/sec: 400,878 | bf16_mfu: 30.79 | epoch: 1 pq: 1 rg: 82 | total time: 3.66m | eta: 0.4m
step 01349/01500 (89.93%) | loss: 3.351368 | lrm: 0.20 | dt: 163.29ms | tok/sec: 401,342 | bf16_mfu: 30.83 | epoch: 1 pq: 1 rg: 82 | total time: 3.66m | eta: 0.4m
step 01350/01500 (90.00%) | loss: 3.364645 | lrm: 0.20 | dt: 163.89ms | tok/sec: 399,872 | bf16_mfu: 30.72 | epoch: 1 pq: 1 rg: 83 | total time: 3.66m | eta: 0.4m
step 01351/01500 (90.07%) | loss: 3.365975 | lrm: 0.20 | dt: 164.60ms | tok/sec: 398,155 | bf16_mfu: 30.58 | epoch: 1 pq: 1 rg: 83 | total time: 3.66m | eta: 0.4m
step 01352/01500 (90.13%) | loss: 3.375397 | lrm: 0.19 | dt: 164.75ms | tok/sec: 397,797 | bf16_mfu: 30.56 | epoch: 1 pq: 1 rg: 83 | total time: 3.67m | eta: 0.4m
step 01353/01500 (90.20%) | loss: 3.384110 | lrm: 0.19 | dt: 163.14ms | tok/sec: 401,709 | bf16_mfu: 30.86 | epoch: 1 pq: 1 rg: 83 | total time: 3.67m | eta: 0.4m
step 01354/01500 (90.27%) | loss: 3.396868 | lrm: 0.19 | dt: 163.36ms | tok/sec: 401,165 | bf16_mfu: 30.82 | epoch: 1 pq: 1 rg: 83 | total time: 3.67m | eta: 0.4m
step 01355/01500 (90.33%) | loss: 3.394474 | lrm: 0.19 | dt: 163.20ms | tok/sec: 401,575 | bf16_mfu: 30.85 | epoch: 1 pq: 1 rg: 83 | total time: 3.67m | eta: 0.4m
step 01356/01500 (90.40%) | loss: 3.396870 | lrm: 0.19 | dt: 163.95ms | tok/sec: 399,734 | bf16_mfu: 30.71 | epoch: 1 pq: 1 rg: 83 | total time: 3.68m | eta: 0.4m
step 01357/01500 (90.47%) | loss: 3.392636 | lrm: 0.19 | dt: 165.68ms | tok/sec: 395,562 | bf16_mfu: 30.38 | epoch: 1 pq: 1 rg: 83 | total time: 3.68m | eta: 0.4m
step 01358/01500 (90.53%) | loss: 3.387817 | lrm: 0.19 | dt: 163.85ms | tok/sec: 399,974 | bf16_mfu: 30.72 | epoch: 1 pq: 2 rg: 0 | total time: 3.68m | eta: 0.4m
step 01359/01500 (90.60%) | loss: 3.372221 | lrm: 0.19 | dt: 163.46ms | tok/sec: 400,930 | bf16_mfu: 30.80 | epoch: 1 pq: 2 rg: 0 | total time: 3.69m | eta: 0.4m
step 01360/01500 (90.67%) | loss: 3.365648 | lrm: 0.19 | dt: 163.68ms | tok/sec: 400,393 | bf16_mfu: 30.76 | epoch: 1 pq: 2 rg: 0 | total time: 3.69m | eta: 0.4m
step 01361/01500 (90.73%) | loss: 3.344817 | lrm: 0.19 | dt: 164.54ms | tok/sec: 398,304 | bf16_mfu: 30.60 | epoch: 1 pq: 2 rg: 0 | total time: 3.69m | eta: 0.4m
step 01362/01500 (90.80%) | loss: 3.346362 | lrm: 0.18 | dt: 165.02ms | tok/sec: 397,128 | bf16_mfu: 30.51 | epoch: 1 pq: 2 rg: 0 | total time: 3.69m | eta: 0.4m
step 01363/01500 (90.87%) | loss: 3.345928 | lrm: 0.18 | dt: 163.23ms | tok/sec: 401,494 | bf16_mfu: 30.84 | epoch: 1 pq: 2 rg: 0 | total time: 3.70m | eta: 0.4m
step 01364/01500 (90.93%) | loss: 3.335531 | lrm: 0.18 | dt: 164.18ms | tok/sec: 399,180 | bf16_mfu: 30.66 | epoch: 1 pq: 2 rg: 0 | total time: 3.70m | eta: 0.4m
step 01365/01500 (91.00%) | loss: 3.332864 | lrm: 0.18 | dt: 163.78ms | tok/sec: 400,137 | bf16_mfu: 30.74 | epoch: 1 pq: 2 rg: 0 | total time: 3.70m | eta: 0.4m
step 01366/01500 (91.07%) | loss: 3.326013 | lrm: 0.18 | dt: 164.49ms | tok/sec: 398,417 | bf16_mfu: 30.60 | epoch: 1 pq: 2 rg: 1 | total time: 3.70m | eta: 0.4m
step 01367/01500 (91.13%) | loss: 3.323581 | lrm: 0.18 | dt: 164.37ms | tok/sec: 398,703 | bf16_mfu: 30.63 | epoch: 1 pq: 2 rg: 1 | total time: 3.71m | eta: 0.4m
step 01368/01500 (91.20%) | loss: 3.324605 | lrm: 0.18 | dt: 163.99ms | tok/sec: 399,624 | bf16_mfu: 30.70 | epoch: 1 pq: 2 rg: 1 | total time: 3.71m | eta: 0.4m
step 01369/01500 (91.27%) | loss: 3.312398 | lrm: 0.18 | dt: 164.17ms | tok/sec: 399,205 | bf16_mfu: 30.66 | epoch: 1 pq: 2 rg: 1 | total time: 3.71m | eta: 0.4m
step 01370/01500 (91.33%) | loss: 3.293414 | lrm: 0.18 | dt: 163.48ms | tok/sec: 400,881 | bf16_mfu: 30.79 | epoch: 1 pq: 2 rg: 1 | total time: 3.72m | eta: 0.4m
step 01371/01500 (91.40%) | loss: 3.296497 | lrm: 0.18 | dt: 164.74ms | tok/sec: 397,809 | bf16_mfu: 30.56 | epoch: 1 pq: 2 rg: 1 | total time: 3.72m | eta: 0.4m
step 01372/01500 (91.47%) | loss: 3.309575 | lrm: 0.17 | dt: 163.42ms | tok/sec: 401,034 | bf16_mfu: 30.81 | epoch: 1 pq: 2 rg: 1 | total time: 3.72m | eta: 0.3m
step 01373/01500 (91.53%) | loss: 3.329911 | lrm: 0.17 | dt: 162.38ms | tok/sec: 403,607 | bf16_mfu: 31.00 | epoch: 1 pq: 2 rg: 1 | total time: 3.72m | eta: 0.3m
step 01374/01500 (91.60%) | loss: 3.328197 | lrm: 0.17 | dt: 162.97ms | tok/sec: 402,129 | bf16_mfu: 30.89 | epoch: 1 pq: 2 rg: 1 | total time: 3.73m | eta: 0.3m
step 01375/01500 (91.67%) | loss: 3.319787 | lrm: 0.17 | dt: 162.81ms | tok/sec: 402,534 | bf16_mfu: 30.92 | epoch: 1 pq: 2 rg: 2 | total time: 3.73m | eta: 0.3m
step 01376/01500 (91.73%) | loss: 3.326932 | lrm: 0.17 | dt: 164.49ms | tok/sec: 398,424 | bf16_mfu: 30.60 | epoch: 1 pq: 2 rg: 2 | total time: 3.73m | eta: 0.3m
step 01377/01500 (91.80%) | loss: 3.319567 | lrm: 0.17 | dt: 164.67ms | tok/sec: 397,978 | bf16_mfu: 30.57 | epoch: 1 pq: 2 rg: 2 | total time: 3.73m | eta: 0.3m
step 01378/01500 (91.87%) | loss: 3.321961 | lrm: 0.17 | dt: 162.90ms | tok/sec: 402,298 | bf16_mfu: 30.90 | epoch: 1 pq: 2 rg: 2 | total time: 3.74m | eta: 0.3m
step 01379/01500 (91.93%) | loss: 3.311483 | lrm: 0.17 | dt: 163.43ms | tok/sec: 401,004 | bf16_mfu: 30.80 | epoch: 1 pq: 2 rg: 2 | total time: 3.74m | eta: 0.3m
step 01380/01500 (92.00%) | loss: 3.320304 | lrm: 0.17 | dt: 163.19ms | tok/sec: 401,597 | bf16_mfu: 30.85 | epoch: 1 pq: 2 rg: 2 | total time: 3.74m | eta: 0.3m
step 01381/01500 (92.07%) | loss: 3.311566 | lrm: 0.17 | dt: 162.97ms | tok/sec: 402,124 | bf16_mfu: 30.89 | epoch: 1 pq: 2 rg: 2 | total time: 3.75m | eta: 0.3m
step 01382/01500 (92.13%) | loss: 3.309442 | lrm: 0.16 | dt: 166.04ms | tok/sec: 394,700 | bf16_mfu: 30.32 | epoch: 1 pq: 2 rg: 2 | total time: 3.75m | eta: 0.3m
step 01383/01500 (92.20%) | loss: 3.310998 | lrm: 0.16 | dt: 163.31ms | tok/sec: 401,302 | bf16_mfu: 30.83 | epoch: 1 pq: 2 rg: 3 | total time: 3.75m | eta: 0.3m
step 01384/01500 (92.27%) | loss: 3.323527 | lrm: 0.16 | dt: 162.74ms | tok/sec: 402,705 | bf16_mfu: 30.93 | epoch: 1 pq: 2 rg: 3 | total time: 3.75m | eta: 0.3m
step 01385/01500 (92.33%) | loss: 3.324392 | lrm: 0.16 | dt: 163.48ms | tok/sec: 400,881 | bf16_mfu: 30.79 | epoch: 1 pq: 2 rg: 3 | total time: 3.76m | eta: 0.3m
step 01386/01500 (92.40%) | loss: 3.322421 | lrm: 0.16 | dt: 163.37ms | tok/sec: 401,143 | bf16_mfu: 30.81 | epoch: 1 pq: 2 rg: 3 | total time: 3.76m | eta: 0.3m
step 01387/01500 (92.47%) | loss: 3.334116 | lrm: 0.16 | dt: 165.12ms | tok/sec: 396,910 | bf16_mfu: 30.49 | epoch: 1 pq: 2 rg: 3 | total time: 3.76m | eta: 0.3m
step 01388/01500 (92.53%) | loss: 3.323389 | lrm: 0.16 | dt: 163.46ms | tok/sec: 400,925 | bf16_mfu: 30.80 | epoch: 1 pq: 2 rg: 3 | total time: 3.76m | eta: 0.3m
step 01389/01500 (92.60%) | loss: 3.347969 | lrm: 0.16 | dt: 164.53ms | tok/sec: 398,310 | bf16_mfu: 30.60 | epoch: 1 pq: 2 rg: 3 | total time: 3.77m | eta: 0.3m
step 01390/01500 (92.67%) | loss: 3.347950 | lrm: 0.16 | dt: 163.17ms | tok/sec: 401,651 | bf16_mfu: 30.85 | epoch: 1 pq: 2 rg: 3 | total time: 3.77m | eta: 0.3m
step 01391/01500 (92.73%) | loss: 3.378431 | lrm: 0.16 | dt: 163.39ms | tok/sec: 401,111 | bf16_mfu: 30.81 | epoch: 1 pq: 2 rg: 4 | total time: 3.77m | eta: 0.3m
step 01392/01500 (92.80%) | loss: 3.393071 | lrm: 0.16 | dt: 164.72ms | tok/sec: 397,861 | bf16_mfu: 30.56 | epoch: 1 pq: 2 rg: 4 | total time: 3.78m | eta: 0.3m
step 01393/01500 (92.87%) | loss: 3.400262 | lrm: 0.15 | dt: 164.42ms | tok/sec: 398,595 | bf16_mfu: 30.62 | epoch: 1 pq: 2 rg: 4 | total time: 3.78m | eta: 0.3m
step 01394/01500 (92.93%) | loss: 3.391322 | lrm: 0.15 | dt: 163.16ms | tok/sec: 401,674 | bf16_mfu: 30.85 | epoch: 1 pq: 2 rg: 4 | total time: 3.78m | eta: 0.3m
step 01395/01500 (93.00%) | loss: 3.400823 | lrm: 0.15 | dt: 164.12ms | tok/sec: 399,316 | bf16_mfu: 30.67 | epoch: 1 pq: 2 rg: 4 | total time: 3.78m | eta: 0.3m
step 01396/01500 (93.07%) | loss: 3.397346 | lrm: 0.15 | dt: 164.05ms | tok/sec: 399,492 | bf16_mfu: 30.69 | epoch: 1 pq: 2 rg: 4 | total time: 3.79m | eta: 0.3m
step 01397/01500 (93.13%) | loss: 3.397979 | lrm: 0.15 | dt: 164.88ms | tok/sec: 397,470 | bf16_mfu: 30.53 | epoch: 1 pq: 2 rg: 4 | total time: 3.79m | eta: 0.3m
step 01398/01500 (93.20%) | loss: 3.384444 | lrm: 0.15 | dt: 163.68ms | tok/sec: 400,394 | bf16_mfu: 30.76 | epoch: 1 pq: 2 rg: 4 | total time: 3.79m | eta: 0.3m
step 01399/01500 (93.27%) | loss: 3.377460 | lrm: 0.15 | dt: 163.30ms | tok/sec: 401,332 | bf16_mfu: 30.83 | epoch: 1 pq: 2 rg: 5 | total time: 3.79m | eta: 0.3m
step 01400/01500 (93.33%) | loss: 3.366732 | lrm: 0.15 | dt: 163.57ms | tok/sec: 400,652 | bf16_mfu: 30.78 | epoch: 1 pq: 2 rg: 5 | total time: 3.80m | eta: 0.3m
step 01401/01500 (93.40%) | loss: 3.364084 | lrm: 0.15 | dt: 163.83ms | tok/sec: 400,034 | bf16_mfu: 30.73 | epoch: 1 pq: 2 rg: 5 | total time: 3.80m | eta: 0.3m
step 01402/01500 (93.47%) | loss: 3.377636 | lrm: 0.15 | dt: 165.16ms | tok/sec: 396,796 | bf16_mfu: 30.48 | epoch: 1 pq: 2 rg: 5 | total time: 3.80m | eta: 0.3m
step 01403/01500 (93.53%) | loss: 3.376324 | lrm: 0.14 | dt: 163.67ms | tok/sec: 400,424 | bf16_mfu: 30.76 | epoch: 1 pq: 2 rg: 5 | total time: 3.81m | eta: 0.3m
step 01404/01500 (93.60%) | loss: 3.377894 | lrm: 0.14 | dt: 163.91ms | tok/sec: 399,834 | bf16_mfu: 30.71 | epoch: 1 pq: 2 rg: 5 | total time: 3.81m | eta: 0.3m
step 01405/01500 (93.67%) | loss: 3.377454 | lrm: 0.14 | dt: 162.29ms | tok/sec: 403,821 | bf16_mfu: 31.02 | epoch: 1 pq: 2 rg: 5 | total time: 3.81m | eta: 0.3m
step 01406/01500 (93.73%) | loss: 3.377560 | lrm: 0.14 | dt: 163.96ms | tok/sec: 399,713 | bf16_mfu: 30.70 | epoch: 1 pq: 2 rg: 5 | total time: 3.81m | eta: 0.3m
step 01407/01500 (93.80%) | loss: 3.373608 | lrm: 0.14 | dt: 164.13ms | tok/sec: 399,290 | bf16_mfu: 30.67 | epoch: 1 pq: 2 rg: 6 | total time: 3.82m | eta: 0.3m
step 01408/01500 (93.87%) | loss: 3.366922 | lrm: 0.14 | dt: 163.64ms | tok/sec: 400,483 | bf16_mfu: 30.76 | epoch: 1 pq: 2 rg: 6 | total time: 3.82m | eta: 0.3m
step 01409/01500 (93.93%) | loss: 3.360077 | lrm: 0.14 | dt: 162.96ms | tok/sec: 402,161 | bf16_mfu: 30.89 | epoch: 1 pq: 2 rg: 6 | total time: 3.82m | eta: 0.2m
step 01410/01500 (94.00%) | loss: 3.354603 | lrm: 0.14 | dt: 164.15ms | tok/sec: 399,250 | bf16_mfu: 30.67 | epoch: 1 pq: 2 rg: 6 | total time: 3.82m | eta: 0.2m
step 01411/01500 (94.07%) | loss: 3.362656 | lrm: 0.14 | dt: 166.91ms | tok/sec: 392,635 | bf16_mfu: 30.16 | epoch: 1 pq: 2 rg: 6 | total time: 3.83m | eta: 0.2m
step 01412/01500 (94.13%) | loss: 3.366977 | lrm: 0.14 | dt: 164.11ms | tok/sec: 399,343 | bf16_mfu: 30.68 | epoch: 1 pq: 2 rg: 6 | total time: 3.83m | eta: 0.2m
step 01413/01500 (94.20%) | loss: 3.363077 | lrm: 0.13 | dt: 163.84ms | tok/sec: 399,999 | bf16_mfu: 30.73 | epoch: 1 pq: 2 rg: 6 | total time: 3.83m | eta: 0.2m
step 01414/01500 (94.27%) | loss: 3.359864 | lrm: 0.13 | dt: 163.10ms | tok/sec: 401,814 | bf16_mfu: 30.87 | epoch: 1 pq: 2 rg: 6 | total time: 3.84m | eta: 0.2m
step 01415/01500 (94.33%) | loss: 3.345421 | lrm: 0.13 | dt: 163.71ms | tok/sec: 400,317 | bf16_mfu: 30.75 | epoch: 1 pq: 2 rg: 7 | total time: 3.84m | eta: 0.2m
step 01416/01500 (94.40%) | loss: 3.336574 | lrm: 0.13 | dt: 164.77ms | tok/sec: 397,734 | bf16_mfu: 30.55 | epoch: 1 pq: 2 rg: 7 | total time: 3.84m | eta: 0.2m
step 01417/01500 (94.47%) | loss: 3.332661 | lrm: 0.13 | dt: 165.07ms | tok/sec: 397,014 | bf16_mfu: 30.50 | epoch: 1 pq: 2 rg: 7 | total time: 3.84m | eta: 0.2m
step 01418/01500 (94.53%) | loss: 3.326191 | lrm: 0.13 | dt: 162.86ms | tok/sec: 402,404 | bf16_mfu: 30.91 | epoch: 1 pq: 2 rg: 7 | total time: 3.85m | eta: 0.2m
step 01419/01500 (94.60%) | loss: 3.331298 | lrm: 0.13 | dt: 162.94ms | tok/sec: 402,208 | bf16_mfu: 30.90 | epoch: 1 pq: 2 rg: 7 | total time: 3.85m | eta: 0.2m
step 01420/01500 (94.67%) | loss: 3.339085 | lrm: 0.13 | dt: 163.85ms | tok/sec: 399,970 | bf16_mfu: 30.72 | epoch: 1 pq: 2 rg: 7 | total time: 3.85m | eta: 0.2m
step 01421/01500 (94.73%) | loss: 3.341081 | lrm: 0.13 | dt: 164.98ms | tok/sec: 397,245 | bf16_mfu: 30.51 | epoch: 1 pq: 2 rg: 7 | total time: 3.85m | eta: 0.2m
step 01422/01500 (94.80%) | loss: 3.346553 | lrm: 0.13 | dt: 163.31ms | tok/sec: 401,287 | bf16_mfu: 30.82 | epoch: 1 pq: 2 rg: 7 | total time: 3.86m | eta: 0.2m
step 01423/01500 (94.87%) | loss: 3.348920 | lrm: 0.13 | dt: 163.32ms | tok/sec: 401,276 | bf16_mfu: 30.82 | epoch: 1 pq: 2 rg: 7 | total time: 3.86m | eta: 0.2m
step 01424/01500 (94.93%) | loss: 3.344081 | lrm: 0.12 | dt: 162.88ms | tok/sec: 402,361 | bf16_mfu: 30.91 | epoch: 1 pq: 2 rg: 8 | total time: 3.86m | eta: 0.2m
step 01425/01500 (95.00%) | loss: 3.353738 | lrm: 0.12 | dt: 163.69ms | tok/sec: 400,362 | bf16_mfu: 30.75 | epoch: 1 pq: 2 rg: 8 | total time: 3.87m | eta: 0.2m
step 01426/01500 (95.07%) | loss: 3.350233 | lrm: 0.12 | dt: 164.17ms | tok/sec: 399,195 | bf16_mfu: 30.66 | epoch: 1 pq: 2 rg: 8 | total time: 3.87m | eta: 0.2m
step 01427/01500 (95.13%) | loss: 3.370289 | lrm: 0.12 | dt: 164.12ms | tok/sec: 399,311 | bf16_mfu: 30.67 | epoch: 1 pq: 2 rg: 8 | total time: 3.87m | eta: 0.2m
step 01428/01500 (95.20%) | loss: 3.370533 | lrm: 0.12 | dt: 163.46ms | tok/sec: 400,940 | bf16_mfu: 30.80 | epoch: 1 pq: 2 rg: 8 | total time: 3.87m | eta: 0.2m
step 01429/01500 (95.27%) | loss: 3.370712 | lrm: 0.12 | dt: 163.59ms | tok/sec: 400,621 | bf16_mfu: 30.77 | epoch: 1 pq: 2 rg: 8 | total time: 3.88m | eta: 0.2m
step 01430/01500 (95.33%) | loss: 3.353812 | lrm: 0.12 | dt: 162.86ms | tok/sec: 402,406 | bf16_mfu: 30.91 | epoch: 1 pq: 2 rg: 8 | total time: 3.88m | eta: 0.2m
step 01431/01500 (95.40%) | loss: 3.348067 | lrm: 0.12 | dt: 164.25ms | tok/sec: 399,012 | bf16_mfu: 30.65 | epoch: 1 pq: 2 rg: 8 | total time: 3.88m | eta: 0.2m
step 01432/01500 (95.47%) | loss: 3.327759 | lrm: 0.12 | dt: 164.38ms | tok/sec: 398,679 | bf16_mfu: 30.62 | epoch: 1 pq: 2 rg: 9 | total time: 3.88m | eta: 0.2m
step 01433/01500 (95.53%) | loss: 3.358742 | lrm: 0.12 | dt: 164.46ms | tok/sec: 398,481 | bf16_mfu: 30.61 | epoch: 1 pq: 2 rg: 9 | total time: 3.89m | eta: 0.2m
step 01434/01500 (95.60%) | loss: 3.357848 | lrm: 0.11 | dt: 163.70ms | tok/sec: 400,343 | bf16_mfu: 30.75 | epoch: 1 pq: 2 rg: 9 | total time: 3.89m | eta: 0.2m
step 01435/01500 (95.67%) | loss: 3.361068 | lrm: 0.11 | dt: 163.38ms | tok/sec: 401,128 | bf16_mfu: 30.81 | epoch: 1 pq: 2 rg: 9 | total time: 3.89m | eta: 0.2m
step 01436/01500 (95.73%) | loss: 3.369667 | lrm: 0.11 | dt: 164.14ms | tok/sec: 399,278 | bf16_mfu: 30.67 | epoch: 1 pq: 2 rg: 9 | total time: 3.90m | eta: 0.2m
step 01437/01500 (95.80%) | loss: 3.377291 | lrm: 0.11 | dt: 165.35ms | tok/sec: 396,358 | bf16_mfu: 30.45 | epoch: 1 pq: 2 rg: 9 | total time: 3.90m | eta: 0.2m
step 01438/01500 (95.87%) | loss: 3.367893 | lrm: 0.11 | dt: 162.77ms | tok/sec: 402,627 | bf16_mfu: 30.93 | epoch: 1 pq: 2 rg: 9 | total time: 3.90m | eta: 0.2m
step 01439/01500 (95.93%) | loss: 3.377789 | lrm: 0.11 | dt: 162.55ms | tok/sec: 403,167 | bf16_mfu: 30.97 | epoch: 1 pq: 2 rg: 9 | total time: 3.90m | eta: 0.2m
step 01440/01500 (96.00%) | loss: 3.361288 | lrm: 0.11 | dt: 164.03ms | tok/sec: 399,529 | bf16_mfu: 30.69 | epoch: 1 pq: 2 rg: 10 | total time: 3.91m | eta: 0.2m
step 01441/01500 (96.07%) | loss: 3.360743 | lrm: 0.11 | dt: 162.51ms | tok/sec: 403,273 | bf16_mfu: 30.98 | epoch: 1 pq: 2 rg: 10 | total time: 3.91m | eta: 0.2m
step 01442/01500 (96.13%) | loss: 3.371851 | lrm: 0.11 | dt: 165.36ms | tok/sec: 396,314 | bf16_mfu: 30.44 | epoch: 1 pq: 2 rg: 10 | total time: 3.91m | eta: 0.2m
step 01443/01500 (96.20%) | loss: 3.388971 | lrm: 0.11 | dt: 165.00ms | tok/sec: 397,183 | bf16_mfu: 30.51 | epoch: 1 pq: 2 rg: 10 | total time: 3.91m | eta: 0.2m
step 01444/01500 (96.27%) | loss: 3.385883 | lrm: 0.10 | dt: 162.85ms | tok/sec: 402,434 | bf16_mfu: 30.91 | epoch: 1 pq: 2 rg: 10 | total time: 3.92m | eta: 0.2m
step 01445/01500 (96.33%) | loss: 3.384547 | lrm: 0.10 | dt: 163.72ms | tok/sec: 400,298 | bf16_mfu: 30.75 | epoch: 1 pq: 2 rg: 10 | total time: 3.92m | eta: 0.2m
step 01446/01500 (96.40%) | loss: 3.394360 | lrm: 0.10 | dt: 164.46ms | tok/sec: 398,484 | bf16_mfu: 30.61 | epoch: 1 pq: 2 rg: 10 | total time: 3.92m | eta: 0.1m
step 01447/01500 (96.47%) | loss: 3.371313 | lrm: 0.10 | dt: 163.10ms | tok/sec: 401,820 | bf16_mfu: 30.87 | epoch: 1 pq: 2 rg: 10 | total time: 3.93m | eta: 0.1m
step 01448/01500 (96.53%) | loss: 3.371735 | lrm: 0.10 | dt: 164.96ms | tok/sec: 397,294 | bf16_mfu: 30.52 | epoch: 1 pq: 2 rg: 11 | total time: 3.93m | eta: 0.1m
step 01449/01500 (96.60%) | loss: 3.369465 | lrm: 0.10 | dt: 164.18ms | tok/sec: 399,172 | bf16_mfu: 30.66 | epoch: 1 pq: 2 rg: 11 | total time: 3.93m | eta: 0.1m
step 01450/01500 (96.67%) | loss: 3.363611 | lrm: 0.10 | dt: 163.23ms | tok/sec: 401,482 | bf16_mfu: 30.84 | epoch: 1 pq: 2 rg: 11 | total time: 3.93m | eta: 0.1m
step 01451/01500 (96.73%) | loss: 3.355268 | lrm: 0.10 | dt: 164.13ms | tok/sec: 399,295 | bf16_mfu: 30.67 | epoch: 1 pq: 2 rg: 11 | total time: 3.94m | eta: 0.1m
step 01452/01500 (96.80%) | loss: 3.359247 | lrm: 0.10 | dt: 164.92ms | tok/sec: 397,387 | bf16_mfu: 30.53 | epoch: 1 pq: 2 rg: 11 | total time: 3.94m | eta: 0.1m
step 01453/01500 (96.87%) | loss: 3.364570 | lrm: 0.10 | dt: 163.70ms | tok/sec: 400,353 | bf16_mfu: 30.75 | epoch: 1 pq: 2 rg: 11 | total time: 3.94m | eta: 0.1m
step 01454/01500 (96.93%) | loss: 3.352717 | lrm: 0.09 | dt: 163.51ms | tok/sec: 400,814 | bf16_mfu: 30.79 | epoch: 1 pq: 2 rg: 11 | total time: 3.94m | eta: 0.1m
step 01455/01500 (97.00%) | loss: 3.363793 | lrm: 0.09 | dt: 164.01ms | tok/sec: 399,591 | bf16_mfu: 30.69 | epoch: 1 pq: 2 rg: 11 | total time: 3.95m | eta: 0.1m
step 01456/01500 (97.07%) | loss: 3.365070 | lrm: 0.09 | dt: 163.23ms | tok/sec: 401,489 | bf16_mfu: 30.84 | epoch: 1 pq: 2 rg: 12 | total time: 3.95m | eta: 0.1m
step 01457/01500 (97.13%) | loss: 3.344769 | lrm: 0.09 | dt: 165.34ms | tok/sec: 396,370 | bf16_mfu: 30.45 | epoch: 1 pq: 2 rg: 12 | total time: 3.95m | eta: 0.1m
step 01458/01500 (97.20%) | loss: 3.346487 | lrm: 0.09 | dt: 166.07ms | tok/sec: 394,623 | bf16_mfu: 30.31 | epoch: 1 pq: 2 rg: 12 | total time: 3.96m | eta: 0.1m
step 01459/01500 (97.27%) | loss: 3.325373 | lrm: 0.09 | dt: 162.55ms | tok/sec: 403,183 | bf16_mfu: 30.97 | epoch: 1 pq: 2 rg: 12 | total time: 3.96m | eta: 0.1m
step 01460/01500 (97.33%) | loss: 3.323483 | lrm: 0.09 | dt: 163.54ms | tok/sec: 400,732 | bf16_mfu: 30.78 | epoch: 1 pq: 2 rg: 12 | total time: 3.96m | eta: 0.1m
step 01461/01500 (97.40%) | loss: 3.318274 | lrm: 0.09 | dt: 164.34ms | tok/sec: 398,792 | bf16_mfu: 30.63 | epoch: 1 pq: 2 rg: 12 | total time: 3.96m | eta: 0.1m
step 01462/01500 (97.47%) | loss: 3.316738 | lrm: 0.09 | dt: 164.71ms | tok/sec: 397,891 | bf16_mfu: 30.56 | epoch: 1 pq: 2 rg: 12 | total time: 3.97m | eta: 0.1m
step 01463/01500 (97.53%) | loss: 3.312342 | lrm: 0.09 | dt: 163.42ms | tok/sec: 401,025 | bf16_mfu: 30.80 | epoch: 1 pq: 2 rg: 12 | total time: 3.97m | eta: 0.1m
step 01464/01500 (97.60%) | loss: 3.308028 | lrm: 0.09 | dt: 164.58ms | tok/sec: 398,200 | bf16_mfu: 30.59 | epoch: 1 pq: 2 rg: 12 | total time: 3.97m | eta: 0.1m
step 01465/01500 (97.67%) | loss: 3.301056 | lrm: 0.08 | dt: 163.87ms | tok/sec: 399,930 | bf16_mfu: 30.72 | epoch: 1 pq: 2 rg: 13 | total time: 3.97m | eta: 0.1m
step 01466/01500 (97.73%) | loss: 3.302647 | lrm: 0.08 | dt: 163.87ms | tok/sec: 399,927 | bf16_mfu: 30.72 | epoch: 1 pq: 2 rg: 13 | total time: 3.98m | eta: 0.1m
step 01467/01500 (97.80%) | loss: 3.292985 | lrm: 0.08 | dt: 163.60ms | tok/sec: 400,591 | bf16_mfu: 30.77 | epoch: 1 pq: 2 rg: 13 | total time: 3.98m | eta: 0.1m
step 01468/01500 (97.87%) | loss: 3.277537 | lrm: 0.08 | dt: 163.29ms | tok/sec: 401,358 | bf16_mfu: 30.83 | epoch: 1 pq: 2 rg: 13 | total time: 3.98m | eta: 0.1m
step 01469/01500 (97.93%) | loss: 3.300044 | lrm: 0.08 | dt: 163.41ms | tok/sec: 401,057 | bf16_mfu: 30.81 | epoch: 1 pq: 2 rg: 13 | total time: 3.99m | eta: 0.1m
step 01470/01500 (98.00%) | loss: 3.317290 | lrm: 0.08 | dt: 165.51ms | tok/sec: 395,966 | bf16_mfu: 30.42 | epoch: 1 pq: 2 rg: 13 | total time: 3.99m | eta: 0.1m
step 01471/01500 (98.07%) | loss: 3.334791 | lrm: 0.08 | dt: 164.77ms | tok/sec: 397,748 | bf16_mfu: 30.55 | epoch: 1 pq: 2 rg: 13 | total time: 3.99m | eta: 0.1m
step 01472/01500 (98.13%) | loss: 3.332761 | lrm: 0.08 | dt: 164.52ms | tok/sec: 398,338 | bf16_mfu: 30.60 | epoch: 1 pq: 2 rg: 13 | total time: 3.99m | eta: 0.1m
step 01473/01500 (98.20%) | loss: 3.333865 | lrm: 0.08 | dt: 163.87ms | tok/sec: 399,921 | bf16_mfu: 30.72 | epoch: 1 pq: 2 rg: 14 | total time: 4.00m | eta: 0.1m
step 01474/01500 (98.27%) | loss: 3.333656 | lrm: 0.08 | dt: 162.40ms | tok/sec: 403,546 | bf16_mfu: 31.00 | epoch: 1 pq: 2 rg: 14 | total time: 4.00m | eta: 0.1m
step 01475/01500 (98.33%) | loss: 3.326428 | lrm: 0.07 | dt: 167.68ms | tok/sec: 390,836 | bf16_mfu: 30.02 | epoch: 1 pq: 2 rg: 14 | total time: 4.00m | eta: 0.1m
step 01476/01500 (98.40%) | loss: 3.321994 | lrm: 0.07 | dt: 165.04ms | tok/sec: 397,100 | bf16_mfu: 30.50 | epoch: 1 pq: 2 rg: 14 | total time: 4.00m | eta: 0.1m
step 01477/01500 (98.47%) | loss: 3.331619 | lrm: 0.07 | dt: 163.26ms | tok/sec: 401,409 | bf16_mfu: 30.83 | epoch: 1 pq: 2 rg: 14 | total time: 4.01m | eta: 0.1m
step 01478/01500 (98.53%) | loss: 3.330498 | lrm: 0.07 | dt: 164.73ms | tok/sec: 397,827 | bf16_mfu: 30.56 | epoch: 1 pq: 2 rg: 14 | total time: 4.01m | eta: 0.1m
step 01479/01500 (98.60%) | loss: 3.336754 | lrm: 0.07 | dt: 164.66ms | tok/sec: 398,010 | bf16_mfu: 30.57 | epoch: 1 pq: 2 rg: 14 | total time: 4.01m | eta: 0.1m
step 01480/01500 (98.67%) | loss: 3.340788 | lrm: 0.07 | dt: 163.47ms | tok/sec: 400,910 | bf16_mfu: 30.80 | epoch: 1 pq: 2 rg: 14 | total time: 4.02m | eta: 0.1m
step 01481/01500 (98.73%) | loss: 3.333356 | lrm: 0.07 | dt: 163.39ms | tok/sec: 401,090 | bf16_mfu: 30.81 | epoch: 1 pq: 2 rg: 15 | total time: 4.02m | eta: 0.1m
step 01482/01500 (98.80%) | loss: 3.338805 | lrm: 0.07 | dt: 163.56ms | tok/sec: 400,690 | bf16_mfu: 30.78 | epoch: 1 pq: 2 rg: 15 | total time: 4.02m | eta: 0.0m
step 01483/01500 (98.87%) | loss: 3.338990 | lrm: 0.07 | dt: 163.44ms | tok/sec: 400,969 | bf16_mfu: 30.80 | epoch: 1 pq: 2 rg: 15 | total time: 4.02m | eta: 0.0m
step 01484/01500 (98.93%) | loss: 3.334151 | lrm: 0.07 | dt: 164.76ms | tok/sec: 397,766 | bf16_mfu: 30.55 | epoch: 1 pq: 2 rg: 15 | total time: 4.03m | eta: 0.0m
step 01485/01500 (99.00%) | loss: 3.354788 | lrm: 0.06 | dt: 164.85ms | tok/sec: 397,543 | bf16_mfu: 30.54 | epoch: 1 pq: 2 rg: 15 | total time: 4.03m | eta: 0.0m
step 01486/01500 (99.07%) | loss: 3.355199 | lrm: 0.06 | dt: 162.96ms | tok/sec: 402,161 | bf16_mfu: 30.89 | epoch: 1 pq: 2 rg: 15 | total time: 4.03m | eta: 0.0m
step 01487/01500 (99.13%) | loss: 3.347316 | lrm: 0.06 | dt: 162.92ms | tok/sec: 402,264 | bf16_mfu: 30.90 | epoch: 1 pq: 2 rg: 15 | total time: 4.03m | eta: 0.0m
step 01488/01500 (99.20%) | loss: 3.336762 | lrm: 0.06 | dt: 163.53ms | tok/sec: 400,763 | bf16_mfu: 30.78 | epoch: 1 pq: 2 rg: 15 | total time: 4.04m | eta: 0.0m
step 01489/01500 (99.27%) | loss: 3.350801 | lrm: 0.06 | dt: 164.10ms | tok/sec: 399,362 | bf16_mfu: 30.68 | epoch: 1 pq: 2 rg: 16 | total time: 4.04m | eta: 0.0m
step 01490/01500 (99.33%) | loss: 3.335773 | lrm: 0.06 | dt: 166.55ms | tok/sec: 393,493 | bf16_mfu: 30.23 | epoch: 1 pq: 2 rg: 16 | total time: 4.04m | eta: 0.0m
step 01491/01500 (99.40%) | loss: 3.333747 | lrm: 0.06 | dt: 163.75ms | tok/sec: 400,208 | bf16_mfu: 30.74 | epoch: 1 pq: 2 rg: 16 | total time: 4.05m | eta: 0.0m
step 01492/01500 (99.47%) | loss: 3.342723 | lrm: 0.06 | dt: 162.98ms | tok/sec: 402,119 | bf16_mfu: 30.89 | epoch: 1 pq: 2 rg: 16 | total time: 4.05m | eta: 0.0m
step 01493/01500 (99.53%) | loss: 3.353811 | lrm: 0.06 | dt: 163.56ms | tok/sec: 400,686 | bf16_mfu: 30.78 | epoch: 1 pq: 2 rg: 16 | total time: 4.05m | eta: 0.0m
step 01494/01500 (99.60%) | loss: 3.341844 | lrm: 0.06 | dt: 163.80ms | tok/sec: 400,098 | bf16_mfu: 30.73 | epoch: 1 pq: 2 rg: 16 | total time: 4.05m | eta: 0.0m
step 01495/01500 (99.67%) | loss: 3.344831 | lrm: 0.05 | dt: 164.66ms | tok/sec: 398,010 | bf16_mfu: 30.57 | epoch: 1 pq: 2 rg: 16 | total time: 4.06m | eta: 0.0m
step 01496/01500 (99.73%) | loss: 3.326575 | lrm: 0.05 | dt: 164.07ms | tok/sec: 399,440 | bf16_mfu: 30.68 | epoch: 1 pq: 2 rg: 16 | total time: 4.06m | eta: 0.0m
step 01497/01500 (99.80%) | loss: 3.321363 | lrm: 0.05 | dt: 163.27ms | tok/sec: 401,398 | bf16_mfu: 30.83 | epoch: 1 pq: 2 rg: 17 | total time: 4.06m | eta: 0.0m
step 01498/01500 (99.87%) | loss: 3.312362 | lrm: 0.05 | dt: 163.74ms | tok/sec: 400,253 | bf16_mfu: 30.75 | epoch: 1 pq: 2 rg: 17 | total time: 4.06m | eta: 0.0m
step 01499/01500 (99.93%) | loss: 3.301622 | lrm: 0.05 | dt: 163.55ms | tok/sec: 400,717 | bf16_mfu: 30.78 | epoch: 1 pq: 2 rg: 17 | total time: 4.07m | eta: 0.0m
2026-08-31 04:40:28,543 - nanochat.checkpoint_manager - [32m[1mINFO[0m - Saved model parameters to: /var/lib/hytorch/nanochat-cache/base_checkpoints/d12/model_001500.pt
2026-08-31 04:40:28,544 - nanochat.checkpoint_manager - [32m[1mINFO[0m - Saved metadata to: /var/lib/hytorch/nanochat-cache/base_checkpoints/d12/meta_001500.json
2026-08-31 04:40:30,291 - nanochat.checkpoint_manager - [32m[1mINFO[0m - Saved optimizer state to: /var/lib/hytorch/nanochat-cache/base_checkpoints/d12/optim_001500_rank0.pt
Peak memory usage: 15918.14MiB
Total training time: 4.07m
