/opt/amdgpu/share/libdrm/amdgpu.ids: No such file or directory
/opt/amdgpu/share/libdrm/amdgpu.ids: No such file or directory
/opt/amdgpu/share/libdrm/amdgpu.ids: No such file or directory
/opt/amdgpu/share/libdrm/amdgpu.ids: No such file or directory
/opt/amdgpu/share/libdrm/amdgpu.ids: No such file or directory
/opt/amdgpu/share/libdrm/amdgpu.ids: No such file or directory
/opt/amdgpu/share/libdrm/amdgpu.ids: No such file or directory
/opt/amdgpu/share/libdrm/amdgpu.ids: No such file or directory
/opt/amdgpu/share/libdrm/amdgpu.ids: No such file or directory
/opt/amdgpu/share/libdrm/amdgpu.ids: No such file or directory
/opt/amdgpu/share/libdrm/amdgpu.ids: No such file or directory
/opt/amdgpu/share/libdrm/amdgpu.ids: No such file or directory
/opt/amdgpu/share/libdrm/amdgpu.ids: No such file or directory
/opt/amdgpu/share/libdrm/amdgpu.ids: No such file or directory
/opt/amdgpu/share/libdrm/amdgpu.ids: No such file or directory
/opt/amdgpu/share/libdrm/amdgpu.ids: No such file or directory
/opt/amdgpu/share/libdrm/amdgpu.ids: No such file or directory
/opt/amdgpu/share/libdrm/amdgpu.ids: No such file or directory
/opt/amdgpu/share/libdrm/amdgpu.ids: No such file or directory
/opt/amdgpu/share/libdrm/amdgpu.ids: No such file or directory
/opt/amdgpu/share/libdrm/amdgpu.ids: No such file or directory
/opt/amdgpu/share/libdrm/amdgpu.ids: No such file or directory
/opt/amdgpu/share/libdrm/amdgpu.ids: No such file or directory
/opt/amdgpu/share/libdrm/amdgpu.ids: No such file or directory
/opt/amdgpu/share/libdrm/amdgpu.ids: No such file or directory
/opt/amdgpu/share/libdrm/amdgpu.ids: No such file or directory
/opt/amdgpu/share/libdrm/amdgpu.ids: No such file or directory
/opt/amdgpu/share/libdrm/amdgpu.ids: No such file or directory
/opt/amdgpu/share/libdrm/amdgpu.ids: No such file or directory
/opt/amdgpu/share/libdrm/amdgpu.ids: No such file or directory
/opt/amdgpu/share/libdrm/amdgpu.ids: No such file or directory
/opt/amdgpu/share/libdrm/amdgpu.ids: No such file or directory
/opt/amdgpu/share/libdrm/amdgpu.ids: No such file or directory
/opt/amdgpu/share/libdrm/amdgpu.ids: No such file or directory
/opt/amdgpu/share/libdrm/amdgpu.ids: No such file or directory
/opt/amdgpu/share/libdrm/amdgpu.ids: No such file or directory
/opt/amdgpu/share/libdrm/amdgpu.ids: No such file or directory
/opt/amdgpu/share/libdrm/amdgpu.ids: No such file or directory
/opt/amdgpu/share/libdrm/amdgpu.ids: No such file or directory
/opt/amdgpu/share/libdrm/amdgpu.ids: No such file or directory
/opt/amdgpu/share/libdrm/amdgpu.ids: No such file or directory
/opt/amdgpu/share/libdrm/amdgpu.ids: No such file or directory
/opt/amdgpu/share/libdrm/amdgpu.ids: No such file or directory
/opt/amdgpu/share/libdrm/amdgpu.ids: No such file or directory
/opt/amdgpu/share/libdrm/amdgpu.ids: No such file or directory
/opt/amdgpu/share/libdrm/amdgpu.ids: No such file or directory
/opt/amdgpu/share/libdrm/amdgpu.ids: No such file or directory
/opt/amdgpu/share/libdrm/amdgpu.ids: No such file or directory
/opt/amdgpu/share/libdrm/amdgpu.ids: No such file or directory
/opt/amdgpu/share/libdrm/amdgpu.ids: No such file or directory
/opt/amdgpu/share/libdrm/amdgpu.ids: No such file or directory
/opt/amdgpu/share/libdrm/amdgpu.ids: No such file or directory
/opt/amdgpu/share/libdrm/amdgpu.ids: No such file or directory
/opt/amdgpu/share/libdrm/amdgpu.ids: No such file or directory
/opt/amdgpu/share/libdrm/amdgpu.ids: No such file or directory
/opt/amdgpu/share/libdrm/amdgpu.ids: No such file or directory
/opt/amdgpu/share/libdrm/amdgpu.ids: No such file or directory
/opt/amdgpu/share/libdrm/amdgpu.ids: No such file or directory
/opt/amdgpu/share/libdrm/amdgpu.ids: No such file or directory
/opt/amdgpu/share/libdrm/amdgpu.ids: No such file or directory
/opt/amdgpu/share/libdrm/amdgpu.ids: No such file or directory
/opt/amdgpu/share/libdrm/amdgpu.ids: No such file or directory
/opt/amdgpu/share/libdrm/amdgpu.ids: No such file or directory
/opt/amdgpu/share/libdrm/amdgpu.ids: No such file or directory
/opt/amdgpu/share/libdrm/amdgpu.ids: No such file or directory
/opt/amdgpu/share/libdrm/amdgpu.ids: No such file or directory
/opt/amdgpu/share/libdrm/amdgpu.ids: No such file or directory
/opt/amdgpu/share/libdrm/amdgpu.ids: No such file or directory
/opt/amdgpu/share/libdrm/amdgpu.ids: No such file or directory
/opt/amdgpu/share/libdrm/amdgpu.ids: No such file or directory
/opt/amdgpu/share/libdrm/amdgpu.ids: No such file or directory
/opt/amdgpu/share/libdrm/amdgpu.ids: No such file or directory

                                                       █████                █████
                                                      ░░███                ░░███
     ████████    ██████   ████████    ██████   ██████  ░███████    ██████  ███████
    ░░███░░███  ░░░░░███ ░░███░░███  ███░░███ ███░░███ ░███░░███  ░░░░░███░░░███░
     ░███ ░███   ███████  ░███ ░███ ░███ ░███░███ ░░░  ░███ ░███   ███████  ░███
     ░███ ░███  ███░░███  ░███ ░███ ░███ ░███░███  ███ ░███ ░███  ███░░███  ░███ ███
     ████ █████░░████████ ████ █████░░██████ ░░██████  ████ █████░░███████  ░░█████
    ░░░░ ░░░░░  ░░░░░░░░ ░░░░ ░░░░░  ░░░░░░   ░░░░░░  ░░░░ ░░░░░  ░░░░░░░░   ░░░░░
    
Autodetected device type: cuda
[rank6]:[W901 09:37:37.633498725 HIPAllocatorConfig.h:40] Warning: expandable_segments not supported on this platform (function operator())
[rank3]:[W901 09:37:37.633497865 HIPAllocatorConfig.h:40] Warning: expandable_segments not supported on this platform (function operator())
[rank1]:[W901 09:37:37.633497855 HIPAllocatorConfig.h:40] Warning: expandable_segments not supported on this platform (function operator())
[rank2]:[W901 09:37:37.633507075 HIPAllocatorConfig.h:40] Warning: expandable_segments not supported on this platform (function operator())
[rank5]:[W901 09:37:37.633507735 HIPAllocatorConfig.h:40] Warning: expandable_segments not supported on this platform (function operator())
[rank4]:[W901 09:37:37.633528636 HIPAllocatorConfig.h:40] Warning: expandable_segments not supported on this platform (function operator())
[rank0]:[W901 09:37:37.633560136 HIPAllocatorConfig.h:40] Warning: expandable_segments not supported on this platform (function operator())
[rank7]:[W901 09:37:37.633587747 HIPAllocatorConfig.h:40] Warning: expandable_segments not supported on this platform (function operator())
2026-09-01 09:37:37,476 - nanochat.common - [33m[1mWARNING[0m - Peak flops undefined for: AMD Radeon Graphics, MFU will show as 0%
2026-09-01 09:37:37,476 - nanochat.common - [33m[1mWARNING[0m - Peak flops undefined for: AMD Radeon Graphics, MFU will show as 0%
2026-09-01 09:37:37,476 - nanochat.common - [33m[1mWARNING[0m - Peak flops undefined for: AMD Radeon Graphics, MFU will show as 0%
2026-09-01 09:37:37,476 - nanochat.common - [33m[1mWARNING[0m - Peak flops undefined for: AMD Radeon Graphics, MFU will show as 0%
2026-09-01 09:37:37,476 - nanochat.common - [33m[1mWARNING[0m - Peak flops undefined for: AMD Radeon Graphics, MFU will show as 0%
2026-09-01 09:37:37,476 - nanochat.common - [33m[1mWARNING[0m - Peak flops undefined for: AMD Radeon Graphics, MFU will show as 0%
2026-09-01 09:37:37,476 - nanochat.common - [33m[1mWARNING[0m - Peak flops undefined for: AMD Radeon Graphics, MFU will show as 0%
2026-09-01 09:37:37,476 - nanochat.common - [32m[1mINFO[0m - Distributed world size: 8
2026-09-01 09:37:37,477 - nanochat.common - [33m[1mWARNING[0m - Peak flops undefined for: AMD Radeon Graphics, MFU will show as 0%
GPU: AMD Radeon Graphics | Peak FLOPS (BF16): inf
COMPUTE_DTYPE: torch.bfloat16 (set via NANOCHAT_DTYPE=bfloat16)
!!!!!!!!!!!!!!!!!!!!!!!!!!!!!!!!!!!!!!!!!!!!!!!!!!!!!!!!!!!!!!!!!!!!!!!!!!!!!!!!
WARNING: Flash Attention 3 not available, using PyTorch SDPA fallback
WARNING: Training will be less efficient without FA3
WARNING: SDPA has no support for sliding window attention (window_pattern='SSSL'). Your GPU utilization will be terrible.
WARNING: Recommend using --window-pattern L for full context attention without alternating sliding window patterns.
!!!!!!!!!!!!!!!!!!!!!!!!!!!!!!!!!!!!!!!!!!!!!!!!!!!!!!!!!!!!!!!!!!!!!!!!!!!!!!!!
Vocab size: 32,768
Model config:
{
  "sequence_len": 2048,
  "vocab_size": 32768,
  "n_layer": 20,
  "n_head": 10,
  "n_kv_head": 10,
  "n_embd": 1280,
  "window_pattern": "SSSL"
}
hytorch: catalog arm runs EAGER (torch.compile skipped)
hytorch: catalog arm runs EAGER (torch.compile skipped)
hytorch: catalog arm runs EAGER (torch.compile skipped)
hytorch: catalog arm runs EAGER (torch.compile skipped)
hytorch: catalog arm runs EAGER (torch.compile skipped)
Parameter counts:
wte                     : 41,943,040
value_embeds            : 419,430,400
lm_head                 : 41,943,040
transformer_matrices    : 393,217,200
scalars                 : 66
total                   : 896,533,746
Estimated FLOPs per token: 2.886213e+09
hytorch: catalog arm runs EAGER (torch.compile skipped)
Auto-computed optimal batch size: 1,048,576 tokens
Scaling LRs by 1.4142 for batch size 1,048,576 (reference: 524,288)
Scaling weight decay from 0.280000 to 0.100188 for depth 20
Scaling the LR for the AdamW parameters ∝1/√(1280/768) = 0.774597
hytorch: catalog arm runs EAGER (torch.compile skipped)
hytorch: catalog arm runs EAGER (torch.compile skipped)
[92mSuccessfully preprocessed all matching files.[0m
Calculated number of iterations from target data:param ratio: 4,980
Total number of training tokens: 5,221,908,480
Tokens : Scaling params ratio: 12.00
Total training FLOPs estimate: 1.507154e+19
Tokens / micro-batch / rank: 16 x 2048 = 32,768
Tokens / micro-batch: 262,144
Total batch size 1,048,576 => gradient accumulation steps: 4
Step 00000 | Validation bpb: 3.168727
hytorch: step 0 channel commit=100.0% overflow=0.0% abort=0.0%
step 00000/04980 (0.00%) | loss: 10.397221 | lrm: 0.03 | dt: 14055.54ms | tok/sec: 74,602 | bf16_mfu: 0.00 | epoch: 1 pq: 0 rg: 8 | total time: 0.00m
hytorch: step 1 channel commit=32.8% overflow=67.2% abort=0.0%
step 00001/04980 (0.02%) | loss: 10.373278 | lrm: 0.05 | dt: 16105.96ms | tok/sec: 65,104 | bf16_mfu: 0.00 | epoch: 1 pq: 0 rg: 8 | total time: 0.00m
hytorch: step 2 channel commit=34.3% overflow=65.7% abort=0.0%
step 00002/04980 (0.04%) | loss: 10.330672 | lrm: 0.07 | dt: 15796.51ms | tok/sec: 66,380 | bf16_mfu: 0.00 | epoch: 1 pq: 0 rg: 8 | total time: 0.00m
hytorch: step 3 channel commit=34.9% overflow=65.1% abort=0.0%
step 00003/04980 (0.06%) | loss: 10.264339 | lrm: 0.10 | dt: 15802.92ms | tok/sec: 66,353 | bf16_mfu: 0.00 | epoch: 1 pq: 0 rg: 8 | total time: 0.00m
hytorch: step 4 channel commit=36.2% overflow=63.8% abort=0.0%
step 00004/04980 (0.08%) | loss: 10.168374 | lrm: 0.12 | dt: 15848.65ms | tok/sec: 66,161 | bf16_mfu: 0.00 | epoch: 1 pq: 0 rg: 8 | total time: 0.00m
step 00005/04980 (0.10%) | loss: 10.030946 | lrm: 0.15 | dt: 15766.57ms | tok/sec: 66,506 | bf16_mfu: 0.00 | epoch: 1 pq: 0 rg: 16 | total time: 0.00m
step 00006/04980 (0.12%) | loss: 9.827800 | lrm: 0.17 | dt: 15748.06ms | tok/sec: 66,584 | bf16_mfu: 0.00 | epoch: 1 pq: 0 rg: 16 | total time: 0.00m
step 00007/04980 (0.14%) | loss: 9.955905 | lrm: 0.20 | dt: 15699.72ms | tok/sec: 66,789 | bf16_mfu: 0.00 | epoch: 1 pq: 0 rg: 16 | total time: 0.00m
step 00008/04980 (0.16%) | loss: 9.673177 | lrm: 0.23 | dt: 15751.44ms | tok/sec: 66,570 | bf16_mfu: 0.00 | epoch: 1 pq: 0 rg: 16 | total time: 0.00m
step 00009/04980 (0.18%) | loss: 9.333655 | lrm: 0.25 | dt: 15776.74ms | tok/sec: 66,463 | bf16_mfu: 0.00 | epoch: 1 pq: 0 rg: 24 | total time: 0.00m
step 00010/04980 (0.20%) | loss: 9.008631 | lrm: 0.28 | dt: 15756.09ms | tok/sec: 66,550 | bf16_mfu: 0.00 | epoch: 1 pq: 0 rg: 24 | total time: 0.00m
step 00011/04980 (0.22%) | loss: 8.721192 | lrm: 0.30 | dt: 15760.02ms | tok/sec: 66,533 | bf16_mfu: 0.00 | epoch: 1 pq: 0 rg: 24 | total time: 0.26m | eta: 1305.2m
step 00012/04980 (0.24%) | loss: 8.441466 | lrm: 0.33 | dt: 15762.53ms | tok/sec: 66,523 | bf16_mfu: 0.00 | epoch: 1 pq: 0 rg: 24 | total time: 0.53m | eta: 1305.0m
step 00013/04980 (0.26%) | loss: 8.189485 | lrm: 0.35 | dt: 15755.20ms | tok/sec: 66,554 | bf16_mfu: 0.00 | epoch: 1 pq: 0 rg: 32 | total time: 0.79m | eta: 1304.6m
step 00014/04980 (0.28%) | loss: 7.959060 | lrm: 0.38 | dt: 15746.13ms | tok/sec: 66,592 | bf16_mfu: 0.00 | epoch: 1 pq: 0 rg: 32 | total time: 1.05m | eta: 1304.1m
step 00015/04980 (0.30%) | loss: 7.740360 | lrm: 0.40 | dt: 15734.43ms | tok/sec: 66,642 | bf16_mfu: 0.00 | epoch: 1 pq: 0 rg: 32 | total time: 1.31m | eta: 1303.5m
step 00016/04980 (0.32%) | loss: 7.547171 | lrm: 0.42 | dt: 15728.68ms | tok/sec: 66,666 | bf16_mfu: 0.00 | epoch: 1 pq: 0 rg: 32 | total time: 1.57m | eta: 1302.9m
step 00017/04980 (0.34%) | loss: 7.382145 | lrm: 0.45 | dt: 15741.02ms | tok/sec: 66,614 | bf16_mfu: 0.00 | epoch: 1 pq: 0 rg: 40 | total time: 1.84m | eta: 1302.5m
step 00018/04980 (0.36%) | loss: 7.215070 | lrm: 0.47 | dt: 15736.92ms | tok/sec: 66,631 | bf16_mfu: 0.00 | epoch: 1 pq: 0 rg: 40 | total time: 2.10m | eta: 1302.2m
step 00019/04980 (0.38%) | loss: 7.082131 | lrm: 0.50 | dt: 15774.48ms | tok/sec: 66,472 | bf16_mfu: 0.00 | epoch: 1 pq: 0 rg: 40 | total time: 2.36m | eta: 1302.2m
step 00020/04980 (0.40%) | loss: 6.967679 | lrm: 0.53 | dt: 15724.52ms | tok/sec: 66,684 | bf16_mfu: 0.00 | epoch: 1 pq: 0 rg: 40 | total time: 2.62m | eta: 1301.7m
step 00021/04980 (0.42%) | loss: 6.857339 | lrm: 0.55 | dt: 15751.40ms | tok/sec: 66,570 | bf16_mfu: 0.00 | epoch: 1 pq: 0 rg: 48 | total time: 2.89m | eta: 1301.5m
step 00022/04980 (0.44%) | loss: 6.754916 | lrm: 0.57 | dt: 15712.19ms | tok/sec: 66,736 | bf16_mfu: 0.00 | epoch: 1 pq: 0 rg: 48 | total time: 3.15m | eta: 1301.0m
step 00023/04980 (0.46%) | loss: 6.654706 | lrm: 0.60 | dt: 15741.20ms | tok/sec: 66,613 | bf16_mfu: 0.00 | epoch: 1 pq: 0 rg: 48 | total time: 3.41m | eta: 1300.7m
step 00024/04980 (0.48%) | loss: 6.574887 | lrm: 0.62 | dt: 15723.05ms | tok/sec: 66,690 | bf16_mfu: 0.00 | epoch: 1 pq: 0 rg: 56 | total time: 3.67m | eta: 1300.3m
step 00025/04980 (0.50%) | loss: 6.493044 | lrm: 0.65 | dt: 15722.93ms | tok/sec: 66,690 | bf16_mfu: 0.00 | epoch: 1 pq: 0 rg: 56 | total time: 3.94m | eta: 1299.9m
step 00026/04980 (0.52%) | loss: 6.412440 | lrm: 0.68 | dt: 15714.25ms | tok/sec: 66,727 | bf16_mfu: 0.00 | epoch: 1 pq: 0 rg: 56 | total time: 4.20m | eta: 1299.5m
step 00027/04980 (0.54%) | loss: 6.347019 | lrm: 0.70 | dt: 15728.02ms | tok/sec: 66,669 | bf16_mfu: 0.00 | epoch: 1 pq: 0 rg: 56 | total time: 4.46m | eta: 1299.2m
step 00028/04980 (0.56%) | loss: 6.300923 | lrm: 0.72 | dt: 15741.37ms | tok/sec: 66,612 | bf16_mfu: 0.00 | epoch: 1 pq: 0 rg: 64 | total time: 4.72m | eta: 1299.0m
step 00029/04980 (0.58%) | loss: 6.251222 | lrm: 0.75 | dt: 15703.43ms | tok/sec: 66,773 | bf16_mfu: 0.00 | epoch: 1 pq: 0 rg: 64 | total time: 4.98m | eta: 1298.6m
step 00030/04980 (0.60%) | loss: 6.191365 | lrm: 0.78 | dt: 15723.72ms | tok/sec: 66,687 | bf16_mfu: 0.00 | epoch: 1 pq: 0 rg: 64 | total time: 5.25m | eta: 1298.2m
step 00031/04980 (0.62%) | loss: 6.149960 | lrm: 0.80 | dt: 15726.42ms | tok/sec: 66,676 | bf16_mfu: 0.00 | epoch: 1 pq: 0 rg: 64 | total time: 5.51m | eta: 1297.9m
step 00032/04980 (0.64%) | loss: 6.110724 | lrm: 0.82 | dt: 15719.77ms | tok/sec: 66,704 | bf16_mfu: 0.00 | epoch: 1 pq: 0 rg: 72 | total time: 5.77m | eta: 1297.6m
step 00033/04980 (0.66%) | loss: 6.064721 | lrm: 0.85 | dt: 15726.83ms | tok/sec: 66,674 | bf16_mfu: 0.00 | epoch: 1 pq: 0 rg: 72 | total time: 6.03m | eta: 1297.3m
step 00034/04980 (0.68%) | loss: 6.030059 | lrm: 0.88 | dt: 15725.54ms | tok/sec: 66,679 | bf16_mfu: 0.00 | epoch: 1 pq: 0 rg: 72 | total time: 6.29m | eta: 1297.0m
step 00035/04980 (0.70%) | loss: 5.987885 | lrm: 0.90 | dt: 15714.75ms | tok/sec: 66,725 | bf16_mfu: 0.00 | epoch: 1 pq: 0 rg: 72 | total time: 6.56m | eta: 1296.7m
step 00036/04980 (0.72%) | loss: 5.961165 | lrm: 0.93 | dt: 15722.72ms | tok/sec: 66,691 | bf16_mfu: 0.00 | epoch: 1 pq: 0 rg: 80 | total time: 6.82m | eta: 1296.4m
step 00037/04980 (0.74%) | loss: 5.937073 | lrm: 0.95 | dt: 15701.06ms | tok/sec: 66,783 | bf16_mfu: 0.00 | epoch: 1 pq: 0 rg: 80 | total time: 7.08m | eta: 1296.1m
step 00038/04980 (0.76%) | loss: 5.920880 | lrm: 0.97 | dt: 15727.85ms | tok/sec: 66,670 | bf16_mfu: 0.00 | epoch: 1 pq: 0 rg: 80 | total time: 7.34m | eta: 1295.8m
step 00039/04980 (0.78%) | loss: 5.898063 | lrm: 1.00 | dt: 15747.86ms | tok/sec: 66,585 | bf16_mfu: 0.00 | epoch: 1 pq: 0 rg: 80 | total time: 7.60m | eta: 1295.6m
step 00040/04980 (0.80%) | loss: 5.888997 | lrm: 1.00 | dt: 15742.76ms | tok/sec: 66,606 | bf16_mfu: 0.00 | epoch: 1 pq: 1 rg: 0 | total time: 7.87m | eta: 1295.3m
step 00041/04980 (0.82%) | loss: 5.863085 | lrm: 1.00 | dt: 15700.28ms | tok/sec: 66,787 | bf16_mfu: 0.00 | epoch: 1 pq: 1 rg: 0 | total time: 8.13m | eta: 1295.0m
step 00042/04980 (0.84%) | loss: 5.839197 | lrm: 1.00 | dt: 15736.25ms | tok/sec: 66,634 | bf16_mfu: 0.00 | epoch: 1 pq: 1 rg: 0 | total time: 8.39m | eta: 1294.7m
step 00043/04980 (0.86%) | loss: 5.817412 | lrm: 1.00 | dt: 15724.72ms | tok/sec: 66,683 | bf16_mfu: 0.00 | epoch: 1 pq: 1 rg: 8 | total time: 8.65m | eta: 1294.4m
step 00044/04980 (0.88%) | loss: 5.797313 | lrm: 1.00 | dt: 15733.36ms | tok/sec: 66,646 | bf16_mfu: 0.00 | epoch: 1 pq: 1 rg: 8 | total time: 8.91m | eta: 1294.2m
step 00045/04980 (0.90%) | loss: 5.789984 | lrm: 1.00 | dt: 15727.25ms | tok/sec: 66,672 | bf16_mfu: 0.00 | epoch: 1 pq: 1 rg: 8 | total time: 9.18m | eta: 1293.9m
step 00046/04980 (0.92%) | loss: 5.774866 | lrm: 1.00 | dt: 15771.00ms | tok/sec: 66,487 | bf16_mfu: 0.00 | epoch: 1 pq: 1 rg: 8 | total time: 9.44m | eta: 1293.7m
step 00047/04980 (0.94%) | loss: 5.759593 | lrm: 1.00 | dt: 15734.95ms | tok/sec: 66,639 | bf16_mfu: 0.00 | epoch: 1 pq: 1 rg: 16 | total time: 9.70m | eta: 1293.5m
step 00048/04980 (0.96%) | loss: 5.740985 | lrm: 1.00 | dt: 15743.50ms | tok/sec: 66,603 | bf16_mfu: 0.00 | epoch: 1 pq: 1 rg: 16 | total time: 9.96m | eta: 1293.2m
step 00049/04980 (0.98%) | loss: 5.722934 | lrm: 1.00 | dt: 15718.89ms | tok/sec: 66,708 | bf16_mfu: 0.00 | epoch: 1 pq: 1 rg: 16 | total time: 10.23m | eta: 1293.0m
hytorch: step 50 channel commit=39.5% overflow=60.5% abort=0.0%
step 00050/04980 (1.00%) | loss: 5.704890 | lrm: 1.00 | dt: 15777.82ms | tok/sec: 66,458 | bf16_mfu: 0.00 | epoch: 1 pq: 1 rg: 16 | total time: 10.49m | eta: 1292.8m
step 00051/04980 (1.02%) | loss: 5.687410 | lrm: 1.00 | dt: 15723.17ms | tok/sec: 66,689 | bf16_mfu: 0.00 | epoch: 1 pq: 1 rg: 24 | total time: 10.75m | eta: 1292.5m
step 00052/04980 (1.04%) | loss: 5.674154 | lrm: 1.00 | dt: 15800.33ms | tok/sec: 66,364 | bf16_mfu: 0.00 | epoch: 1 pq: 1 rg: 24 | total time: 11.01m | eta: 1292.4m
step 00053/04980 (1.06%) | loss: 5.663426 | lrm: 1.00 | dt: 15758.52ms | tok/sec: 66,540 | bf16_mfu: 0.00 | epoch: 1 pq: 1 rg: 24 | total time: 11.28m | eta: 1292.2m
step 00054/04980 (1.08%) | loss: 5.665144 | lrm: 1.00 | dt: 15737.98ms | tok/sec: 66,627 | bf16_mfu: 0.00 | epoch: 1 pq: 1 rg: 24 | total time: 11.54m | eta: 1291.9m
step 00055/04980 (1.10%) | loss: 5.659505 | lrm: 1.00 | dt: 15721.58ms | tok/sec: 66,696 | bf16_mfu: 0.00 | epoch: 1 pq: 1 rg: 32 | total time: 11.80m | eta: 1291.6m
step 00056/04980 (1.12%) | loss: 5.652192 | lrm: 1.00 | dt: 15709.67ms | tok/sec: 66,747 | bf16_mfu: 0.00 | epoch: 1 pq: 1 rg: 32 | total time: 12.06m | eta: 1291.3m
step 00057/04980 (1.14%) | loss: 5.647583 | lrm: 1.00 | dt: 15734.63ms | tok/sec: 66,641 | bf16_mfu: 0.00 | epoch: 1 pq: 1 rg: 32 | total time: 12.33m | eta: 1291.0m
step 00058/04980 (1.16%) | loss: 5.638157 | lrm: 1.00 | dt: 15743.46ms | tok/sec: 66,603 | bf16_mfu: 0.00 | epoch: 1 pq: 1 rg: 40 | total time: 12.59m | eta: 1290.8m
step 00059/04980 (1.18%) | loss: 5.628951 | lrm: 1.00 | dt: 15734.14ms | tok/sec: 66,643 | bf16_mfu: 0.00 | epoch: 1 pq: 1 rg: 40 | total time: 12.85m | eta: 1290.5m
step 00060/04980 (1.20%) | loss: 5.614051 | lrm: 1.00 | dt: 15714.04ms | tok/sec: 66,728 | bf16_mfu: 0.00 | epoch: 1 pq: 1 rg: 40 | total time: 13.11m | eta: 1290.2m
step 00061/04980 (1.22%) | loss: 5.618124 | lrm: 1.00 | dt: 15728.15ms | tok/sec: 66,668 | bf16_mfu: 0.00 | epoch: 1 pq: 1 rg: 40 | total time: 13.37m | eta: 1290.0m
step 00062/04980 (1.24%) | loss: 5.610811 | lrm: 1.00 | dt: 15729.32ms | tok/sec: 66,663 | bf16_mfu: 0.00 | epoch: 1 pq: 1 rg: 48 | total time: 13.64m | eta: 1289.7m
step 00063/04980 (1.27%) | loss: 5.600325 | lrm: 1.00 | dt: 15734.32ms | tok/sec: 66,642 | bf16_mfu: 0.00 | epoch: 1 pq: 1 rg: 48 | total time: 13.90m | eta: 1289.4m
step 00064/04980 (1.29%) | loss: 5.577407 | lrm: 1.00 | dt: 15723.25ms | tok/sec: 66,689 | bf16_mfu: 0.00 | epoch: 1 pq: 1 rg: 48 | total time: 14.16m | eta: 1289.1m
step 00065/04980 (1.31%) | loss: 5.574636 | lrm: 1.00 | dt: 15721.91ms | tok/sec: 66,695 | bf16_mfu: 0.00 | epoch: 1 pq: 1 rg: 48 | total time: 14.42m | eta: 1288.9m
step 00066/04980 (1.33%) | loss: 5.573299 | lrm: 1.00 | dt: 15724.49ms | tok/sec: 66,684 | bf16_mfu: 0.00 | epoch: 1 pq: 1 rg: 56 | total time: 14.68m | eta: 1288.6m
step 00067/04980 (1.35%) | loss: 5.573109 | lrm: 1.00 | dt: 15717.11ms | tok/sec: 66,715 | bf16_mfu: 0.00 | epoch: 1 pq: 1 rg: 56 | total time: 14.95m | eta: 1288.3m
step 00068/04980 (1.37%) | loss: 5.576029 | lrm: 1.00 | dt: 15729.90ms | tok/sec: 66,661 | bf16_mfu: 0.00 | epoch: 1 pq: 1 rg: 56 | total time: 15.21m | eta: 1288.0m
step 00069/04980 (1.39%) | loss: 5.572964 | lrm: 1.00 | dt: 15790.34ms | tok/sec: 66,406 | bf16_mfu: 0.00 | epoch: 1 pq: 1 rg: 56 | total time: 15.47m | eta: 1287.9m
step 00070/04980 (1.41%) | loss: 5.592520 | lrm: 1.00 | dt: 15767.93ms | tok/sec: 66,500 | bf16_mfu: 0.00 | epoch: 1 pq: 1 rg: 64 | total time: 15.73m | eta: 1287.6m
step 00071/04980 (1.43%) | loss: 5.578694 | lrm: 1.00 | dt: 15774.45ms | tok/sec: 66,473 | bf16_mfu: 0.00 | epoch: 1 pq: 1 rg: 64 | total time: 16.00m | eta: 1287.4m
step 00072/04980 (1.45%) | loss: 5.564396 | lrm: 1.00 | dt: 15771.49ms | tok/sec: 66,485 | bf16_mfu: 0.00 | epoch: 1 pq: 1 rg: 64 | total time: 16.26m | eta: 1287.2m
step 00073/04980 (1.47%) | loss: 5.554030 | lrm: 1.00 | dt: 15760.81ms | tok/sec: 66,530 | bf16_mfu: 0.00 | epoch: 1 pq: 1 rg: 72 | total time: 16.52m | eta: 1287.0m
step 00074/04980 (1.49%) | loss: 5.541098 | lrm: 1.00 | dt: 15738.70ms | tok/sec: 66,624 | bf16_mfu: 0.00 | epoch: 1 pq: 1 rg: 72 | total time: 16.79m | eta: 1286.7m
step 00075/04980 (1.51%) | loss: 5.543771 | lrm: 1.00 | dt: 15741.88ms | tok/sec: 66,610 | bf16_mfu: 0.00 | epoch: 1 pq: 1 rg: 72 | total time: 17.05m | eta: 1286.5m
step 00076/04980 (1.53%) | loss: 5.536578 | lrm: 1.00 | dt: 15766.18ms | tok/sec: 66,507 | bf16_mfu: 0.00 | epoch: 1 pq: 1 rg: 72 | total time: 17.31m | eta: 1286.2m
step 00077/04980 (1.55%) | loss: 5.524327 | lrm: 1.00 | dt: 15746.43ms | tok/sec: 66,591 | bf16_mfu: 0.00 | epoch: 1 pq: 1 rg: 80 | total time: 17.57m | eta: 1286.0m
step 00078/04980 (1.57%) | loss: 5.515298 | lrm: 1.00 | dt: 15766.09ms | tok/sec: 66,508 | bf16_mfu: 0.00 | epoch: 1 pq: 1 rg: 80 | total time: 17.84m | eta: 1285.8m
step 00079/04980 (1.59%) | loss: 5.510758 | lrm: 1.00 | dt: 15730.07ms | tok/sec: 66,660 | bf16_mfu: 0.00 | epoch: 1 pq: 1 rg: 80 | total time: 18.10m | eta: 1285.5m
step 00080/04980 (1.61%) | loss: 5.509180 | lrm: 1.00 | dt: 15739.53ms | tok/sec: 66,620 | bf16_mfu: 0.00 | epoch: 1 pq: 1 rg: 80 | total time: 18.36m | eta: 1285.2m
step 00081/04980 (1.63%) | loss: 5.502101 | lrm: 1.00 | dt: 15756.96ms | tok/sec: 66,546 | bf16_mfu: 0.00 | epoch: 1 pq: 2 rg: 0 | total time: 18.62m | eta: 1285.0m
step 00082/04980 (1.65%) | loss: 5.483067 | lrm: 1.00 | dt: 15764.18ms | tok/sec: 66,516 | bf16_mfu: 0.00 | epoch: 1 pq: 2 rg: 0 | total time: 18.89m | eta: 1284.8m
step 00083/04980 (1.67%) | loss: 5.482382 | lrm: 1.00 | dt: 15735.60ms | tok/sec: 66,637 | bf16_mfu: 0.00 | epoch: 1 pq: 2 rg: 0 | total time: 19.15m | eta: 1284.5m
step 00084/04980 (1.69%) | loss: 5.484393 | lrm: 1.00 | dt: 15748.36ms | tok/sec: 66,583 | bf16_mfu: 0.00 | epoch: 1 pq: 2 rg: 0 | total time: 19.41m | eta: 1284.2m
step 00085/04980 (1.71%) | loss: 5.487133 | lrm: 1.00 | dt: 15742.30ms | tok/sec: 66,608 | bf16_mfu: 0.00 | epoch: 1 pq: 2 rg: 8 | total time: 19.67m | eta: 1284.0m
step 00086/04980 (1.73%) | loss: 5.493234 | lrm: 1.00 | dt: 15723.68ms | tok/sec: 66,687 | bf16_mfu: 0.00 | epoch: 1 pq: 2 rg: 8 | total time: 19.93m | eta: 1283.7m
step 00087/04980 (1.75%) | loss: 5.491299 | lrm: 1.00 | dt: 15753.36ms | tok/sec: 66,562 | bf16_mfu: 0.00 | epoch: 1 pq: 2 rg: 8 | total time: 20.20m | eta: 1283.5m
step 00088/04980 (1.77%) | loss: 5.487766 | lrm: 1.00 | dt: 15782.78ms | tok/sec: 66,437 | bf16_mfu: 0.00 | epoch: 1 pq: 2 rg: 16 | total time: 20.46m | eta: 1283.2m
step 00089/04980 (1.79%) | loss: 5.481951 | lrm: 1.00 | dt: 15753.76ms | tok/sec: 66,560 | bf16_mfu: 0.00 | epoch: 1 pq: 2 rg: 16 | total time: 20.72m | eta: 1283.0m
step 00090/04980 (1.81%) | loss: 5.487469 | lrm: 1.00 | dt: 15738.69ms | tok/sec: 66,624 | bf16_mfu: 0.00 | epoch: 1 pq: 2 rg: 16 | total time: 20.99m | eta: 1282.7m
step 00091/04980 (1.83%) | loss: 5.485418 | lrm: 1.00 | dt: 15739.06ms | tok/sec: 66,622 | bf16_mfu: 0.00 | epoch: 1 pq: 2 rg: 16 | total time: 21.25m | eta: 1282.5m
step 00092/04980 (1.85%) | loss: 5.484697 | lrm: 1.00 | dt: 15725.83ms | tok/sec: 66,678 | bf16_mfu: 0.00 | epoch: 1 pq: 2 rg: 24 | total time: 21.51m | eta: 1282.2m
step 00093/04980 (1.87%) | loss: 5.484447 | lrm: 1.00 | dt: 15744.32ms | tok/sec: 66,600 | bf16_mfu: 0.00 | epoch: 1 pq: 2 rg: 24 | total time: 21.77m | eta: 1281.9m
step 00094/04980 (1.89%) | loss: 5.486239 | lrm: 1.00 | dt: 15740.32ms | tok/sec: 66,617 | bf16_mfu: 0.00 | epoch: 1 pq: 2 rg: 24 | total time: 22.03m | eta: 1281.7m
step 00095/04980 (1.91%) | loss: 5.476404 | lrm: 1.00 | dt: 15737.12ms | tok/sec: 66,630 | bf16_mfu: 0.00 | epoch: 1 pq: 2 rg: 24 | total time: 22.30m | eta: 1281.4m
step 00096/04980 (1.93%) | loss: 5.477826 | lrm: 1.00 | dt: 15747.11ms | tok/sec: 66,588 | bf16_mfu: 0.00 | epoch: 1 pq: 2 rg: 32 | total time: 22.56m | eta: 1281.2m
step 00097/04980 (1.95%) | loss: 5.479868 | lrm: 1.00 | dt: 15759.77ms | tok/sec: 66,534 | bf16_mfu: 0.00 | epoch: 1 pq: 2 rg: 32 | total time: 22.82m | eta: 1280.9m
step 00098/04980 (1.97%) | loss: 5.479158 | lrm: 1.00 | dt: 15750.35ms | tok/sec: 66,574 | bf16_mfu: 0.00 | epoch: 1 pq: 2 rg: 32 | total time: 23.08m | eta: 1280.7m
step 00099/04980 (1.99%) | loss: 5.472615 | lrm: 1.00 | dt: 15758.69ms | tok/sec: 66,539 | bf16_mfu: 0.00 | epoch: 1 pq: 2 rg: 40 | total time: 23.35m | eta: 1280.4m
hytorch: step 100 channel commit=28.4% overflow=71.6% abort=0.0%
step 00100/04980 (2.01%) | loss: 5.456995 | lrm: 1.00 | dt: 34027.84ms | tok/sec: 30,815 | bf16_mfu: 0.00 | epoch: 1 pq: 2 rg: 40 | total time: 23.91m | eta: 1296.7m
step 00101/04980 (2.03%) | loss: 5.446636 | lrm: 1.00 | dt: 14994.66ms | tok/sec: 69,929 | bf16_mfu: 0.00 | epoch: 1 pq: 2 rg: 40 | total time: 24.16m | eta: 1295.6m
step 00102/04980 (2.05%) | loss: 5.454246 | lrm: 1.00 | dt: 14996.85ms | tok/sec: 69,919 | bf16_mfu: 0.00 | epoch: 1 pq: 2 rg: 40 | total time: 24.41m | eta: 1294.5m
step 00103/04980 (2.07%) | loss: 5.453351 | lrm: 1.00 | dt: 15021.39ms | tok/sec: 69,805 | bf16_mfu: 0.00 | epoch: 1 pq: 2 rg: 48 | total time: 24.66m | eta: 1293.4m
step 00104/04980 (2.09%) | loss: 5.447892 | lrm: 1.00 | dt: 15020.10ms | tok/sec: 69,811 | bf16_mfu: 0.00 | epoch: 1 pq: 2 rg: 48 | total time: 24.91m | eta: 1292.4m
step 00105/04980 (2.11%) | loss: 5.445757 | lrm: 1.00 | dt: 15030.21ms | tok/sec: 69,764 | bf16_mfu: 0.00 | epoch: 1 pq: 2 rg: 48 | total time: 25.17m | eta: 1291.4m
step 00106/04980 (2.13%) | loss: 5.433274 | lrm: 1.00 | dt: 15015.05ms | tok/sec: 69,835 | bf16_mfu: 0.00 | epoch: 1 pq: 2 rg: 48 | total time: 25.42m | eta: 1290.4m
step 00107/04980 (2.15%) | loss: 5.423541 | lrm: 1.00 | dt: 14939.55ms | tok/sec: 70,187 | bf16_mfu: 0.00 | epoch: 1 pq: 2 rg: 56 | total time: 25.66m | eta: 1289.3m
step 00108/04980 (2.17%) | loss: 5.405492 | lrm: 1.00 | dt: 14920.58ms | tok/sec: 70,277 | bf16_mfu: 0.00 | epoch: 1 pq: 2 rg: 56 | total time: 25.91m | eta: 1288.3m
step 00109/04980 (2.19%) | loss: 5.409245 | lrm: 1.00 | dt: 55951.85ms | tok/sec: 18,740 | bf16_mfu: 0.00 | epoch: 1 pq: 2 rg: 56 | total time: 26.85m | eta: 1320.9m
step 00110/04980 (2.21%) | loss: 5.413972 | lrm: 1.00 | dt: 14896.47ms | tok/sec: 70,390 | bf16_mfu: 0.00 | epoch: 1 pq: 2 rg: 56 | total time: 27.09m | eta: 1319.5m
step 00111/04980 (2.23%) | loss: 5.413590 | lrm: 1.00 | dt: 14893.62ms | tok/sec: 70,404 | bf16_mfu: 0.00 | epoch: 1 pq: 2 rg: 64 | total time: 27.34m | eta: 1318.1m
step 00112/04980 (2.25%) | loss: 5.414979 | lrm: 1.00 | dt: 14887.14ms | tok/sec: 70,435 | bf16_mfu: 0.00 | epoch: 1 pq: 2 rg: 64 | total time: 27.59m | eta: 1316.8m
step 00113/04980 (2.27%) | loss: 5.411623 | lrm: 1.00 | dt: 14900.61ms | tok/sec: 70,371 | bf16_mfu: 0.00 | epoch: 1 pq: 2 rg: 64 | total time: 27.84m | eta: 1315.5m
step 00114/04980 (2.29%) | loss: 5.415573 | lrm: 1.00 | dt: 14892.39ms | tok/sec: 70,410 | bf16_mfu: 0.00 | epoch: 1 pq: 2 rg: 72 | total time: 28.09m | eta: 1314.1m
step 00115/04980 (2.31%) | loss: 5.406697 | lrm: 1.00 | dt: 14927.15ms | tok/sec: 70,246 | bf16_mfu: 0.00 | epoch: 1 pq: 2 rg: 72 | total time: 28.34m | eta: 1312.9m
step 00116/04980 (2.33%) | loss: 5.407629 | lrm: 1.00 | dt: 14881.34ms | tok/sec: 70,462 | bf16_mfu: 0.00 | epoch: 1 pq: 2 rg: 72 | total time: 28.58m | eta: 1311.6m
step 00117/04980 (2.35%) | loss: 5.414220 | lrm: 1.00 | dt: 14874.42ms | tok/sec: 70,495 | bf16_mfu: 0.00 | epoch: 1 pq: 2 rg: 72 | total time: 28.83m | eta: 1310.4m
step 00118/04980 (2.37%) | loss: 5.414602 | lrm: 1.00 | dt: 14898.93ms | tok/sec: 70,379 | bf16_mfu: 0.00 | epoch: 1 pq: 2 rg: 80 | total time: 29.08m | eta: 1309.1m
step 00119/04980 (2.39%) | loss: 5.420735 | lrm: 1.00 | dt: 14889.76ms | tok/sec: 70,422 | bf16_mfu: 0.00 | epoch: 1 pq: 2 rg: 80 | total time: 29.33m | eta: 1307.9m
step 00120/04980 (2.41%) | loss: 5.417310 | lrm: 1.00 | dt: 14893.31ms | tok/sec: 70,405 | bf16_mfu: 0.00 | epoch: 1 pq: 2 rg: 80 | total time: 29.58m | eta: 1306.7m
step 00121/04980 (2.43%) | loss: 5.423549 | lrm: 1.00 | dt: 14908.54ms | tok/sec: 70,333 | bf16_mfu: 0.00 | epoch: 1 pq: 2 rg: 80 | total time: 29.82m | eta: 1305.6m
step 00122/04980 (2.45%) | loss: 5.437293 | lrm: 1.00 | dt: 14907.00ms | tok/sec: 70,341 | bf16_mfu: 0.00 | epoch: 1 pq: 3 rg: 0 | total time: 30.07m | eta: 1304.4m
step 00123/04980 (2.47%) | loss: 5.441688 | lrm: 1.00 | dt: 14911.51ms | tok/sec: 70,319 | bf16_mfu: 0.00 | epoch: 1 pq: 3 rg: 0 | total time: 30.32m | eta: 1303.3m
step 00124/04980 (2.49%) | loss: 5.439269 | lrm: 1.00 | dt: 14889.69ms | tok/sec: 70,422 | bf16_mfu: 0.00 | epoch: 1 pq: 3 rg: 0 | total time: 30.57m | eta: 1302.2m
step 00125/04980 (2.51%) | loss: 5.444511 | lrm: 1.00 | dt: 14884.79ms | tok/sec: 70,446 | bf16_mfu: 0.00 | epoch: 1 pq: 3 rg: 0 | total time: 30.82m | eta: 1301.1m
step 00126/04980 (2.53%) | loss: 5.442809 | lrm: 1.00 | dt: 14895.97ms | tok/sec: 70,393 | bf16_mfu: 0.00 | epoch: 1 pq: 3 rg: 8 | total time: 31.07m | eta: 1300.0m
step 00127/04980 (2.55%) | loss: 5.443721 | lrm: 1.00 | dt: 14907.77ms | tok/sec: 70,337 | bf16_mfu: 0.00 | epoch: 1 pq: 3 rg: 8 | total time: 31.31m | eta: 1298.9m
step 00128/04980 (2.57%) | loss: 5.434564 | lrm: 1.00 | dt: 14937.13ms | tok/sec: 70,199 | bf16_mfu: 0.00 | epoch: 1 pq: 3 rg: 8 | total time: 31.56m | eta: 1297.9m
step 00129/04980 (2.59%) | loss: 5.431732 | lrm: 1.00 | dt: 14914.99ms | tok/sec: 70,303 | bf16_mfu: 0.00 | epoch: 1 pq: 3 rg: 8 | total time: 31.81m | eta: 1296.8m
step 00130/04980 (2.61%) | loss: 5.424720 | lrm: 1.00 | dt: 14915.43ms | tok/sec: 70,301 | bf16_mfu: 0.00 | epoch: 1 pq: 3 rg: 16 | total time: 32.06m | eta: 1295.8m
step 00131/04980 (2.63%) | loss: 5.420447 | lrm: 1.00 | dt: 14944.30ms | tok/sec: 70,165 | bf16_mfu: 0.00 | epoch: 1 pq: 3 rg: 16 | total time: 32.31m | eta: 1294.8m
step 00132/04980 (2.65%) | loss: 5.415639 | lrm: 1.00 | dt: 55812.06ms | tok/sec: 18,787 | bf16_mfu: 0.00 | epoch: 1 pq: 3 rg: 16 | total time: 33.24m | eta: 1320.9m
step 00133/04980 (2.67%) | loss: 5.408706 | lrm: 1.00 | dt: 14930.00ms | tok/sec: 70,232 | bf16_mfu: 0.00 | epoch: 1 pq: 3 rg: 16 | total time: 33.49m | eta: 1319.7m
step 00134/04980 (2.69%) | loss: 5.407185 | lrm: 1.00 | dt: 14941.20ms | tok/sec: 70,180 | bf16_mfu: 0.00 | epoch: 1 pq: 3 rg: 24 | total time: 33.74m | eta: 1318.5m
step 00135/04980 (2.71%) | loss: 5.410489 | lrm: 1.00 | dt: 14934.53ms | tok/sec: 70,211 | bf16_mfu: 0.00 | epoch: 1 pq: 3 rg: 24 | total time: 33.99m | eta: 1317.3m
step 00136/04980 (2.73%) | loss: 5.415667 | lrm: 1.00 | dt: 14909.91ms | tok/sec: 70,327 | bf16_mfu: 0.00 | epoch: 1 pq: 3 rg: 24 | total time: 34.24m | eta: 1316.2m
step 00137/04980 (2.75%) | loss: 5.400318 | lrm: 1.00 | dt: 14931.69ms | tok/sec: 70,224 | bf16_mfu: 0.00 | epoch: 1 pq: 3 rg: 24 | total time: 34.48m | eta: 1315.0m
step 00138/04980 (2.77%) | loss: 5.389220 | lrm: 1.00 | dt: 14980.89ms | tok/sec: 69,994 | bf16_mfu: 0.00 | epoch: 1 pq: 3 rg: 32 | total time: 34.73m | eta: 1313.9m
step 00139/04980 (2.79%) | loss: 5.396658 | lrm: 1.00 | dt: 15023.38ms | tok/sec: 69,796 | bf16_mfu: 0.00 | epoch: 1 pq: 3 rg: 32 | total time: 34.98m | eta: 1312.9m
step 00140/04980 (2.81%) | loss: 5.384693 | lrm: 1.00 | dt: 15028.12ms | tok/sec: 69,774 | bf16_mfu: 0.00 | epoch: 1 pq: 3 rg: 32 | total time: 35.23m | eta: 1311.8m
step 00141/04980 (2.83%) | loss: 5.382332 | lrm: 1.00 | dt: 15021.03ms | tok/sec: 69,807 | bf16_mfu: 0.00 | epoch: 1 pq: 3 rg: 32 | total time: 35.49m | eta: 1310.8m
step 00142/04980 (2.85%) | loss: 5.360093 | lrm: 1.00 | dt: 15018.39ms | tok/sec: 69,819 | bf16_mfu: 0.00 | epoch: 1 pq: 3 rg: 32 | total time: 35.74m | eta: 1309.8m
step 00143/04980 (2.87%) | loss: 5.363626 | lrm: 1.00 | dt: 15025.25ms | tok/sec: 69,787 | bf16_mfu: 0.00 | epoch: 1 pq: 3 rg: 40 | total time: 35.99m | eta: 1308.8m
step 00144/04980 (2.89%) | loss: 5.366126 | lrm: 1.00 | dt: 15044.80ms | tok/sec: 69,696 | bf16_mfu: 0.00 | epoch: 1 pq: 3 rg: 40 | total time: 36.24m | eta: 1307.8m
step 00145/04980 (2.91%) | loss: 5.370838 | lrm: 1.00 | dt: 15018.91ms | tok/sec: 69,817 | bf16_mfu: 0.00 | epoch: 1 pq: 3 rg: 40 | total time: 36.49m | eta: 1306.8m
step 00146/04980 (2.93%) | loss: 5.372386 | lrm: 1.00 | dt: 15025.55ms | tok/sec: 69,786 | bf16_mfu: 0.00 | epoch: 1 pq: 3 rg: 40 | total time: 36.74m | eta: 1305.8m
step 00147/04980 (2.95%) | loss: 5.364307 | lrm: 1.00 | dt: 15017.41ms | tok/sec: 69,824 | bf16_mfu: 0.00 | epoch: 1 pq: 3 rg: 48 | total time: 36.99m | eta: 1304.8m
step 00148/04980 (2.97%) | loss: 5.369106 | lrm: 1.00 | dt: 15042.74ms | tok/sec: 69,706 | bf16_mfu: 0.00 | epoch: 1 pq: 3 rg: 48 | total time: 37.24m | eta: 1303.9m
step 00149/04980 (2.99%) | loss: 5.370008 | lrm: 1.00 | dt: 15013.62ms | tok/sec: 69,841 | bf16_mfu: 0.00 | epoch: 1 pq: 3 rg: 48 | total time: 37.49m | eta: 1302.9m
hytorch: step 150 channel commit=28.0% overflow=72.0% abort=0.0%
step 00150/04980 (3.01%) | loss: 5.362863 | lrm: 1.00 | dt: 15113.76ms | tok/sec: 69,378 | bf16_mfu: 0.00 | epoch: 1 pq: 3 rg: 48 | total time: 37.74m | eta: 1302.0m
step 00151/04980 (3.03%) | loss: 5.366359 | lrm: 1.00 | dt: 14990.53ms | tok/sec: 69,949 | bf16_mfu: 0.00 | epoch: 1 pq: 3 rg: 56 | total time: 37.99m | eta: 1301.1m
step 00152/04980 (3.05%) | loss: 5.383881 | lrm: 1.00 | dt: 15016.73ms | tok/sec: 69,827 | bf16_mfu: 0.00 | epoch: 1 pq: 3 rg: 56 | total time: 38.24m | eta: 1300.2m
step 00153/04980 (3.07%) | loss: 5.383098 | lrm: 1.00 | dt: 14996.18ms | tok/sec: 69,922 | bf16_mfu: 0.00 | epoch: 1 pq: 3 rg: 56 | total time: 38.49m | eta: 1299.3m
step 00154/04980 (3.09%) | loss: 5.392257 | lrm: 1.00 | dt: 15052.20ms | tok/sec: 69,662 | bf16_mfu: 0.00 | epoch: 1 pq: 3 rg: 56 | total time: 38.74m | eta: 1298.4m
step 00155/04980 (3.11%) | loss: 5.387505 | lrm: 1.00 | dt: 53562.63ms | tok/sec: 19,576 | bf16_mfu: 0.00 | epoch: 1 pq: 3 rg: 64 | total time: 39.63m | eta: 1318.9m
step 00156/04980 (3.13%) | loss: 5.389787 | lrm: 1.00 | dt: 15040.99ms | tok/sec: 69,714 | bf16_mfu: 0.00 | epoch: 1 pq: 3 rg: 64 | total time: 39.88m | eta: 1317.8m
step 00157/04980 (3.15%) | loss: 5.394384 | lrm: 1.00 | dt: 15040.82ms | tok/sec: 69,715 | bf16_mfu: 0.00 | epoch: 1 pq: 3 rg: 64 | total time: 40.14m | eta: 1316.8m
step 00158/04980 (3.17%) | loss: 5.383446 | lrm: 1.00 | dt: 15046.62ms | tok/sec: 69,688 | bf16_mfu: 0.00 | epoch: 1 pq: 3 rg: 64 | total time: 40.39m | eta: 1315.8m
step 00159/04980 (3.19%) | loss: 5.376643 | lrm: 1.00 | dt: 15047.14ms | tok/sec: 69,686 | bf16_mfu: 0.00 | epoch: 1 pq: 3 rg: 72 | total time: 40.64m | eta: 1314.8m
step 00160/04980 (3.21%) | loss: 5.369043 | lrm: 1.00 | dt: 15043.77ms | tok/sec: 69,701 | bf16_mfu: 0.00 | epoch: 1 pq: 3 rg: 72 | total time: 40.89m | eta: 1313.9m
step 00161/04980 (3.23%) | loss: 5.363983 | lrm: 1.00 | dt: 15029.40ms | tok/sec: 69,768 | bf16_mfu: 0.00 | epoch: 1 pq: 3 rg: 72 | total time: 41.14m | eta: 1312.9m
step 00162/04980 (3.25%) | loss: 5.356379 | lrm: 1.00 | dt: 15044.00ms | tok/sec: 69,700 | bf16_mfu: 0.00 | epoch: 1 pq: 3 rg: 72 | total time: 41.39m | eta: 1311.9m
step 00163/04980 (3.27%) | loss: 5.347729 | lrm: 1.00 | dt: 15058.07ms | tok/sec: 69,635 | bf16_mfu: 0.00 | epoch: 1 pq: 3 rg: 80 | total time: 41.64m | eta: 1311.0m
step 00164/04980 (3.29%) | loss: 5.360692 | lrm: 1.00 | dt: 15038.12ms | tok/sec: 69,727 | bf16_mfu: 0.00 | epoch: 1 pq: 3 rg: 80 | total time: 41.89m | eta: 1310.0m
step 00165/04980 (3.31%) | loss: 5.361175 | lrm: 1.00 | dt: 15032.00ms | tok/sec: 69,756 | bf16_mfu: 0.00 | epoch: 1 pq: 3 rg: 80 | total time: 42.14m | eta: 1309.1m
step 00166/04980 (3.33%) | loss: 5.367711 | lrm: 1.00 | dt: 15040.78ms | tok/sec: 69,715 | bf16_mfu: 0.00 | epoch: 1 pq: 3 rg: 80 | total time: 42.39m | eta: 1308.2m
step 00167/04980 (3.35%) | loss: 5.370244 | lrm: 1.00 | dt: 15038.51ms | tok/sec: 69,726 | bf16_mfu: 0.00 | epoch: 1 pq: 4 rg: 0 | total time: 42.64m | eta: 1307.3m
step 00168/04980 (3.37%) | loss: 5.359784 | lrm: 1.00 | dt: 15036.46ms | tok/sec: 69,735 | bf16_mfu: 0.00 | epoch: 1 pq: 4 rg: 0 | total time: 42.89m | eta: 1306.3m
step 00169/04980 (3.39%) | loss: 5.364737 | lrm: 1.00 | dt: 15017.87ms | tok/sec: 69,821 | bf16_mfu: 0.00 | epoch: 1 pq: 4 rg: 0 | total time: 43.14m | eta: 1305.4m
step 00170/04980 (3.41%) | loss: 5.373196 | lrm: 1.00 | dt: 15033.62ms | tok/sec: 69,748 | bf16_mfu: 0.00 | epoch: 1 pq: 4 rg: 0 | total time: 43.39m | eta: 1304.5m
step 00171/04980 (3.43%) | loss: 5.382408 | lrm: 1.00 | dt: 15064.22ms | tok/sec: 69,607 | bf16_mfu: 0.00 | epoch: 1 pq: 4 rg: 0 | total time: 43.65m | eta: 1303.7m
step 00172/04980 (3.45%) | loss: 5.382079 | lrm: 1.00 | dt: 15081.36ms | tok/sec: 69,527 | bf16_mfu: 0.00 | epoch: 1 pq: 4 rg: 8 | total time: 43.90m | eta: 1302.8m
step 00173/04980 (3.47%) | loss: 5.377797 | lrm: 1.00 | dt: 15054.83ms | tok/sec: 69,650 | bf16_mfu: 0.00 | epoch: 1 pq: 4 rg: 8 | total time: 44.15m | eta: 1301.9m
step 00174/04980 (3.49%) | loss: 5.369782 | lrm: 1.00 | dt: 15074.36ms | tok/sec: 69,560 | bf16_mfu: 0.00 | epoch: 1 pq: 4 rg: 8 | total time: 44.40m | eta: 1301.1m
step 00175/04980 (3.51%) | loss: 5.363022 | lrm: 1.00 | dt: 15055.64ms | tok/sec: 69,646 | bf16_mfu: 0.00 | epoch: 1 pq: 4 rg: 8 | total time: 44.65m | eta: 1300.2m
step 00176/04980 (3.53%) | loss: 5.348495 | lrm: 1.00 | dt: 15015.79ms | tok/sec: 69,831 | bf16_mfu: 0.00 | epoch: 1 pq: 4 rg: 16 | total time: 44.90m | eta: 1299.4m
step 00177/04980 (3.55%) | loss: 5.351480 | lrm: 1.00 | dt: 15021.42ms | tok/sec: 69,805 | bf16_mfu: 0.00 | epoch: 1 pq: 4 rg: 16 | total time: 45.15m | eta: 1298.5m
step 00178/04980 (3.57%) | loss: 5.347513 | lrm: 1.00 | dt: 53131.94ms | tok/sec: 19,735 | bf16_mfu: 0.00 | epoch: 1 pq: 4 rg: 16 | total time: 46.04m | eta: 1315.9m
step 00179/04980 (3.59%) | loss: 5.339108 | lrm: 1.00 | dt: 14995.99ms | tok/sec: 69,923 | bf16_mfu: 0.00 | epoch: 1 pq: 4 rg: 16 | total time: 46.29m | eta: 1314.9m
step 00180/04980 (3.61%) | loss: 5.351159 | lrm: 1.00 | dt: 14978.39ms | tok/sec: 70,005 | bf16_mfu: 0.00 | epoch: 1 pq: 4 rg: 24 | total time: 46.54m | eta: 1313.9m
step 00181/04980 (3.63%) | loss: 5.342635 | lrm: 1.00 | dt: 14970.96ms | tok/sec: 70,040 | bf16_mfu: 0.00 | epoch: 1 pq: 4 rg: 24 | total time: 46.78m | eta: 1313.0m
step 00182/04980 (3.65%) | loss: 5.348243 | lrm: 1.00 | dt: 14974.45ms | tok/sec: 70,024 | bf16_mfu: 0.00 | epoch: 1 pq: 4 rg: 24 | total time: 47.03m | eta: 1312.0m
step 00183/04980 (3.67%) | loss: 5.345855 | lrm: 1.00 | dt: 14976.48ms | tok/sec: 70,014 | bf16_mfu: 0.00 | epoch: 1 pq: 4 rg: 24 | total time: 47.28m | eta: 1311.1m
step 00184/04980 (3.69%) | loss: 5.333130 | lrm: 1.00 | dt: 14974.72ms | tok/sec: 70,023 | bf16_mfu: 0.00 | epoch: 1 pq: 4 rg: 32 | total time: 47.53m | eta: 1310.2m
step 00185/04980 (3.71%) | loss: 5.330012 | lrm: 1.00 | dt: 14978.65ms | tok/sec: 70,004 | bf16_mfu: 0.00 | epoch: 1 pq: 4 rg: 32 | total time: 47.78m | eta: 1309.3m
step 00186/04980 (3.73%) | loss: 5.323286 | lrm: 1.00 | dt: 14961.12ms | tok/sec: 70,086 | bf16_mfu: 0.00 | epoch: 1 pq: 4 rg: 32 | total time: 48.03m | eta: 1308.3m
step 00187/04980 (3.76%) | loss: 5.326557 | lrm: 1.00 | dt: 14958.56ms | tok/sec: 70,098 | bf16_mfu: 0.00 | epoch: 1 pq: 4 rg: 32 | total time: 48.28m | eta: 1307.4m
step 00188/04980 (3.78%) | loss: 5.335932 | lrm: 1.00 | dt: 14948.70ms | tok/sec: 70,144 | bf16_mfu: 0.00 | epoch: 1 pq: 4 rg: 32 | total time: 48.53m | eta: 1306.5m
step 00189/04980 (3.80%) | loss: 5.328702 | lrm: 1.00 | dt: 14967.62ms | tok/sec: 70,056 | bf16_mfu: 0.00 | epoch: 1 pq: 4 rg: 40 | total time: 48.78m | eta: 1305.6m
step 00190/04980 (3.82%) | loss: 5.344954 | lrm: 1.00 | dt: 14958.74ms | tok/sec: 70,097 | bf16_mfu: 0.00 | epoch: 1 pq: 4 rg: 40 | total time: 49.03m | eta: 1304.7m
step 00191/04980 (3.84%) | loss: 5.347410 | lrm: 1.00 | dt: 14960.28ms | tok/sec: 70,090 | bf16_mfu: 0.00 | epoch: 1 pq: 4 rg: 40 | total time: 49.28m | eta: 1303.9m
step 00192/04980 (3.86%) | loss: 5.347649 | lrm: 1.00 | dt: 14967.93ms | tok/sec: 70,054 | bf16_mfu: 0.00 | epoch: 1 pq: 4 rg: 40 | total time: 49.53m | eta: 1303.0m
step 00193/04980 (3.88%) | loss: 5.335680 | lrm: 1.00 | dt: 14960.88ms | tok/sec: 70,087 | bf16_mfu: 0.00 | epoch: 1 pq: 4 rg: 48 | total time: 49.78m | eta: 1302.1m
step 00194/04980 (3.90%) | loss: 5.328775 | lrm: 1.00 | dt: 14978.16ms | tok/sec: 70,007 | bf16_mfu: 0.00 | epoch: 1 pq: 4 rg: 48 | total time: 50.03m | eta: 1301.3m
step 00195/04980 (3.92%) | loss: 5.329357 | lrm: 1.00 | dt: 14961.03ms | tok/sec: 70,087 | bf16_mfu: 0.00 | epoch: 1 pq: 4 rg: 48 | total time: 50.28m | eta: 1300.4m
step 00196/04980 (3.94%) | loss: 5.318576 | lrm: 1.00 | dt: 14971.75ms | tok/sec: 70,036 | bf16_mfu: 0.00 | epoch: 1 pq: 4 rg: 48 | total time: 50.53m | eta: 1299.6m
step 00197/04980 (3.96%) | loss: 5.318798 | lrm: 1.00 | dt: 14968.73ms | tok/sec: 70,051 | bf16_mfu: 0.00 | epoch: 1 pq: 4 rg: 56 | total time: 50.78m | eta: 1298.7m
step 00198/04980 (3.98%) | loss: 5.311608 | lrm: 1.00 | dt: 15007.68ms | tok/sec: 69,869 | bf16_mfu: 0.00 | epoch: 1 pq: 4 rg: 56 | total time: 51.03m | eta: 1297.9m
step 00199/04980 (4.00%) | loss: 5.324198 | lrm: 1.00 | dt: 14968.44ms | tok/sec: 70,052 | bf16_mfu: 0.00 | epoch: 1 pq: 4 rg: 56 | total time: 51.28m | eta: 1297.1m
hytorch: step 200 channel commit=34.2% overflow=65.8% abort=0.0%
step 00200/04980 (4.02%) | loss: 5.325562 | lrm: 1.00 | dt: 106086.52ms | tok/sec: 9,884 | bf16_mfu: 0.00 | epoch: 1 pq: 4 rg: 56 | total time: 53.04m | eta: 1334.5m
step 00201/04980 (4.04%) | loss: 5.335618 | lrm: 1.00 | dt: 14994.57ms | tok/sec: 69,930 | bf16_mfu: 0.00 | epoch: 1 pq: 4 rg: 64 | total time: 53.29m | eta: 1333.5m
step 00202/04980 (4.06%) | loss: 5.335740 | lrm: 1.00 | dt: 14982.89ms | tok/sec: 69,984 | bf16_mfu: 0.00 | epoch: 1 pq: 4 rg: 64 | total time: 53.54m | eta: 1332.4m
step 00203/04980 (4.08%) | loss: 5.323783 | lrm: 1.00 | dt: 14982.47ms | tok/sec: 69,986 | bf16_mfu: 0.00 | epoch: 1 pq: 4 rg: 64 | total time: 53.79m | eta: 1331.4m
step 00204/04980 (4.10%) | loss: 5.308885 | lrm: 1.00 | dt: 14993.63ms | tok/sec: 69,934 | bf16_mfu: 0.00 | epoch: 1 pq: 4 rg: 64 | total time: 54.04m | eta: 1330.5m
step 00205/04980 (4.12%) | loss: 5.306365 | lrm: 1.00 | dt: 14986.78ms | tok/sec: 69,966 | bf16_mfu: 0.00 | epoch: 1 pq: 4 rg: 72 | total time: 54.29m | eta: 1329.5m
step 00206/04980 (4.14%) | loss: 5.293814 | lrm: 1.00 | dt: 15008.18ms | tok/sec: 69,866 | bf16_mfu: 0.00 | epoch: 1 pq: 4 rg: 72 | total time: 54.54m | eta: 1328.5m
step 00207/04980 (4.16%) | loss: 5.293598 | lrm: 1.00 | dt: 14989.71ms | tok/sec: 69,953 | bf16_mfu: 0.00 | epoch: 1 pq: 4 rg: 72 | total time: 54.79m | eta: 1327.5m
step 00208/04980 (4.18%) | loss: 5.293889 | lrm: 1.00 | dt: 15041.44ms | tok/sec: 69,712 | bf16_mfu: 0.00 | epoch: 1 pq: 4 rg: 72 | total time: 55.04m | eta: 1326.6m
step 00209/04980 (4.20%) | loss: 5.296599 | lrm: 1.00 | dt: 14984.59ms | tok/sec: 69,976 | bf16_mfu: 0.00 | epoch: 1 pq: 4 rg: 80 | total time: 55.29m | eta: 1325.6m
step 00210/04980 (4.22%) | loss: 5.302770 | lrm: 1.00 | dt: 14979.34ms | tok/sec: 70,001 | bf16_mfu: 0.00 | epoch: 1 pq: 4 rg: 80 | total time: 55.54m | eta: 1324.7m
step 00211/04980 (4.24%) | loss: 5.305868 | lrm: 1.00 | dt: 14949.91ms | tok/sec: 70,139 | bf16_mfu: 0.00 | epoch: 1 pq: 4 rg: 80 | total time: 55.79m | eta: 1323.7m
step 00212/04980 (4.26%) | loss: 5.296354 | lrm: 1.00 | dt: 14953.63ms | tok/sec: 70,121 | bf16_mfu: 0.00 | epoch: 1 pq: 4 rg: 80 | total time: 56.04m | eta: 1322.8m
step 00213/04980 (4.28%) | loss: 5.293753 | lrm: 1.00 | dt: 14949.28ms | tok/sec: 70,142 | bf16_mfu: 0.00 | epoch: 1 pq: 4 rg: 80 | total time: 56.29m | eta: 1321.8m
step 00214/04980 (4.30%) | loss: 5.296186 | lrm: 1.00 | dt: 14945.76ms | tok/sec: 70,158 | bf16_mfu: 0.00 | epoch: 1 pq: 5 rg: 0 | total time: 56.54m | eta: 1320.9m
step 00215/04980 (4.32%) | loss: 5.297324 | lrm: 1.00 | dt: 14972.45ms | tok/sec: 70,033 | bf16_mfu: 0.00 | epoch: 1 pq: 5 rg: 0 | total time: 56.79m | eta: 1320.0m
step 00216/04980 (4.34%) | loss: 5.301390 | lrm: 1.00 | dt: 14948.32ms | tok/sec: 70,146 | bf16_mfu: 0.00 | epoch: 1 pq: 5 rg: 0 | total time: 57.04m | eta: 1319.1m
step 00217/04980 (4.36%) | loss: 5.296329 | lrm: 1.00 | dt: 14956.32ms | tok/sec: 70,109 | bf16_mfu: 0.00 | epoch: 1 pq: 5 rg: 0 | total time: 57.29m | eta: 1318.2m
step 00218/04980 (4.38%) | loss: 5.292382 | lrm: 1.00 | dt: 14950.35ms | tok/sec: 70,137 | bf16_mfu: 0.00 | epoch: 1 pq: 5 rg: 8 | total time: 57.54m | eta: 1317.3m
step 00219/04980 (4.40%) | loss: 5.280336 | lrm: 1.00 | dt: 14952.30ms | tok/sec: 70,128 | bf16_mfu: 0.00 | epoch: 1 pq: 5 rg: 8 | total time: 57.79m | eta: 1316.4m
step 00220/04980 (4.42%) | loss: 5.260996 | lrm: 1.00 | dt: 14914.81ms | tok/sec: 70,304 | bf16_mfu: 0.00 | epoch: 1 pq: 5 rg: 8 | total time: 58.03m | eta: 1315.4m
step 00221/04980 (4.44%) | loss: 5.257669 | lrm: 1.00 | dt: 14902.66ms | tok/sec: 70,361 | bf16_mfu: 0.00 | epoch: 1 pq: 5 rg: 8 | total time: 58.28m | eta: 1314.5m
step 00222/04980 (4.46%) | loss: 5.253057 | lrm: 1.00 | dt: 14909.84ms | tok/sec: 70,327 | bf16_mfu: 0.00 | epoch: 1 pq: 5 rg: 16 | total time: 58.53m | eta: 1313.6m
step 00223/04980 (4.48%) | loss: 5.251047 | lrm: 1.00 | dt: 14932.41ms | tok/sec: 70,221 | bf16_mfu: 0.00 | epoch: 1 pq: 5 rg: 16 | total time: 58.78m | eta: 1312.8m
step 00224/04980 (4.50%) | loss: 5.243811 | lrm: 1.00 | dt: 14933.22ms | tok/sec: 70,217 | bf16_mfu: 0.00 | epoch: 1 pq: 5 rg: 16 | total time: 59.03m | eta: 1311.9m
step 00225/04980 (4.52%) | loss: 5.234042 | lrm: 1.00 | dt: 85762.83ms | tok/sec: 12,226 | bf16_mfu: 0.00 | epoch: 1 pq: 5 rg: 16 | total time: 60.46m | eta: 1337.1m
step 00226/04980 (4.54%) | loss: 5.226250 | lrm: 1.00 | dt: 15046.08ms | tok/sec: 69,690 | bf16_mfu: 0.00 | epoch: 1 pq: 5 rg: 24 | total time: 60.71m | eta: 1336.2m
step 00227/04980 (4.56%) | loss: 5.227578 | lrm: 1.00 | dt: 15046.50ms | tok/sec: 69,689 | bf16_mfu: 0.00 | epoch: 1 pq: 5 rg: 24 | total time: 60.96m | eta: 1335.2m
step 00228/04980 (4.58%) | loss: 5.223607 | lrm: 1.00 | dt: 15032.64ms | tok/sec: 69,753 | bf16_mfu: 0.00 | epoch: 1 pq: 5 rg: 24 | total time: 61.21m | eta: 1334.3m
step 00229/04980 (4.60%) | loss: 5.221426 | lrm: 1.00 | dt: 15022.03ms | tok/sec: 69,802 | bf16_mfu: 0.00 | epoch: 1 pq: 5 rg: 24 | total time: 61.46m | eta: 1333.3m
step 00230/04980 (4.62%) | loss: 5.223280 | lrm: 1.00 | dt: 15042.19ms | tok/sec: 69,709 | bf16_mfu: 0.00 | epoch: 1 pq: 5 rg: 32 | total time: 61.71m | eta: 1332.4m
step 00231/04980 (4.64%) | loss: 5.217629 | lrm: 1.00 | dt: 15025.75ms | tok/sec: 69,785 | bf16_mfu: 0.00 | epoch: 1 pq: 5 rg: 32 | total time: 61.96m | eta: 1331.5m
step 00232/04980 (4.66%) | loss: 5.205670 | lrm: 1.00 | dt: 15031.55ms | tok/sec: 69,758 | bf16_mfu: 0.00 | epoch: 1 pq: 5 rg: 32 | total time: 62.21m | eta: 1330.6m
step 00233/04980 (4.68%) | loss: 5.195973 | lrm: 1.00 | dt: 15040.04ms | tok/sec: 69,718 | bf16_mfu: 0.00 | epoch: 1 pq: 5 rg: 32 | total time: 62.46m | eta: 1329.6m
step 00234/04980 (4.70%) | loss: 5.183870 | lrm: 1.00 | dt: 15035.92ms | tok/sec: 69,738 | bf16_mfu: 0.00 | epoch: 1 pq: 5 rg: 40 | total time: 62.71m | eta: 1328.7m
step 00235/04980 (4.72%) | loss: 5.176551 | lrm: 1.00 | dt: 15047.48ms | tok/sec: 69,684 | bf16_mfu: 0.00 | epoch: 1 pq: 5 rg: 40 | total time: 62.96m | eta: 1327.8m
step 00236/04980 (4.74%) | loss: 5.164603 | lrm: 1.00 | dt: 15026.73ms | tok/sec: 69,780 | bf16_mfu: 0.00 | epoch: 1 pq: 5 rg: 40 | total time: 63.21m | eta: 1327.0m
step 00237/04980 (4.76%) | loss: 5.148240 | lrm: 1.00 | dt: 15044.20ms | tok/sec: 69,699 | bf16_mfu: 0.00 | epoch: 1 pq: 5 rg: 40 | total time: 63.47m | eta: 1326.1m
step 00238/04980 (4.78%) | loss: 5.153513 | lrm: 1.00 | dt: 15038.01ms | tok/sec: 69,728 | bf16_mfu: 0.00 | epoch: 1 pq: 5 rg: 40 | total time: 63.72m | eta: 1325.2m
step 00239/04980 (4.80%) | loss: 5.141998 | lrm: 1.00 | dt: 15046.34ms | tok/sec: 69,689 | bf16_mfu: 0.00 | epoch: 1 pq: 5 rg: 48 | total time: 63.97m | eta: 1324.3m
step 00240/04980 (4.82%) | loss: 5.140420 | lrm: 1.00 | dt: 15044.06ms | tok/sec: 69,700 | bf16_mfu: 0.00 | epoch: 1 pq: 5 rg: 48 | total time: 64.22m | eta: 1323.4m
step 00241/04980 (4.84%) | loss: 5.140748 | lrm: 1.00 | dt: 15060.43ms | tok/sec: 69,624 | bf16_mfu: 0.00 | epoch: 1 pq: 5 rg: 48 | total time: 64.47m | eta: 1322.6m
step 00242/04980 (4.86%) | loss: 5.144728 | lrm: 1.00 | dt: 15036.34ms | tok/sec: 69,736 | bf16_mfu: 0.00 | epoch: 1 pq: 5 rg: 48 | total time: 64.72m | eta: 1321.7m
step 00243/04980 (4.88%) | loss: 5.149217 | lrm: 1.00 | dt: 15060.30ms | tok/sec: 69,625 | bf16_mfu: 0.00 | epoch: 1 pq: 5 rg: 56 | total time: 64.97m | eta: 1320.9m
step 00244/04980 (4.90%) | loss: 5.145924 | lrm: 1.00 | dt: 15035.01ms | tok/sec: 69,742 | bf16_mfu: 0.00 | epoch: 1 pq: 5 rg: 56 | total time: 65.22m | eta: 1320.0m
step 00245/04980 (4.92%) | loss: 5.153728 | lrm: 1.00 | dt: 15097.61ms | tok/sec: 69,453 | bf16_mfu: 0.00 | epoch: 1 pq: 5 rg: 56 | total time: 65.47m | eta: 1319.2m
step 00246/04980 (4.94%) | loss: 5.155262 | lrm: 1.00 | dt: 14998.72ms | tok/sec: 69,911 | bf16_mfu: 0.00 | epoch: 1 pq: 5 rg: 56 | total time: 65.72m | eta: 1318.3m
step 00247/04980 (4.96%) | loss: 5.158274 | lrm: 1.00 | dt: 15021.02ms | tok/sec: 69,807 | bf16_mfu: 0.00 | epoch: 1 pq: 5 rg: 64 | total time: 65.97m | eta: 1317.5m
step 00248/04980 (4.98%) | loss: 5.152609 | lrm: 1.00 | dt: 15037.94ms | tok/sec: 69,728 | bf16_mfu: 0.00 | epoch: 1 pq: 5 rg: 64 | total time: 66.22m | eta: 1316.7m
step 00249/04980 (5.00%) | loss: 5.145263 | lrm: 1.00 | dt: 14853.24ms | tok/sec: 70,595 | bf16_mfu: 0.00 | epoch: 1 pq: 5 rg: 64 | total time: 66.47m | eta: 1315.8m
Step 00250 | Validation bpb: 1.562458
hytorch: step 250 channel commit=40.4% overflow=59.6% abort=0.0%
step 00250/04980 (5.02%) | loss: 5.136218 | lrm: 1.00 | dt: 15073.66ms | tok/sec: 69,563 | bf16_mfu: 0.00 | epoch: 1 pq: 5 rg: 64 | total time: 66.72m | eta: 1315.0m
step 00251/04980 (5.04%) | loss: 5.118754 | lrm: 1.00 | dt: 14974.35ms | tok/sec: 70,024 | bf16_mfu: 0.00 | epoch: 1 pq: 5 rg: 72 | total time: 66.97m | eta: 1314.1m
step 00252/04980 (5.06%) | loss: 5.114900 | lrm: 1.00 | dt: 14993.77ms | tok/sec: 69,934 | bf16_mfu: 0.00 | epoch: 1 pq: 5 rg: 72 | total time: 67.22m | eta: 1313.3m
step 00253/04980 (5.08%) | loss: 5.121229 | lrm: 1.00 | dt: 14983.67ms | tok/sec: 69,981 | bf16_mfu: 0.00 | epoch: 1 pq: 5 rg: 72 | total time: 67.47m | eta: 1312.5m
step 00254/04980 (5.10%) | loss: 5.121616 | lrm: 1.00 | dt: 15006.13ms | tok/sec: 69,876 | bf16_mfu: 0.00 | epoch: 1 pq: 5 rg: 72 | total time: 67.72m | eta: 1311.7m
step 00255/04980 (5.12%) | loss: 5.124369 | lrm: 1.00 | dt: 14989.18ms | tok/sec: 69,955 | bf16_mfu: 0.00 | epoch: 1 pq: 5 rg: 80 | total time: 67.97m | eta: 1310.9m
step 00256/04980 (5.14%) | loss: 5.129930 | lrm: 1.00 | dt: 15018.89ms | tok/sec: 69,817 | bf16_mfu: 0.00 | epoch: 1 pq: 5 rg: 80 | total time: 68.22m | eta: 1310.1m
step 00257/04980 (5.16%) | loss: 5.130194 | lrm: 1.00 | dt: 14994.75ms | tok/sec: 69,929 | bf16_mfu: 0.00 | epoch: 1 pq: 5 rg: 80 | total time: 68.47m | eta: 1309.3m
step 00258/04980 (5.18%) | loss: 5.124692 | lrm: 1.00 | dt: 14985.50ms | tok/sec: 69,972 | bf16_mfu: 0.00 | epoch: 1 pq: 5 rg: 80 | total time: 68.72m | eta: 1308.5m
step 00259/04980 (5.20%) | loss: 5.117459 | lrm: 1.00 | dt: 14992.13ms | tok/sec: 69,941 | bf16_mfu: 0.00 | epoch: 1 pq: 6 rg: 0 | total time: 68.97m | eta: 1307.7m
step 00260/04980 (5.22%) | loss: 5.108394 | lrm: 1.00 | dt: 14989.90ms | tok/sec: 69,952 | bf16_mfu: 0.00 | epoch: 1 pq: 6 rg: 0 | total time: 69.22m | eta: 1306.9m
step 00261/04980 (5.24%) | loss: 5.097515 | lrm: 1.00 | dt: 15022.28ms | tok/sec: 69,801 | bf16_mfu: 0.00 | epoch: 1 pq: 6 rg: 0 | total time: 69.47m | eta: 1306.1m
step 00262/04980 (5.26%) | loss: 5.096686 | lrm: 1.00 | dt: 15008.88ms | tok/sec: 69,863 | bf16_mfu: 0.00 | epoch: 1 pq: 6 rg: 0 | total time: 69.72m | eta: 1305.3m
step 00263/04980 (5.28%) | loss: 5.088187 | lrm: 1.00 | dt: 14988.87ms | tok/sec: 69,956 | bf16_mfu: 0.00 | epoch: 1 pq: 6 rg: 0 | total time: 69.97m | eta: 1304.6m
step 00264/04980 (5.30%) | loss: 5.093452 | lrm: 1.00 | dt: 15009.06ms | tok/sec: 69,862 | bf16_mfu: 0.00 | epoch: 1 pq: 6 rg: 8 | total time: 70.22m | eta: 1303.8m
step 00265/04980 (5.32%) | loss: 5.091991 | lrm: 1.00 | dt: 14985.79ms | tok/sec: 69,971 | bf16_mfu: 0.00 | epoch: 1 pq: 6 rg: 8 | total time: 70.47m | eta: 1303.0m
step 00266/04980 (5.34%) | loss: 5.100176 | lrm: 1.00 | dt: 15007.51ms | tok/sec: 69,870 | bf16_mfu: 0.00 | epoch: 1 pq: 6 rg: 8 | total time: 70.72m | eta: 1302.3m
step 00267/04980 (5.36%) | loss: 5.103239 | lrm: 1.00 | dt: 14972.14ms | tok/sec: 70,035 | bf16_mfu: 0.00 | epoch: 1 pq: 6 rg: 8 | total time: 70.97m | eta: 1301.5m
step 00268/04980 (5.38%) | loss: 5.090948 | lrm: 1.00 | dt: 15044.11ms | tok/sec: 69,700 | bf16_mfu: 0.00 | epoch: 1 pq: 6 rg: 16 | total time: 71.22m | eta: 1300.8m
step 00269/04980 (5.40%) | loss: 5.095943 | lrm: 1.00 | dt: 15041.08ms | tok/sec: 69,714 | bf16_mfu: 0.00 | epoch: 1 pq: 6 rg: 16 | total time: 71.47m | eta: 1300.0m
step 00270/04980 (5.42%) | loss: 5.078572 | lrm: 1.00 | dt: 15000.63ms | tok/sec: 69,902 | bf16_mfu: 0.00 | epoch: 1 pq: 6 rg: 16 | total time: 71.72m | eta: 1299.3m
step 00271/04980 (5.44%) | loss: 5.063075 | lrm: 1.00 | dt: 82274.45ms | tok/sec: 12,744 | bf16_mfu: 0.00 | epoch: 1 pq: 6 rg: 16 | total time: 73.09m | eta: 1318.8m
step 00272/04980 (5.46%) | loss: 5.062460 | lrm: 1.00 | dt: 15058.05ms | tok/sec: 69,635 | bf16_mfu: 0.00 | epoch: 1 pq: 6 rg: 24 | total time: 73.34m | eta: 1318.0m
step 00273/04980 (5.48%) | loss: 5.050605 | lrm: 1.00 | dt: 15040.15ms | tok/sec: 69,718 | bf16_mfu: 0.00 | epoch: 1 pq: 6 rg: 24 | total time: 73.60m | eta: 1317.2m
step 00274/04980 (5.50%) | loss: 5.038554 | lrm: 1.00 | dt: 15064.61ms | tok/sec: 69,605 | bf16_mfu: 0.00 | epoch: 1 pq: 6 rg: 24 | total time: 73.85m | eta: 1316.4m
step 00275/04980 (5.52%) | loss: 5.037265 | lrm: 1.00 | dt: 15060.17ms | tok/sec: 69,625 | bf16_mfu: 0.00 | epoch: 1 pq: 6 rg: 24 | total time: 74.10m | eta: 1315.6m
step 00276/04980 (5.54%) | loss: 5.049077 | lrm: 1.00 | dt: 15065.07ms | tok/sec: 69,603 | bf16_mfu: 0.00 | epoch: 1 pq: 6 rg: 32 | total time: 74.35m | eta: 1314.8m
step 00277/04980 (5.56%) | loss: 5.052360 | lrm: 1.00 | dt: 15026.59ms | tok/sec: 69,781 | bf16_mfu: 0.00 | epoch: 1 pq: 6 rg: 32 | total time: 74.60m | eta: 1314.0m
step 00278/04980 (5.58%) | loss: 5.047793 | lrm: 1.00 | dt: 15040.53ms | tok/sec: 69,716 | bf16_mfu: 0.00 | epoch: 1 pq: 6 rg: 32 | total time: 74.85m | eta: 1313.2m
step 00279/04980 (5.60%) | loss: 5.038454 | lrm: 1.00 | dt: 15075.59ms | tok/sec: 69,554 | bf16_mfu: 0.00 | epoch: 1 pq: 6 rg: 32 | total time: 75.10m | eta: 1312.5m
step 00280/04980 (5.62%) | loss: 5.028753 | lrm: 1.00 | dt: 15033.58ms | tok/sec: 69,748 | bf16_mfu: 0.00 | epoch: 1 pq: 6 rg: 40 | total time: 75.35m | eta: 1311.7m
step 00281/04980 (5.64%) | loss: 5.017246 | lrm: 1.00 | dt: 15054.78ms | tok/sec: 69,650 | bf16_mfu: 0.00 | epoch: 1 pq: 6 rg: 40 | total time: 75.60m | eta: 1310.9m
step 00282/04980 (5.66%) | loss: 5.025982 | lrm: 1.00 | dt: 15041.61ms | tok/sec: 69,711 | bf16_mfu: 0.00 | epoch: 1 pq: 6 rg: 40 | total time: 75.85m | eta: 1310.1m
step 00283/04980 (5.68%) | loss: 5.018606 | lrm: 1.00 | dt: 15053.79ms | tok/sec: 69,655 | bf16_mfu: 0.00 | epoch: 1 pq: 6 rg: 40 | total time: 76.10m | eta: 1309.4m
step 00284/04980 (5.70%) | loss: 5.022024 | lrm: 1.00 | dt: 15037.51ms | tok/sec: 69,730 | bf16_mfu: 0.00 | epoch: 1 pq: 6 rg: 48 | total time: 76.35m | eta: 1308.6m
step 00285/04980 (5.72%) | loss: 5.017684 | lrm: 1.00 | dt: 15023.23ms | tok/sec: 69,796 | bf16_mfu: 0.00 | epoch: 1 pq: 6 rg: 48 | total time: 76.60m | eta: 1307.9m
step 00286/04980 (5.74%) | loss: 5.019538 | lrm: 1.00 | dt: 15010.07ms | tok/sec: 69,858 | bf16_mfu: 0.00 | epoch: 1 pq: 6 rg: 48 | total time: 76.86m | eta: 1307.1m
step 00287/04980 (5.76%) | loss: 5.009190 | lrm: 1.00 | dt: 15035.75ms | tok/sec: 69,738 | bf16_mfu: 0.00 | epoch: 1 pq: 6 rg: 48 | total time: 77.11m | eta: 1306.3m
step 00288/04980 (5.78%) | loss: 5.007108 | lrm: 1.00 | dt: 15055.04ms | tok/sec: 69,649 | bf16_mfu: 0.00 | epoch: 1 pq: 6 rg: 56 | total time: 77.36m | eta: 1305.6m
step 00289/04980 (5.80%) | loss: 4.997605 | lrm: 1.00 | dt: 15029.31ms | tok/sec: 69,768 | bf16_mfu: 0.00 | epoch: 1 pq: 6 rg: 56 | total time: 77.61m | eta: 1304.9m
step 00290/04980 (5.82%) | loss: 4.998753 | lrm: 1.00 | dt: 15019.83ms | tok/sec: 69,812 | bf16_mfu: 0.00 | epoch: 1 pq: 6 rg: 56 | total time: 77.86m | eta: 1304.1m
step 00291/04980 (5.84%) | loss: 4.994900 | lrm: 1.00 | dt: 15018.20ms | tok/sec: 69,820 | bf16_mfu: 0.00 | epoch: 1 pq: 6 rg: 56 | total time: 78.11m | eta: 1303.4m
step 00292/04980 (5.86%) | loss: 4.997331 | lrm: 1.00 | dt: 14930.75ms | tok/sec: 70,229 | bf16_mfu: 0.00 | epoch: 1 pq: 6 rg: 56 | total time: 78.36m | eta: 1302.6m
step 00293/04980 (5.88%) | loss: 5.003101 | lrm: 1.00 | dt: 14918.78ms | tok/sec: 70,285 | bf16_mfu: 0.00 | epoch: 1 pq: 6 rg: 64 | total time: 78.61m | eta: 1301.8m
step 00294/04980 (5.90%) | loss: 5.009962 | lrm: 1.00 | dt: 14954.06ms | tok/sec: 70,119 | bf16_mfu: 0.00 | epoch: 1 pq: 6 rg: 64 | total time: 78.85m | eta: 1301.1m
step 00295/04980 (5.92%) | loss: 5.011405 | lrm: 1.00 | dt: 14947.19ms | tok/sec: 70,152 | bf16_mfu: 0.00 | epoch: 1 pq: 6 rg: 64 | total time: 79.10m | eta: 1300.4m
step 00296/04980 (5.94%) | loss: 5.006666 | lrm: 1.00 | dt: 88536.89ms | tok/sec: 11,843 | bf16_mfu: 0.00 | epoch: 1 pq: 6 rg: 64 | total time: 80.58m | eta: 1319.7m
step 00297/04980 (5.96%) | loss: 4.995254 | lrm: 1.00 | dt: 14996.38ms | tok/sec: 69,921 | bf16_mfu: 0.00 | epoch: 1 pq: 6 rg: 72 | total time: 80.83m | eta: 1318.9m
step 00298/04980 (5.98%) | loss: 4.995109 | lrm: 1.00 | dt: 15008.13ms | tok/sec: 69,867 | bf16_mfu: 0.00 | epoch: 1 pq: 6 rg: 72 | total time: 81.08m | eta: 1318.1m
step 00299/04980 (6.00%) | loss: 4.985092 | lrm: 1.00 | dt: 14987.66ms | tok/sec: 69,962 | bf16_mfu: 0.00 | epoch: 1 pq: 6 rg: 72 | total time: 81.33m | eta: 1317.3m
hytorch: step 300 channel commit=31.0% overflow=69.0% abort=0.0%
step 00300/04980 (6.02%) | loss: 4.977820 | lrm: 1.00 | dt: 31261.37ms | tok/sec: 33,542 | bf16_mfu: 0.00 | epoch: 1 pq: 6 rg: 72 | total time: 81.85m | eta: 1320.9m
step 00301/04980 (6.04%) | loss: 4.963835 | lrm: 1.00 | dt: 15000.71ms | tok/sec: 69,901 | bf16_mfu: 0.00 | epoch: 1 pq: 6 rg: 80 | total time: 82.10m | eta: 1320.1m
step 00302/04980 (6.06%) | loss: 4.948635 | lrm: 1.00 | dt: 14999.38ms | tok/sec: 69,907 | bf16_mfu: 0.00 | epoch: 1 pq: 6 rg: 80 | total time: 82.35m | eta: 1319.3m
step 00303/04980 (6.08%) | loss: 4.937715 | lrm: 1.00 | dt: 14985.86ms | tok/sec: 69,971 | bf16_mfu: 0.00 | epoch: 1 pq: 6 rg: 80 | total time: 82.60m | eta: 1318.5m
step 00304/04980 (6.10%) | loss: 4.912688 | lrm: 1.00 | dt: 14998.22ms | tok/sec: 69,913 | bf16_mfu: 0.00 | epoch: 1 pq: 6 rg: 80 | total time: 82.85m | eta: 1317.7m
step 00305/04980 (6.12%) | loss: 4.909462 | lrm: 1.00 | dt: 15007.94ms | tok/sec: 69,868 | bf16_mfu: 0.00 | epoch: 1 pq: 7 rg: 0 | total time: 83.10m | eta: 1316.9m
step 00306/04980 (6.14%) | loss: 4.903725 | lrm: 1.00 | dt: 14982.83ms | tok/sec: 69,985 | bf16_mfu: 0.00 | epoch: 1 pq: 7 rg: 0 | total time: 83.35m | eta: 1316.1m
step 00307/04980 (6.16%) | loss: 4.895309 | lrm: 1.00 | dt: 14997.29ms | tok/sec: 69,917 | bf16_mfu: 0.00 | epoch: 1 pq: 7 rg: 0 | total time: 83.60m | eta: 1315.4m
step 00308/04980 (6.18%) | loss: 4.890567 | lrm: 1.00 | dt: 14996.66ms | tok/sec: 69,920 | bf16_mfu: 0.00 | epoch: 1 pq: 7 rg: 0 | total time: 83.85m | eta: 1314.6m
step 00309/04980 (6.20%) | loss: 4.902945 | lrm: 1.00 | dt: 14999.85ms | tok/sec: 69,905 | bf16_mfu: 0.00 | epoch: 1 pq: 7 rg: 8 | total time: 84.10m | eta: 1313.8m
step 00310/04980 (6.22%) | loss: 4.899738 | lrm: 1.00 | dt: 15017.66ms | tok/sec: 69,822 | bf16_mfu: 0.00 | epoch: 1 pq: 7 rg: 8 | total time: 84.35m | eta: 1313.0m
step 00311/04980 (6.24%) | loss: 4.920062 | lrm: 1.00 | dt: 15008.00ms | tok/sec: 69,867 | bf16_mfu: 0.00 | epoch: 1 pq: 7 rg: 8 | total time: 84.60m | eta: 1312.3m
step 00312/04980 (6.27%) | loss: 4.925836 | lrm: 1.00 | dt: 15030.26ms | tok/sec: 69,764 | bf16_mfu: 0.00 | epoch: 1 pq: 7 rg: 8 | total time: 84.85m | eta: 1311.5m
step 00313/04980 (6.29%) | loss: 4.941310 | lrm: 1.00 | dt: 15048.42ms | tok/sec: 69,680 | bf16_mfu: 0.00 | epoch: 1 pq: 7 rg: 16 | total time: 85.10m | eta: 1310.8m
step 00314/04980 (6.31%) | loss: 4.923208 | lrm: 1.00 | dt: 15035.86ms | tok/sec: 69,738 | bf16_mfu: 0.00 | epoch: 1 pq: 7 rg: 16 | total time: 85.35m | eta: 1310.0m
step 00315/04980 (6.33%) | loss: 4.932407 | lrm: 1.00 | dt: 15064.41ms | tok/sec: 69,606 | bf16_mfu: 0.00 | epoch: 1 pq: 7 rg: 16 | total time: 85.60m | eta: 1309.3m
step 00316/04980 (6.35%) | loss: 4.925297 | lrm: 1.00 | dt: 15055.63ms | tok/sec: 69,646 | bf16_mfu: 0.00 | epoch: 1 pq: 7 rg: 16 | total time: 85.85m | eta: 1308.6m
step 00317/04980 (6.37%) | loss: 4.927162 | lrm: 1.00 | dt: 15067.86ms | tok/sec: 69,590 | bf16_mfu: 0.00 | epoch: 1 pq: 7 rg: 24 | total time: 86.11m | eta: 1307.8m
step 00318/04980 (6.39%) | loss: 4.923938 | lrm: 1.00 | dt: 15033.44ms | tok/sec: 69,749 | bf16_mfu: 0.00 | epoch: 1 pq: 7 rg: 24 | total time: 86.36m | eta: 1307.1m
step 00319/04980 (6.41%) | loss: 4.925584 | lrm: 1.00 | dt: 15067.32ms | tok/sec: 69,592 | bf16_mfu: 0.00 | epoch: 1 pq: 7 rg: 24 | total time: 86.61m | eta: 1306.4m
step 00320/04980 (6.43%) | loss: 4.905818 | lrm: 1.00 | dt: 15050.12ms | tok/sec: 69,672 | bf16_mfu: 0.00 | epoch: 1 pq: 7 rg: 24 | total time: 86.86m | eta: 1305.7m
step 00321/04980 (6.45%) | loss: 4.910291 | lrm: 1.00 | dt: 15044.60ms | tok/sec: 69,697 | bf16_mfu: 0.00 | epoch: 1 pq: 7 rg: 24 | total time: 87.11m | eta: 1304.9m
step 00322/04980 (6.47%) | loss: 4.913135 | lrm: 1.00 | dt: 15063.65ms | tok/sec: 69,609 | bf16_mfu: 0.00 | epoch: 1 pq: 7 rg: 32 | total time: 87.36m | eta: 1304.2m
step 00323/04980 (6.49%) | loss: 4.899553 | lrm: 1.00 | dt: 120251.61ms | tok/sec: 8,719 | bf16_mfu: 0.00 | epoch: 1 pq: 7 rg: 32 | total time: 89.36m | eta: 1329.6m
step 00324/04980 (6.51%) | loss: 4.901326 | lrm: 1.00 | dt: 15044.46ms | tok/sec: 69,698 | bf16_mfu: 0.00 | epoch: 1 pq: 7 rg: 32 | total time: 89.61m | eta: 1328.8m
step 00325/04980 (6.53%) | loss: 4.886106 | lrm: 1.00 | dt: 15046.68ms | tok/sec: 69,688 | bf16_mfu: 0.00 | epoch: 1 pq: 7 rg: 32 | total time: 89.87m | eta: 1328.0m
step 00326/04980 (6.55%) | loss: 4.875993 | lrm: 1.00 | dt: 15055.03ms | tok/sec: 69,649 | bf16_mfu: 0.00 | epoch: 1 pq: 7 rg: 40 | total time: 90.12m | eta: 1327.2m
step 00327/04980 (6.57%) | loss: 4.873407 | lrm: 1.00 | dt: 15014.80ms | tok/sec: 69,836 | bf16_mfu: 0.00 | epoch: 1 pq: 7 rg: 40 | total time: 90.37m | eta: 1326.4m
step 00328/04980 (6.59%) | loss: 4.861438 | lrm: 1.00 | dt: 15034.54ms | tok/sec: 69,744 | bf16_mfu: 0.00 | epoch: 1 pq: 7 rg: 40 | total time: 90.62m | eta: 1325.6m
step 00329/04980 (6.61%) | loss: 4.844526 | lrm: 1.00 | dt: 15018.96ms | tok/sec: 69,816 | bf16_mfu: 0.00 | epoch: 1 pq: 7 rg: 40 | total time: 90.87m | eta: 1324.8m
step 00330/04980 (6.63%) | loss: 4.844423 | lrm: 1.00 | dt: 15024.09ms | tok/sec: 69,792 | bf16_mfu: 0.00 | epoch: 1 pq: 7 rg: 48 | total time: 91.12m | eta: 1324.1m
step 00331/04980 (6.65%) | loss: 4.841525 | lrm: 1.00 | dt: 15009.59ms | tok/sec: 69,860 | bf16_mfu: 0.00 | epoch: 1 pq: 7 rg: 48 | total time: 91.37m | eta: 1323.3m
step 00332/04980 (6.67%) | loss: 4.854372 | lrm: 1.00 | dt: 15032.27ms | tok/sec: 69,754 | bf16_mfu: 0.00 | epoch: 1 pq: 7 rg: 48 | total time: 91.62m | eta: 1322.5m
step 00333/04980 (6.69%) | loss: 4.846329 | lrm: 1.00 | dt: 15029.42ms | tok/sec: 69,768 | bf16_mfu: 0.00 | epoch: 1 pq: 7 rg: 48 | total time: 91.87m | eta: 1321.7m
step 00334/04980 (6.71%) | loss: 4.845995 | lrm: 1.00 | dt: 15011.60ms | tok/sec: 69,851 | bf16_mfu: 0.00 | epoch: 1 pq: 7 rg: 56 | total time: 92.12m | eta: 1320.9m
step 00335/04980 (6.73%) | loss: 4.841889 | lrm: 1.00 | dt: 15035.24ms | tok/sec: 69,741 | bf16_mfu: 0.00 | epoch: 1 pq: 7 rg: 56 | total time: 92.37m | eta: 1320.2m
step 00336/04980 (6.75%) | loss: 4.834727 | lrm: 1.00 | dt: 15019.54ms | tok/sec: 69,814 | bf16_mfu: 0.00 | epoch: 1 pq: 7 rg: 56 | total time: 92.62m | eta: 1319.4m
step 00337/04980 (6.77%) | loss: 4.837987 | lrm: 1.00 | dt: 15033.91ms | tok/sec: 69,747 | bf16_mfu: 0.00 | epoch: 1 pq: 7 rg: 56 | total time: 92.87m | eta: 1318.6m
step 00338/04980 (6.79%) | loss: 4.839142 | lrm: 1.00 | dt: 15044.37ms | tok/sec: 69,698 | bf16_mfu: 0.00 | epoch: 1 pq: 7 rg: 64 | total time: 93.12m | eta: 1317.9m
step 00339/04980 (6.81%) | loss: 4.831943 | lrm: 1.00 | dt: 15022.78ms | tok/sec: 69,799 | bf16_mfu: 0.00 | epoch: 1 pq: 7 rg: 64 | total time: 93.37m | eta: 1317.1m
step 00340/04980 (6.83%) | loss: 4.833987 | lrm: 1.00 | dt: 15045.56ms | tok/sec: 69,693 | bf16_mfu: 0.00 | epoch: 1 pq: 7 rg: 64 | total time: 93.62m | eta: 1316.4m
step 00341/04980 (6.85%) | loss: 4.842920 | lrm: 1.00 | dt: 15061.48ms | tok/sec: 69,619 | bf16_mfu: 0.00 | epoch: 1 pq: 7 rg: 64 | total time: 93.87m | eta: 1315.6m
step 00342/04980 (6.87%) | loss: 4.849978 | lrm: 1.00 | dt: 15032.68ms | tok/sec: 69,753 | bf16_mfu: 0.00 | epoch: 1 pq: 7 rg: 72 | total time: 94.12m | eta: 1314.9m
step 00343/04980 (6.89%) | loss: 4.848507 | lrm: 1.00 | dt: 15050.48ms | tok/sec: 69,670 | bf16_mfu: 0.00 | epoch: 1 pq: 7 rg: 72 | total time: 94.37m | eta: 1314.2m
step 00344/04980 (6.91%) | loss: 4.837749 | lrm: 1.00 | dt: 14945.62ms | tok/sec: 70,159 | bf16_mfu: 0.00 | epoch: 1 pq: 7 rg: 72 | total time: 94.62m | eta: 1313.4m
step 00345/04980 (6.93%) | loss: 4.827458 | lrm: 1.00 | dt: 14962.80ms | tok/sec: 70,078 | bf16_mfu: 0.00 | epoch: 1 pq: 7 rg: 72 | total time: 94.87m | eta: 1312.6m
step 00346/04980 (6.95%) | loss: 4.835985 | lrm: 1.00 | dt: 14953.91ms | tok/sec: 70,120 | bf16_mfu: 0.00 | epoch: 1 pq: 7 rg: 80 | total time: 95.12m | eta: 1311.9m
step 00347/04980 (6.97%) | loss: 4.836919 | lrm: 1.00 | dt: 14964.54ms | tok/sec: 70,070 | bf16_mfu: 0.00 | epoch: 1 pq: 7 rg: 80 | total time: 95.37m | eta: 1311.1m
step 00348/04980 (6.99%) | loss: 4.831421 | lrm: 1.00 | dt: 15014.84ms | tok/sec: 69,835 | bf16_mfu: 0.00 | epoch: 1 pq: 7 rg: 80 | total time: 95.62m | eta: 1310.4m
step 00349/04980 (7.01%) | loss: 4.823882 | lrm: 1.00 | dt: 14952.22ms | tok/sec: 70,128 | bf16_mfu: 0.00 | epoch: 1 pq: 7 rg: 80 | total time: 95.87m | eta: 1309.7m
hytorch: step 350 channel commit=24.0% overflow=76.0% abort=0.0%
step 00350/04980 (7.03%) | loss: 4.823181 | lrm: 1.00 | dt: 15042.05ms | tok/sec: 69,709 | bf16_mfu: 0.00 | epoch: 1 pq: 8 rg: 0 | total time: 96.12m | eta: 1309.0m
step 00351/04980 (7.05%) | loss: 4.822233 | lrm: 1.00 | dt: 123203.79ms | tok/sec: 8,510 | bf16_mfu: 0.00 | epoch: 1 pq: 8 rg: 0 | total time: 98.18m | eta: 1332.7m
step 00352/04980 (7.07%) | loss: 4.834267 | lrm: 1.00 | dt: 15015.38ms | tok/sec: 69,833 | bf16_mfu: 0.00 | epoch: 1 pq: 8 rg: 0 | total time: 98.43m | eta: 1331.9m
step 00353/04980 (7.09%) | loss: 4.829630 | lrm: 1.00 | dt: 14986.94ms | tok/sec: 69,965 | bf16_mfu: 0.00 | epoch: 1 pq: 8 rg: 0 | total time: 98.68m | eta: 1331.1m
step 00354/04980 (7.11%) | loss: 4.822094 | lrm: 1.00 | dt: 15029.75ms | tok/sec: 69,766 | bf16_mfu: 0.00 | epoch: 1 pq: 8 rg: 8 | total time: 98.93m | eta: 1330.3m
step 00355/04980 (7.13%) | loss: 4.811717 | lrm: 1.00 | dt: 14998.01ms | tok/sec: 69,914 | bf16_mfu: 0.00 | epoch: 1 pq: 8 rg: 8 | total time: 99.18m | eta: 1329.5m
step 00356/04980 (7.15%) | loss: 4.807171 | lrm: 1.00 | dt: 15013.36ms | tok/sec: 69,842 | bf16_mfu: 0.00 | epoch: 1 pq: 8 rg: 8 | total time: 99.43m | eta: 1328.7m
step 00357/04980 (7.17%) | loss: 4.799106 | lrm: 1.00 | dt: 14975.51ms | tok/sec: 70,019 | bf16_mfu: 0.00 | epoch: 1 pq: 8 rg: 8 | total time: 99.68m | eta: 1328.0m
step 00358/04980 (7.19%) | loss: 4.792948 | lrm: 1.00 | dt: 15006.37ms | tok/sec: 69,875 | bf16_mfu: 0.00 | epoch: 1 pq: 8 rg: 16 | total time: 99.93m | eta: 1327.2m
step 00359/04980 (7.21%) | loss: 4.790567 | lrm: 1.00 | dt: 14972.80ms | tok/sec: 70,032 | bf16_mfu: 0.00 | epoch: 1 pq: 8 rg: 16 | total time: 100.18m | eta: 1326.4m
step 00360/04980 (7.23%) | loss: 4.781091 | lrm: 1.00 | dt: 15001.47ms | tok/sec: 69,898 | bf16_mfu: 0.00 | epoch: 1 pq: 8 rg: 16 | total time: 100.43m | eta: 1325.6m
step 00361/04980 (7.25%) | loss: 4.779344 | lrm: 1.00 | dt: 14997.48ms | tok/sec: 69,916 | bf16_mfu: 0.00 | epoch: 1 pq: 8 rg: 16 | total time: 100.68m | eta: 1324.8m
step 00362/04980 (7.27%) | loss: 4.766676 | lrm: 1.00 | dt: 15014.71ms | tok/sec: 69,836 | bf16_mfu: 0.00 | epoch: 1 pq: 8 rg: 24 | total time: 100.93m | eta: 1324.1m
step 00363/04980 (7.29%) | loss: 4.772054 | lrm: 1.00 | dt: 15001.62ms | tok/sec: 69,897 | bf16_mfu: 0.00 | epoch: 1 pq: 8 rg: 24 | total time: 101.18m | eta: 1323.3m
step 00364/04980 (7.31%) | loss: 4.768116 | lrm: 1.00 | dt: 14995.30ms | tok/sec: 69,926 | bf16_mfu: 0.00 | epoch: 1 pq: 8 rg: 24 | total time: 101.43m | eta: 1322.5m
step 00365/04980 (7.33%) | loss: 4.750417 | lrm: 1.00 | dt: 15025.80ms | tok/sec: 69,785 | bf16_mfu: 0.00 | epoch: 1 pq: 8 rg: 24 | total time: 101.68m | eta: 1321.8m
step 00366/04980 (7.35%) | loss: 4.754580 | lrm: 1.00 | dt: 14975.26ms | tok/sec: 70,020 | bf16_mfu: 0.00 | epoch: 1 pq: 8 rg: 24 | total time: 101.93m | eta: 1321.0m
step 00367/04980 (7.37%) | loss: 4.762087 | lrm: 1.00 | dt: 15011.52ms | tok/sec: 69,851 | bf16_mfu: 0.00 | epoch: 1 pq: 8 rg: 32 | total time: 102.18m | eta: 1320.3m
step 00368/04980 (7.39%) | loss: 4.771866 | lrm: 1.00 | dt: 15020.42ms | tok/sec: 69,810 | bf16_mfu: 0.00 | epoch: 1 pq: 8 rg: 32 | total time: 102.43m | eta: 1319.5m
step 00369/04980 (7.41%) | loss: 4.779619 | lrm: 1.00 | dt: 15014.36ms | tok/sec: 69,838 | bf16_mfu: 0.00 | epoch: 1 pq: 8 rg: 32 | total time: 102.68m | eta: 1318.8m
step 00370/04980 (7.43%) | loss: 4.774312 | lrm: 1.00 | dt: 14985.51ms | tok/sec: 69,972 | bf16_mfu: 0.00 | epoch: 1 pq: 8 rg: 32 | total time: 102.93m | eta: 1318.0m
step 00371/04980 (7.45%) | loss: 4.774455 | lrm: 1.00 | dt: 15023.50ms | tok/sec: 69,795 | bf16_mfu: 0.00 | epoch: 1 pq: 8 rg: 40 | total time: 103.18m | eta: 1317.3m
step 00372/04980 (7.47%) | loss: 4.773652 | lrm: 1.00 | dt: 14996.12ms | tok/sec: 69,923 | bf16_mfu: 0.00 | epoch: 1 pq: 8 rg: 40 | total time: 103.43m | eta: 1316.5m
step 00373/04980 (7.49%) | loss: 4.760330 | lrm: 1.00 | dt: 14998.27ms | tok/sec: 69,913 | bf16_mfu: 0.00 | epoch: 1 pq: 8 rg: 40 | total time: 103.68m | eta: 1315.8m
step 00374/04980 (7.51%) | loss: 4.761811 | lrm: 1.00 | dt: 15038.74ms | tok/sec: 69,724 | bf16_mfu: 0.00 | epoch: 1 pq: 8 rg: 40 | total time: 103.93m | eta: 1315.1m
step 00375/04980 (7.53%) | loss: 4.765421 | lrm: 1.00 | dt: 15000.52ms | tok/sec: 69,902 | bf16_mfu: 0.00 | epoch: 1 pq: 8 rg: 48 | total time: 104.18m | eta: 1314.3m
step 00376/04980 (7.55%) | loss: 4.757145 | lrm: 1.00 | dt: 15171.04ms | tok/sec: 69,116 | bf16_mfu: 0.00 | epoch: 1 pq: 8 rg: 48 | total time: 104.43m | eta: 1313.6m
step 00377/04980 (7.57%) | loss: 4.750775 | lrm: 1.00 | dt: 14996.30ms | tok/sec: 69,922 | bf16_mfu: 0.00 | epoch: 1 pq: 8 rg: 48 | total time: 104.68m | eta: 1312.9m
step 00378/04980 (7.59%) | loss: 4.753747 | lrm: 1.00 | dt: 15030.02ms | tok/sec: 69,765 | bf16_mfu: 0.00 | epoch: 1 pq: 8 rg: 48 | total time: 104.93m | eta: 1312.2m
step 00379/04980 (7.61%) | loss: 4.743287 | lrm: 1.00 | dt: 122292.94ms | tok/sec: 8,574 | bf16_mfu: 0.00 | epoch: 1 pq: 8 rg: 56 | total time: 106.97m | eta: 1333.8m
step 00380/04980 (7.63%) | loss: 4.755430 | lrm: 1.00 | dt: 15049.47ms | tok/sec: 69,675 | bf16_mfu: 0.00 | epoch: 1 pq: 8 rg: 56 | total time: 107.22m | eta: 1333.0m
step 00381/04980 (7.65%) | loss: 4.751151 | lrm: 1.00 | dt: 15056.36ms | tok/sec: 69,643 | bf16_mfu: 0.00 | epoch: 1 pq: 8 rg: 56 | total time: 107.47m | eta: 1332.2m
step 00382/04980 (7.67%) | loss: 4.739160 | lrm: 1.00 | dt: 15048.00ms | tok/sec: 69,682 | bf16_mfu: 0.00 | epoch: 1 pq: 8 rg: 56 | total time: 107.72m | eta: 1331.5m
step 00383/04980 (7.69%) | loss: 4.728535 | lrm: 1.00 | dt: 15045.67ms | tok/sec: 69,692 | bf16_mfu: 0.00 | epoch: 1 pq: 8 rg: 64 | total time: 107.97m | eta: 1330.7m
step 00384/04980 (7.71%) | loss: 4.725162 | lrm: 1.00 | dt: 15030.00ms | tok/sec: 69,765 | bf16_mfu: 0.00 | epoch: 1 pq: 8 rg: 64 | total time: 108.22m | eta: 1329.9m
step 00385/04980 (7.73%) | loss: 4.716177 | lrm: 1.00 | dt: 15045.25ms | tok/sec: 69,694 | bf16_mfu: 0.00 | epoch: 1 pq: 8 rg: 64 | total time: 108.47m | eta: 1329.2m
step 00386/04980 (7.75%) | loss: 4.725265 | lrm: 1.00 | dt: 15035.35ms | tok/sec: 69,740 | bf16_mfu: 0.00 | epoch: 1 pq: 8 rg: 64 | total time: 108.72m | eta: 1328.4m
step 00387/04980 (7.77%) | loss: 4.727326 | lrm: 1.00 | dt: 15032.11ms | tok/sec: 69,755 | bf16_mfu: 0.00 | epoch: 1 pq: 8 rg: 72 | total time: 108.97m | eta: 1327.6m
step 00388/04980 (7.79%) | loss: 4.735905 | lrm: 1.00 | dt: 15017.05ms | tok/sec: 69,825 | bf16_mfu: 0.00 | epoch: 1 pq: 8 rg: 72 | total time: 109.22m | eta: 1326.9m
step 00389/04980 (7.81%) | loss: 4.725645 | lrm: 1.00 | dt: 15032.66ms | tok/sec: 69,753 | bf16_mfu: 0.00 | epoch: 1 pq: 8 rg: 72 | total time: 109.48m | eta: 1326.1m
step 00390/04980 (7.83%) | loss: 4.708526 | lrm: 1.00 | dt: 15020.15ms | tok/sec: 69,811 | bf16_mfu: 0.00 | epoch: 1 pq: 8 rg: 72 | total time: 109.73m | eta: 1325.4m
step 00391/04980 (7.85%) | loss: 4.712843 | lrm: 1.00 | dt: 15037.40ms | tok/sec: 69,731 | bf16_mfu: 0.00 | epoch: 1 pq: 8 rg: 80 | total time: 109.98m | eta: 1324.6m
step 00392/04980 (7.87%) | loss: 4.704994 | lrm: 1.00 | dt: 15013.44ms | tok/sec: 69,842 | bf16_mfu: 0.00 | epoch: 1 pq: 8 rg: 80 | total time: 110.23m | eta: 1323.9m
step 00393/04980 (7.89%) | loss: 4.715890 | lrm: 1.00 | dt: 15036.57ms | tok/sec: 69,735 | bf16_mfu: 0.00 | epoch: 1 pq: 8 rg: 80 | total time: 110.48m | eta: 1323.1m
step 00394/04980 (7.91%) | loss: 4.703279 | lrm: 1.00 | dt: 15033.00ms | tok/sec: 69,751 | bf16_mfu: 0.00 | epoch: 1 pq: 8 rg: 80 | total time: 110.73m | eta: 1322.4m
step 00395/04980 (7.93%) | loss: 4.701985 | lrm: 1.00 | dt: 15053.38ms | tok/sec: 69,657 | bf16_mfu: 0.00 | epoch: 1 pq: 9 rg: 0 | total time: 110.98m | eta: 1321.7m
step 00396/04980 (7.95%) | loss: 4.701009 | lrm: 1.00 | dt: 15017.88ms | tok/sec: 69,821 | bf16_mfu: 0.00 | epoch: 1 pq: 9 rg: 0 | total time: 111.23m | eta: 1320.9m
step 00397/04980 (7.97%) | loss: 4.694672 | lrm: 1.00 | dt: 15028.33ms | tok/sec: 69,773 | bf16_mfu: 0.00 | epoch: 1 pq: 9 rg: 0 | total time: 111.48m | eta: 1320.2m
step 00398/04980 (7.99%) | loss: 4.690734 | lrm: 1.00 | dt: 15031.02ms | tok/sec: 69,760 | bf16_mfu: 0.00 | epoch: 1 pq: 9 rg: 0 | total time: 111.73m | eta: 1319.4m
step 00399/04980 (8.01%) | loss: 4.694315 | lrm: 1.00 | dt: 15017.07ms | tok/sec: 69,825 | bf16_mfu: 0.00 | epoch: 1 pq: 9 rg: 0 | total time: 111.98m | eta: 1318.7m
hytorch: step 400 channel commit=23.0% overflow=77.0% abort=0.0%
step 00400/04980 (8.03%) | loss: 4.701775 | lrm: 1.00 | dt: 31358.29ms | tok/sec: 33,438 | bf16_mfu: 0.00 | epoch: 1 pq: 9 rg: 8 | total time: 112.50m | eta: 1321.2m
step 00401/04980 (8.05%) | loss: 4.691755 | lrm: 1.00 | dt: 14972.94ms | tok/sec: 70,031 | bf16_mfu: 0.00 | epoch: 1 pq: 9 rg: 8 | total time: 112.75m | eta: 1320.4m
step 00402/04980 (8.07%) | loss: 4.698041 | lrm: 1.00 | dt: 14956.18ms | tok/sec: 70,109 | bf16_mfu: 0.00 | epoch: 1 pq: 9 rg: 8 | total time: 113.00m | eta: 1319.7m
step 00403/04980 (8.09%) | loss: 4.706358 | lrm: 1.00 | dt: 14963.88ms | tok/sec: 70,073 | bf16_mfu: 0.00 | epoch: 1 pq: 9 rg: 8 | total time: 113.25m | eta: 1319.0m
step 00404/04980 (8.11%) | loss: 4.728541 | lrm: 1.00 | dt: 14954.59ms | tok/sec: 70,117 | bf16_mfu: 0.00 | epoch: 1 pq: 9 rg: 16 | total time: 113.50m | eta: 1318.2m
step 00405/04980 (8.13%) | loss: 4.732043 | lrm: 1.00 | dt: 14956.48ms | tok/sec: 70,108 | bf16_mfu: 0.00 | epoch: 1 pq: 9 rg: 16 | total time: 113.75m | eta: 1317.5m
step 00406/04980 (8.15%) | loss: 4.739606 | lrm: 1.00 | dt: 154834.62ms | tok/sec: 6,772 | bf16_mfu: 0.00 | epoch: 1 pq: 9 rg: 16 | total time: 116.33m | eta: 1343.7m
step 00407/04980 (8.17%) | loss: 4.749324 | lrm: 1.00 | dt: 15005.59ms | tok/sec: 69,879 | bf16_mfu: 0.00 | epoch: 1 pq: 9 rg: 16 | total time: 116.58m | eta: 1342.9m
step 00408/04980 (8.19%) | loss: 4.747698 | lrm: 1.00 | dt: 15012.04ms | tok/sec: 69,848 | bf16_mfu: 0.00 | epoch: 1 pq: 9 rg: 24 | total time: 116.83m | eta: 1342.1m
step 00409/04980 (8.21%) | loss: 4.733233 | lrm: 1.00 | dt: 15002.14ms | tok/sec: 69,895 | bf16_mfu: 0.00 | epoch: 1 pq: 9 rg: 24 | total time: 117.08m | eta: 1341.3m
step 00410/04980 (8.23%) | loss: 4.726951 | lrm: 1.00 | dt: 15010.98ms | tok/sec: 69,853 | bf16_mfu: 0.00 | epoch: 1 pq: 9 rg: 24 | total time: 117.33m | eta: 1340.5m
step 00411/04980 (8.25%) | loss: 4.722689 | lrm: 1.00 | dt: 15001.23ms | tok/sec: 69,899 | bf16_mfu: 0.00 | epoch: 1 pq: 9 rg: 24 | total time: 117.58m | eta: 1339.7m
step 00412/04980 (8.27%) | loss: 4.712124 | lrm: 1.00 | dt: 15006.47ms | tok/sec: 69,874 | bf16_mfu: 0.00 | epoch: 1 pq: 9 rg: 32 | total time: 117.83m | eta: 1338.9m
step 00413/04980 (8.29%) | loss: 4.705500 | lrm: 1.00 | dt: 14997.54ms | tok/sec: 69,916 | bf16_mfu: 0.00 | epoch: 1 pq: 9 rg: 32 | total time: 118.08m | eta: 1338.1m
step 00414/04980 (8.31%) | loss: 4.711093 | lrm: 1.00 | dt: 15014.86ms | tok/sec: 69,835 | bf16_mfu: 0.00 | epoch: 1 pq: 9 rg: 32 | total time: 118.33m | eta: 1337.4m
step 00415/04980 (8.33%) | loss: 4.697526 | lrm: 1.00 | dt: 15001.81ms | tok/sec: 69,896 | bf16_mfu: 0.00 | epoch: 1 pq: 9 rg: 32 | total time: 118.58m | eta: 1336.6m
step 00416/04980 (8.35%) | loss: 4.684851 | lrm: 1.00 | dt: 15028.66ms | tok/sec: 69,771 | bf16_mfu: 0.00 | epoch: 1 pq: 9 rg: 40 | total time: 118.83m | eta: 1335.8m
step 00417/04980 (8.37%) | loss: 4.686092 | lrm: 1.00 | dt: 15032.80ms | tok/sec: 69,752 | bf16_mfu: 0.00 | epoch: 1 pq: 9 rg: 40 | total time: 119.08m | eta: 1335.1m
step 00418/04980 (8.39%) | loss: 4.662288 | lrm: 1.00 | dt: 15016.38ms | tok/sec: 69,828 | bf16_mfu: 0.00 | epoch: 1 pq: 9 rg: 40 | total time: 119.33m | eta: 1334.3m
step 00419/04980 (8.41%) | loss: 4.680065 | lrm: 1.00 | dt: 15005.71ms | tok/sec: 69,878 | bf16_mfu: 0.00 | epoch: 1 pq: 9 rg: 40 | total time: 119.58m | eta: 1333.5m
step 00420/04980 (8.43%) | loss: 4.674155 | lrm: 1.00 | dt: 15031.40ms | tok/sec: 69,759 | bf16_mfu: 0.00 | epoch: 1 pq: 9 rg: 48 | total time: 119.83m | eta: 1332.8m
step 00421/04980 (8.45%) | loss: 4.683742 | lrm: 1.00 | dt: 14987.47ms | tok/sec: 69,963 | bf16_mfu: 0.00 | epoch: 1 pq: 9 rg: 48 | total time: 120.08m | eta: 1332.0m
step 00422/04980 (8.47%) | loss: 4.689319 | lrm: 1.00 | dt: 14993.83ms | tok/sec: 69,933 | bf16_mfu: 0.00 | epoch: 1 pq: 9 rg: 48 | total time: 120.33m | eta: 1331.2m
step 00423/04980 (8.49%) | loss: 4.677123 | lrm: 1.00 | dt: 14989.56ms | tok/sec: 69,953 | bf16_mfu: 0.00 | epoch: 1 pq: 9 rg: 48 | total time: 120.58m | eta: 1330.5m
step 00424/04980 (8.51%) | loss: 4.680415 | lrm: 1.00 | dt: 14979.81ms | tok/sec: 69,999 | bf16_mfu: 0.00 | epoch: 1 pq: 9 rg: 56 | total time: 120.83m | eta: 1329.7m
step 00425/04980 (8.53%) | loss: 4.680752 | lrm: 1.00 | dt: 14992.56ms | tok/sec: 69,939 | bf16_mfu: 0.00 | epoch: 1 pq: 9 rg: 56 | total time: 121.08m | eta: 1329.0m
step 00426/04980 (8.55%) | loss: 4.675438 | lrm: 1.00 | dt: 14988.71ms | tok/sec: 69,957 | bf16_mfu: 0.00 | epoch: 1 pq: 9 rg: 56 | total time: 121.33m | eta: 1328.2m
step 00427/04980 (8.57%) | loss: 4.665637 | lrm: 1.00 | dt: 15035.13ms | tok/sec: 69,741 | bf16_mfu: 0.00 | epoch: 1 pq: 9 rg: 56 | total time: 121.58m | eta: 1327.5m
step 00428/04980 (8.59%) | loss: 4.678962 | lrm: 1.00 | dt: 15001.34ms | tok/sec: 69,898 | bf16_mfu: 0.00 | epoch: 1 pq: 9 rg: 64 | total time: 121.83m | eta: 1326.7m
step 00429/04980 (8.61%) | loss: 4.680444 | lrm: 1.00 | dt: 15007.76ms | tok/sec: 69,868 | bf16_mfu: 0.00 | epoch: 1 pq: 9 rg: 64 | total time: 122.08m | eta: 1326.0m
step 00430/04980 (8.63%) | loss: 4.674336 | lrm: 1.00 | dt: 15008.69ms | tok/sec: 69,864 | bf16_mfu: 0.00 | epoch: 1 pq: 9 rg: 64 | total time: 122.33m | eta: 1325.3m
step 00431/04980 (8.65%) | loss: 4.667977 | lrm: 1.00 | dt: 14994.71ms | tok/sec: 69,929 | bf16_mfu: 0.00 | epoch: 1 pq: 9 rg: 64 | total time: 122.58m | eta: 1324.5m
step 00432/04980 (8.67%) | loss: 4.655382 | lrm: 1.00 | dt: 15037.68ms | tok/sec: 69,729 | bf16_mfu: 0.00 | epoch: 1 pq: 9 rg: 72 | total time: 122.83m | eta: 1323.8m
step 00433/04980 (8.69%) | loss: 4.648708 | lrm: 1.00 | dt: 14978.46ms | tok/sec: 70,005 | bf16_mfu: 0.00 | epoch: 1 pq: 9 rg: 72 | total time: 123.08m | eta: 1323.1m
step 00434/04980 (8.71%) | loss: 4.633568 | lrm: 1.00 | dt: 15002.18ms | tok/sec: 69,894 | bf16_mfu: 0.00 | epoch: 1 pq: 9 rg: 72 | total time: 123.33m | eta: 1322.3m
step 00435/04980 (8.73%) | loss: 4.626870 | lrm: 1.00 | dt: 14976.77ms | tok/sec: 70,013 | bf16_mfu: 0.00 | epoch: 1 pq: 9 rg: 72 | total time: 123.58m | eta: 1321.6m
step 00436/04980 (8.76%) | loss: 4.631747 | lrm: 1.00 | dt: 155347.16ms | tok/sec: 6,749 | bf16_mfu: 0.00 | epoch: 1 pq: 9 rg: 80 | total time: 126.17m | eta: 1345.8m
step 00437/04980 (8.78%) | loss: 4.634849 | lrm: 1.00 | dt: 14982.14ms | tok/sec: 69,988 | bf16_mfu: 0.00 | epoch: 1 pq: 9 rg: 80 | total time: 126.42m | eta: 1345.0m
step 00438/04980 (8.80%) | loss: 4.632095 | lrm: 1.00 | dt: 15003.94ms | tok/sec: 69,886 | bf16_mfu: 0.00 | epoch: 1 pq: 9 rg: 80 | total time: 126.67m | eta: 1344.3m
step 00439/04980 (8.82%) | loss: 4.642225 | lrm: 1.00 | dt: 14999.86ms | tok/sec: 69,905 | bf16_mfu: 0.00 | epoch: 1 pq: 9 rg: 80 | total time: 126.92m | eta: 1343.5m
step 00440/04980 (8.84%) | loss: 4.641310 | lrm: 1.00 | dt: 15018.41ms | tok/sec: 69,819 | bf16_mfu: 0.00 | epoch: 1 pq: 9 rg: 80 | total time: 127.17m | eta: 1342.7m
step 00441/04980 (8.86%) | loss: 4.653811 | lrm: 1.00 | dt: 15065.53ms | tok/sec: 69,601 | bf16_mfu: 0.00 | epoch: 1 pq: 10 rg: 0 | total time: 127.42m | eta: 1341.9m
step 00442/04980 (8.88%) | loss: 4.650633 | lrm: 1.00 | dt: 15035.20ms | tok/sec: 69,741 | bf16_mfu: 0.00 | epoch: 1 pq: 10 rg: 0 | total time: 127.67m | eta: 1341.2m
step 00443/04980 (8.90%) | loss: 4.640876 | lrm: 1.00 | dt: 15010.56ms | tok/sec: 69,855 | bf16_mfu: 0.00 | epoch: 1 pq: 10 rg: 0 | total time: 127.92m | eta: 1340.4m
step 00444/04980 (8.92%) | loss: 4.636045 | lrm: 1.00 | dt: 15011.33ms | tok/sec: 69,852 | bf16_mfu: 0.00 | epoch: 1 pq: 10 rg: 0 | total time: 128.17m | eta: 1339.6m
step 00445/04980 (8.94%) | loss: 4.622179 | lrm: 1.00 | dt: 15037.32ms | tok/sec: 69,731 | bf16_mfu: 0.00 | epoch: 1 pq: 10 rg: 8 | total time: 128.42m | eta: 1338.9m
step 00446/04980 (8.96%) | loss: 4.614990 | lrm: 1.00 | dt: 15001.81ms | tok/sec: 69,896 | bf16_mfu: 0.00 | epoch: 1 pq: 10 rg: 8 | total time: 128.67m | eta: 1338.1m
step 00447/04980 (8.98%) | loss: 4.624083 | lrm: 1.00 | dt: 15036.99ms | tok/sec: 69,733 | bf16_mfu: 0.00 | epoch: 1 pq: 10 rg: 8 | total time: 128.92m | eta: 1337.3m
step 00448/04980 (9.00%) | loss: 4.613887 | lrm: 1.00 | dt: 15001.64ms | tok/sec: 69,897 | bf16_mfu: 0.00 | epoch: 1 pq: 10 rg: 8 | total time: 129.17m | eta: 1336.6m
step 00449/04980 (9.02%) | loss: 4.626503 | lrm: 1.00 | dt: 15024.65ms | tok/sec: 69,790 | bf16_mfu: 0.00 | epoch: 1 pq: 10 rg: 16 | total time: 129.43m | eta: 1335.8m
hytorch: step 450 channel commit=22.7% overflow=77.3% abort=0.0%
step 00450/04980 (9.04%) | loss: 4.625603 | lrm: 1.00 | dt: 15084.48ms | tok/sec: 69,513 | bf16_mfu: 0.00 | epoch: 1 pq: 10 rg: 16 | total time: 129.68m | eta: 1335.1m
step 00451/04980 (9.06%) | loss: 4.607109 | lrm: 1.00 | dt: 15016.47ms | tok/sec: 69,828 | bf16_mfu: 0.00 | epoch: 1 pq: 10 rg: 16 | total time: 129.93m | eta: 1334.3m
step 00452/04980 (9.08%) | loss: 4.601697 | lrm: 1.00 | dt: 14992.71ms | tok/sec: 69,939 | bf16_mfu: 0.00 | epoch: 1 pq: 10 rg: 16 | total time: 130.18m | eta: 1333.6m
step 00453/04980 (9.10%) | loss: 4.590601 | lrm: 1.00 | dt: 15019.66ms | tok/sec: 69,813 | bf16_mfu: 0.00 | epoch: 1 pq: 10 rg: 24 | total time: 130.43m | eta: 1332.8m
step 00454/04980 (9.12%) | loss: 4.592407 | lrm: 1.00 | dt: 15000.97ms | tok/sec: 69,900 | bf16_mfu: 0.00 | epoch: 1 pq: 10 rg: 24 | total time: 130.68m | eta: 1332.1m
step 00455/04980 (9.14%) | loss: 4.593461 | lrm: 1.00 | dt: 14992.97ms | tok/sec: 69,937 | bf16_mfu: 0.00 | epoch: 1 pq: 10 rg: 24 | total time: 130.93m | eta: 1331.3m
step 00456/04980 (9.16%) | loss: 4.588906 | lrm: 1.00 | dt: 15016.43ms | tok/sec: 69,828 | bf16_mfu: 0.00 | epoch: 1 pq: 10 rg: 24 | total time: 131.18m | eta: 1330.6m
step 00457/04980 (9.18%) | loss: 4.577981 | lrm: 1.00 | dt: 15005.51ms | tok/sec: 69,879 | bf16_mfu: 0.00 | epoch: 1 pq: 10 rg: 32 | total time: 131.43m | eta: 1329.9m
step 00458/04980 (9.20%) | loss: 4.570811 | lrm: 1.00 | dt: 14973.59ms | tok/sec: 70,028 | bf16_mfu: 0.00 | epoch: 1 pq: 10 rg: 32 | total time: 131.68m | eta: 1329.1m
step 00459/04980 (9.22%) | loss: 4.556550 | lrm: 1.00 | dt: 14969.57ms | tok/sec: 70,047 | bf16_mfu: 0.00 | epoch: 1 pq: 10 rg: 32 | total time: 131.93m | eta: 1328.4m
step 00460/04980 (9.24%) | loss: 4.563639 | lrm: 1.00 | dt: 14982.95ms | tok/sec: 69,984 | bf16_mfu: 0.00 | epoch: 1 pq: 10 rg: 32 | total time: 132.18m | eta: 1327.6m
step 00461/04980 (9.26%) | loss: 4.565738 | lrm: 1.00 | dt: 14981.91ms | tok/sec: 69,989 | bf16_mfu: 0.00 | epoch: 1 pq: 10 rg: 40 | total time: 132.43m | eta: 1326.9m
step 00462/04980 (9.28%) | loss: 4.574841 | lrm: 1.00 | dt: 14993.00ms | tok/sec: 69,937 | bf16_mfu: 0.00 | epoch: 1 pq: 10 rg: 40 | total time: 132.68m | eta: 1326.2m
step 00463/04980 (9.30%) | loss: 4.577607 | lrm: 1.00 | dt: 14981.15ms | tok/sec: 69,993 | bf16_mfu: 0.00 | epoch: 1 pq: 10 rg: 40 | total time: 132.93m | eta: 1325.4m
step 00464/04980 (9.32%) | loss: 4.562436 | lrm: 1.00 | dt: 14990.74ms | tok/sec: 69,948 | bf16_mfu: 0.00 | epoch: 1 pq: 10 rg: 40 | total time: 133.18m | eta: 1324.7m
step 00465/04980 (9.34%) | loss: 4.555904 | lrm: 1.00 | dt: 14971.90ms | tok/sec: 70,036 | bf16_mfu: 0.00 | epoch: 1 pq: 10 rg: 40 | total time: 133.42m | eta: 1324.0m
step 00466/04980 (9.36%) | loss: 4.550777 | lrm: 1.00 | dt: 155009.39ms | tok/sec: 6,764 | bf16_mfu: 0.00 | epoch: 1 pq: 10 rg: 48 | total time: 136.01m | eta: 1346.4m
step 00467/04980 (9.38%) | loss: 4.550009 | lrm: 1.00 | dt: 14948.72ms | tok/sec: 70,144 | bf16_mfu: 0.00 | epoch: 1 pq: 10 rg: 48 | total time: 136.26m | eta: 1345.6m
step 00468/04980 (9.40%) | loss: 4.547914 | lrm: 1.00 | dt: 14971.63ms | tok/sec: 70,037 | bf16_mfu: 0.00 | epoch: 1 pq: 10 rg: 48 | total time: 136.51m | eta: 1344.8m
step 00469/04980 (9.42%) | loss: 4.554840 | lrm: 1.00 | dt: 14963.46ms | tok/sec: 70,075 | bf16_mfu: 0.00 | epoch: 1 pq: 10 rg: 48 | total time: 136.76m | eta: 1344.0m
step 00470/04980 (9.44%) | loss: 4.556154 | lrm: 1.00 | dt: 14984.68ms | tok/sec: 69,976 | bf16_mfu: 0.00 | epoch: 1 pq: 10 rg: 56 | total time: 137.01m | eta: 1343.3m
step 00471/04980 (9.46%) | loss: 4.531431 | lrm: 1.00 | dt: 14974.54ms | tok/sec: 70,023 | bf16_mfu: 0.00 | epoch: 1 pq: 10 rg: 56 | total time: 137.26m | eta: 1342.5m
step 00472/04980 (9.48%) | loss: 4.527184 | lrm: 1.00 | dt: 14987.05ms | tok/sec: 69,965 | bf16_mfu: 0.00 | epoch: 1 pq: 10 rg: 56 | total time: 137.51m | eta: 1341.7m
step 00473/04980 (9.50%) | loss: 4.540607 | lrm: 1.00 | dt: 14972.09ms | tok/sec: 70,035 | bf16_mfu: 0.00 | epoch: 1 pq: 10 rg: 56 | total time: 137.75m | eta: 1341.0m
step 00474/04980 (9.52%) | loss: 4.557424 | lrm: 1.00 | dt: 14957.96ms | tok/sec: 70,101 | bf16_mfu: 0.00 | epoch: 1 pq: 10 rg: 64 | total time: 138.00m | eta: 1340.2m
step 00475/04980 (9.54%) | loss: 4.578969 | lrm: 1.00 | dt: 14973.91ms | tok/sec: 70,026 | bf16_mfu: 0.00 | epoch: 1 pq: 10 rg: 64 | total time: 138.25m | eta: 1339.4m
step 00476/04980 (9.56%) | loss: 4.595350 | lrm: 1.00 | dt: 14961.16ms | tok/sec: 70,086 | bf16_mfu: 0.00 | epoch: 1 pq: 10 rg: 64 | total time: 138.50m | eta: 1338.7m
step 00477/04980 (9.58%) | loss: 4.606802 | lrm: 1.00 | dt: 14975.62ms | tok/sec: 70,018 | bf16_mfu: 0.00 | epoch: 1 pq: 10 rg: 64 | total time: 138.75m | eta: 1337.9m
step 00478/04980 (9.60%) | loss: 4.605947 | lrm: 1.00 | dt: 14973.17ms | tok/sec: 70,030 | bf16_mfu: 0.00 | epoch: 1 pq: 10 rg: 72 | total time: 139.00m | eta: 1337.2m
step 00479/04980 (9.62%) | loss: 4.629752 | lrm: 1.00 | dt: 14954.37ms | tok/sec: 70,118 | bf16_mfu: 0.00 | epoch: 1 pq: 10 rg: 72 | total time: 139.25m | eta: 1336.4m
step 00480/04980 (9.64%) | loss: 4.628968 | lrm: 1.00 | dt: 14990.45ms | tok/sec: 69,949 | bf16_mfu: 0.00 | epoch: 1 pq: 10 rg: 72 | total time: 139.50m | eta: 1335.7m
step 00481/04980 (9.66%) | loss: 4.626917 | lrm: 1.00 | dt: 14979.50ms | tok/sec: 70,000 | bf16_mfu: 0.00 | epoch: 1 pq: 10 rg: 72 | total time: 139.75m | eta: 1334.9m
step 00482/04980 (9.68%) | loss: 4.620646 | lrm: 1.00 | dt: 14995.85ms | tok/sec: 69,924 | bf16_mfu: 0.00 | epoch: 1 pq: 10 rg: 80 | total time: 140.00m | eta: 1334.2m
step 00483/04980 (9.70%) | loss: 4.613753 | lrm: 1.00 | dt: 14972.75ms | tok/sec: 70,032 | bf16_mfu: 0.00 | epoch: 1 pq: 10 rg: 80 | total time: 140.25m | eta: 1333.4m
step 00484/04980 (9.72%) | loss: 4.606074 | lrm: 1.00 | dt: 14975.93ms | tok/sec: 70,017 | bf16_mfu: 0.00 | epoch: 1 pq: 10 rg: 80 | total time: 140.50m | eta: 1332.7m
step 00485/04980 (9.74%) | loss: 4.593989 | lrm: 1.00 | dt: 14970.60ms | tok/sec: 70,042 | bf16_mfu: 0.00 | epoch: 1 pq: 10 rg: 80 | total time: 140.75m | eta: 1331.9m
step 00486/04980 (9.76%) | loss: 4.594378 | lrm: 1.00 | dt: 14984.34ms | tok/sec: 69,978 | bf16_mfu: 0.00 | epoch: 1 pq: 11 rg: 0 | total time: 141.00m | eta: 1331.2m
step 00487/04980 (9.78%) | loss: 4.573813 | lrm: 1.00 | dt: 14994.91ms | tok/sec: 69,928 | bf16_mfu: 0.00 | epoch: 1 pq: 11 rg: 0 | total time: 141.25m | eta: 1330.5m
step 00488/04980 (9.80%) | loss: 4.575411 | lrm: 1.00 | dt: 14955.56ms | tok/sec: 70,112 | bf16_mfu: 0.00 | epoch: 1 pq: 11 rg: 0 | total time: 141.50m | eta: 1329.7m
step 00489/04980 (9.82%) | loss: 4.565173 | lrm: 1.00 | dt: 14957.63ms | tok/sec: 70,103 | bf16_mfu: 0.00 | epoch: 1 pq: 11 rg: 0 | total time: 141.75m | eta: 1329.0m
step 00490/04980 (9.84%) | loss: 4.558589 | lrm: 1.00 | dt: 14965.67ms | tok/sec: 70,065 | bf16_mfu: 0.00 | epoch: 1 pq: 11 rg: 8 | total time: 142.00m | eta: 1328.3m
step 00491/04980 (9.86%) | loss: 4.554124 | lrm: 1.00 | dt: 14973.49ms | tok/sec: 70,028 | bf16_mfu: 0.00 | epoch: 1 pq: 11 rg: 8 | total time: 142.25m | eta: 1327.5m
step 00492/04980 (9.88%) | loss: 4.547656 | lrm: 1.00 | dt: 14977.11ms | tok/sec: 70,011 | bf16_mfu: 0.00 | epoch: 1 pq: 11 rg: 8 | total time: 142.50m | eta: 1326.8m
step 00493/04980 (9.90%) | loss: 4.537641 | lrm: 1.00 | dt: 14978.37ms | tok/sec: 70,006 | bf16_mfu: 0.00 | epoch: 1 pq: 11 rg: 8 | total time: 142.75m | eta: 1326.1m
step 00494/04980 (9.92%) | loss: 4.538729 | lrm: 1.00 | dt: 14955.43ms | tok/sec: 70,113 | bf16_mfu: 0.00 | epoch: 1 pq: 11 rg: 16 | total time: 143.00m | eta: 1325.4m
step 00495/04980 (9.94%) | loss: 4.528005 | lrm: 1.00 | dt: 14963.27ms | tok/sec: 70,076 | bf16_mfu: 0.00 | epoch: 1 pq: 11 rg: 16 | total time: 143.24m | eta: 1324.6m
step 00496/04980 (9.96%) | loss: 4.537261 | lrm: 1.00 | dt: 157014.09ms | tok/sec: 6,678 | bf16_mfu: 0.00 | epoch: 1 pq: 11 rg: 16 | total time: 145.86m | eta: 1345.8m
step 00497/04980 (9.98%) | loss: 4.544524 | lrm: 1.00 | dt: 14979.13ms | tok/sec: 70,002 | bf16_mfu: 0.00 | epoch: 1 pq: 11 rg: 16 | total time: 146.11m | eta: 1345.0m
step 00498/04980 (10.00%) | loss: 4.541941 | lrm: 1.00 | dt: 14966.32ms | tok/sec: 70,062 | bf16_mfu: 0.00 | epoch: 1 pq: 11 rg: 16 | total time: 146.36m | eta: 1344.2m
step 00499/04980 (10.02%) | loss: 4.514137 | lrm: 1.00 | dt: 14977.09ms | tok/sec: 70,011 | bf16_mfu: 0.00 | epoch: 1 pq: 11 rg: 24 | total time: 146.61m | eta: 1343.5m
Step 00500 | Validation bpb: 1.368482
hytorch: step 500 channel commit=22.7% overflow=77.3% abort=0.0%
step 00500/04980 (10.04%) | loss: 4.507981 | lrm: 1.00 | dt: 30921.75ms | tok/sec: 33,910 | bf16_mfu: 0.00 | epoch: 1 pq: 11 rg: 24 | total time: 147.13m | eta: 1345.1m
step 00501/04980 (10.06%) | loss: 4.518233 | lrm: 1.00 | dt: 14898.03ms | tok/sec: 70,383 | bf16_mfu: 0.00 | epoch: 1 pq: 11 rg: 24 | total time: 147.37m | eta: 1344.4m
step 00502/04980 (10.08%) | loss: 4.519601 | lrm: 1.00 | dt: 14922.21ms | tok/sec: 70,269 | bf16_mfu: 0.00 | epoch: 1 pq: 11 rg: 24 | total time: 147.62m | eta: 1343.6m
step 00503/04980 (10.10%) | loss: 4.523548 | lrm: 1.00 | dt: 14932.61ms | tok/sec: 70,220 | bf16_mfu: 0.00 | epoch: 1 pq: 11 rg: 32 | total time: 147.87m | eta: 1342.8m
step 00504/04980 (10.12%) | loss: 4.518488 | lrm: 1.00 | dt: 14927.06ms | tok/sec: 70,246 | bf16_mfu: 0.00 | epoch: 1 pq: 11 rg: 32 | total time: 148.12m | eta: 1342.1m
step 00505/04980 (10.14%) | loss: 4.531370 | lrm: 1.00 | dt: 14916.70ms | tok/sec: 70,295 | bf16_mfu: 0.00 | epoch: 1 pq: 11 rg: 32 | total time: 148.37m | eta: 1341.3m
step 00506/04980 (10.16%) | loss: 4.531628 | lrm: 1.00 | dt: 14915.28ms | tok/sec: 70,302 | bf16_mfu: 0.00 | epoch: 1 pq: 11 rg: 32 | total time: 148.62m | eta: 1340.6m
step 00507/04980 (10.18%) | loss: 4.519048 | lrm: 1.00 | dt: 14973.09ms | tok/sec: 70,030 | bf16_mfu: 0.00 | epoch: 1 pq: 11 rg: 40 | total time: 148.87m | eta: 1339.8m
step 00508/04980 (10.20%) | loss: 4.511912 | lrm: 1.00 | dt: 14920.27ms | tok/sec: 70,278 | bf16_mfu: 0.00 | epoch: 1 pq: 11 rg: 40 | total time: 149.12m | eta: 1339.0m
step 00509/04980 (10.22%) | loss: 4.504361 | lrm: 1.00 | dt: 14926.89ms | tok/sec: 70,247 | bf16_mfu: 0.00 | epoch: 1 pq: 11 rg: 40 | total time: 149.36m | eta: 1338.3m
step 00510/04980 (10.24%) | loss: 4.500349 | lrm: 1.00 | dt: 14913.09ms | tok/sec: 70,312 | bf16_mfu: 0.00 | epoch: 1 pq: 11 rg: 40 | total time: 149.61m | eta: 1337.5m
step 00511/04980 (10.26%) | loss: 4.504222 | lrm: 1.00 | dt: 14922.00ms | tok/sec: 70,270 | bf16_mfu: 0.00 | epoch: 1 pq: 11 rg: 48 | total time: 149.86m | eta: 1336.8m
step 00512/04980 (10.28%) | loss: 4.505873 | lrm: 1.00 | dt: 14924.79ms | tok/sec: 70,257 | bf16_mfu: 0.00 | epoch: 1 pq: 11 rg: 48 | total time: 150.11m | eta: 1336.0m
step 00513/04980 (10.30%) | loss: 4.513426 | lrm: 1.00 | dt: 14925.55ms | tok/sec: 70,253 | bf16_mfu: 0.00 | epoch: 1 pq: 11 rg: 48 | total time: 150.36m | eta: 1335.3m
step 00514/04980 (10.32%) | loss: 4.509304 | lrm: 1.00 | dt: 14921.55ms | tok/sec: 70,272 | bf16_mfu: 0.00 | epoch: 1 pq: 11 rg: 48 | total time: 150.61m | eta: 1334.6m
step 00515/04980 (10.34%) | loss: 4.500948 | lrm: 1.00 | dt: 14929.04ms | tok/sec: 70,237 | bf16_mfu: 0.00 | epoch: 1 pq: 11 rg: 56 | total time: 150.86m | eta: 1333.8m
step 00516/04980 (10.36%) | loss: 4.493977 | lrm: 1.00 | dt: 14938.83ms | tok/sec: 70,191 | bf16_mfu: 0.00 | epoch: 1 pq: 11 rg: 56 | total time: 151.11m | eta: 1333.1m
step 00517/04980 (10.38%) | loss: 4.493125 | lrm: 1.00 | dt: 14916.31ms | tok/sec: 70,297 | bf16_mfu: 0.00 | epoch: 1 pq: 11 rg: 56 | total time: 151.35m | eta: 1332.3m
step 00518/04980 (10.40%) | loss: 4.497427 | lrm: 1.00 | dt: 14919.37ms | tok/sec: 70,282 | bf16_mfu: 0.00 | epoch: 1 pq: 11 rg: 56 | total time: 151.60m | eta: 1331.6m
step 00519/04980 (10.42%) | loss: 4.473969 | lrm: 1.00 | dt: 14919.89ms | tok/sec: 70,280 | bf16_mfu: 0.00 | epoch: 1 pq: 11 rg: 64 | total time: 151.85m | eta: 1330.9m
step 00520/04980 (10.44%) | loss: 4.460710 | lrm: 1.00 | dt: 14929.72ms | tok/sec: 70,234 | bf16_mfu: 0.00 | epoch: 1 pq: 11 rg: 64 | total time: 152.10m | eta: 1330.1m
step 00521/04980 (10.46%) | loss: 4.460828 | lrm: 1.00 | dt: 14929.34ms | tok/sec: 70,235 | bf16_mfu: 0.00 | epoch: 1 pq: 11 rg: 64 | total time: 152.35m | eta: 1329.4m
step 00522/04980 (10.48%) | loss: 4.462388 | lrm: 1.00 | dt: 14979.27ms | tok/sec: 70,001 | bf16_mfu: 0.00 | epoch: 1 pq: 11 rg: 64 | total time: 152.60m | eta: 1328.7m
step 00523/04980 (10.50%) | loss: 4.465818 | lrm: 1.00 | dt: 15086.46ms | tok/sec: 69,504 | bf16_mfu: 0.00 | epoch: 1 pq: 11 rg: 64 | total time: 152.85m | eta: 1328.0m
step 00524/04980 (10.52%) | loss: 4.456884 | lrm: 1.00 | dt: 14927.52ms | tok/sec: 70,244 | bf16_mfu: 0.00 | epoch: 1 pq: 11 rg: 72 | total time: 153.10m | eta: 1327.3m
step 00525/04980 (10.54%) | loss: 4.449747 | lrm: 1.00 | dt: 14950.72ms | tok/sec: 70,135 | bf16_mfu: 0.00 | epoch: 1 pq: 11 rg: 72 | total time: 153.35m | eta: 1326.5m
step 00526/04980 (10.56%) | loss: 4.468240 | lrm: 1.00 | dt: 14972.78ms | tok/sec: 70,032 | bf16_mfu: 0.00 | epoch: 1 pq: 11 rg: 72 | total time: 153.60m | eta: 1325.8m
step 00527/04980 (10.58%) | loss: 4.463196 | lrm: 1.00 | dt: 205797.83ms | tok/sec: 5,095 | bf16_mfu: 0.00 | epoch: 1 pq: 11 rg: 72 | total time: 157.03m | eta: 1352.5m
step 00528/04980 (10.60%) | loss: 4.447854 | lrm: 1.00 | dt: 15028.99ms | tok/sec: 69,770 | bf16_mfu: 0.00 | epoch: 1 pq: 11 rg: 80 | total time: 157.28m | eta: 1351.7m
step 00529/04980 (10.62%) | loss: 4.449064 | lrm: 1.00 | dt: 14994.14ms | tok/sec: 69,932 | bf16_mfu: 0.00 | epoch: 1 pq: 11 rg: 80 | total time: 157.53m | eta: 1351.0m
step 00530/04980 (10.64%) | loss: 4.476016 | lrm: 1.00 | dt: 15013.73ms | tok/sec: 69,841 | bf16_mfu: 0.00 | epoch: 1 pq: 11 rg: 80 | total time: 157.78m | eta: 1350.2m
step 00531/04980 (10.66%) | loss: 4.489024 | lrm: 1.00 | dt: 14990.79ms | tok/sec: 69,947 | bf16_mfu: 0.00 | epoch: 1 pq: 11 rg: 80 | total time: 158.03m | eta: 1349.5m
step 00532/04980 (10.68%) | loss: 4.493342 | lrm: 1.00 | dt: 15011.35ms | tok/sec: 69,852 | bf16_mfu: 0.00 | epoch: 1 pq: 12 rg: 0 | total time: 158.28m | eta: 1348.7m
step 00533/04980 (10.70%) | loss: 4.502783 | lrm: 1.00 | dt: 14992.99ms | tok/sec: 69,937 | bf16_mfu: 0.00 | epoch: 1 pq: 12 rg: 0 | total time: 158.53m | eta: 1347.9m
step 00534/04980 (10.72%) | loss: 4.492752 | lrm: 1.00 | dt: 15010.63ms | tok/sec: 69,855 | bf16_mfu: 0.00 | epoch: 1 pq: 12 rg: 0 | total time: 158.78m | eta: 1347.2m
step 00535/04980 (10.74%) | loss: 4.509762 | lrm: 1.00 | dt: 15000.70ms | tok/sec: 69,901 | bf16_mfu: 0.00 | epoch: 1 pq: 12 rg: 0 | total time: 159.03m | eta: 1346.4m
step 00536/04980 (10.76%) | loss: 4.515075 | lrm: 1.00 | dt: 15009.66ms | tok/sec: 69,860 | bf16_mfu: 0.00 | epoch: 1 pq: 12 rg: 8 | total time: 159.28m | eta: 1345.7m
step 00537/04980 (10.78%) | loss: 4.518358 | lrm: 1.00 | dt: 14977.11ms | tok/sec: 70,011 | bf16_mfu: 0.00 | epoch: 1 pq: 12 rg: 8 | total time: 159.53m | eta: 1344.9m
step 00538/04980 (10.80%) | loss: 4.508593 | lrm: 1.00 | dt: 14981.94ms | tok/sec: 69,989 | bf16_mfu: 0.00 | epoch: 1 pq: 12 rg: 8 | total time: 159.78m | eta: 1344.2m
step 00539/04980 (10.82%) | loss: 4.501451 | lrm: 1.00 | dt: 14956.56ms | tok/sec: 70,108 | bf16_mfu: 0.00 | epoch: 1 pq: 12 rg: 8 | total time: 160.03m | eta: 1343.4m
step 00540/04980 (10.84%) | loss: 4.497125 | lrm: 1.00 | dt: 14965.82ms | tok/sec: 70,064 | bf16_mfu: 0.00 | epoch: 1 pq: 12 rg: 16 | total time: 160.28m | eta: 1342.7m
step 00541/04980 (10.86%) | loss: 4.486116 | lrm: 1.00 | dt: 14972.53ms | tok/sec: 70,033 | bf16_mfu: 0.00 | epoch: 1 pq: 12 rg: 16 | total time: 160.53m | eta: 1342.0m
step 00542/04980 (10.88%) | loss: 4.470633 | lrm: 1.00 | dt: 14955.79ms | tok/sec: 70,111 | bf16_mfu: 0.00 | epoch: 1 pq: 12 rg: 16 | total time: 160.78m | eta: 1341.2m
step 00543/04980 (10.90%) | loss: 4.461742 | lrm: 1.00 | dt: 14961.68ms | tok/sec: 70,084 | bf16_mfu: 0.00 | epoch: 1 pq: 12 rg: 16 | total time: 161.02m | eta: 1340.5m
step 00544/04980 (10.92%) | loss: 4.459773 | lrm: 1.00 | dt: 14951.62ms | tok/sec: 70,131 | bf16_mfu: 0.00 | epoch: 1 pq: 12 rg: 24 | total time: 161.27m | eta: 1339.7m
step 00545/04980 (10.94%) | loss: 4.455793 | lrm: 1.00 | dt: 14974.70ms | tok/sec: 70,023 | bf16_mfu: 0.00 | epoch: 1 pq: 12 rg: 24 | total time: 161.52m | eta: 1339.0m
step 00546/04980 (10.96%) | loss: 4.447344 | lrm: 1.00 | dt: 14960.70ms | tok/sec: 70,088 | bf16_mfu: 0.00 | epoch: 1 pq: 12 rg: 24 | total time: 161.77m | eta: 1338.2m
step 00547/04980 (10.98%) | loss: 4.442211 | lrm: 1.00 | dt: 14971.28ms | tok/sec: 70,039 | bf16_mfu: 0.00 | epoch: 1 pq: 12 rg: 24 | total time: 162.02m | eta: 1337.5m
step 00548/04980 (11.00%) | loss: 4.438500 | lrm: 1.00 | dt: 14917.50ms | tok/sec: 70,291 | bf16_mfu: 0.00 | epoch: 1 pq: 12 rg: 32 | total time: 162.27m | eta: 1336.8m
step 00549/04980 (11.02%) | loss: 4.424783 | lrm: 1.00 | dt: 14885.95ms | tok/sec: 70,440 | bf16_mfu: 0.00 | epoch: 1 pq: 12 rg: 32 | total time: 162.52m | eta: 1336.0m
hytorch: step 550 channel commit=23.4% overflow=76.6% abort=0.0%
step 00550/04980 (11.04%) | loss: 4.426078 | lrm: 1.00 | dt: 14957.79ms | tok/sec: 70,102 | bf16_mfu: 0.00 | epoch: 1 pq: 12 rg: 32 | total time: 162.77m | eta: 1335.3m
step 00551/04980 (11.06%) | loss: 4.419026 | lrm: 1.00 | dt: 14877.95ms | tok/sec: 70,478 | bf16_mfu: 0.00 | epoch: 1 pq: 12 rg: 32 | total time: 163.02m | eta: 1334.6m
step 00552/04980 (11.08%) | loss: 4.422496 | lrm: 1.00 | dt: 14918.75ms | tok/sec: 70,285 | bf16_mfu: 0.00 | epoch: 1 pq: 12 rg: 40 | total time: 163.27m | eta: 1333.8m
step 00553/04980 (11.10%) | loss: 4.413418 | lrm: 1.00 | dt: 14888.08ms | tok/sec: 70,430 | bf16_mfu: 0.00 | epoch: 1 pq: 12 rg: 40 | total time: 163.51m | eta: 1333.1m
step 00554/04980 (11.12%) | loss: 4.418493 | lrm: 1.00 | dt: 14905.17ms | tok/sec: 70,349 | bf16_mfu: 0.00 | epoch: 1 pq: 12 rg: 40 | total time: 163.76m | eta: 1332.4m
step 00555/04980 (11.14%) | loss: 4.430996 | lrm: 1.00 | dt: 14942.62ms | tok/sec: 70,173 | bf16_mfu: 0.00 | epoch: 1 pq: 12 rg: 40 | total time: 164.01m | eta: 1331.6m
step 00556/04980 (11.16%) | loss: 4.445017 | lrm: 1.00 | dt: 14908.30ms | tok/sec: 70,335 | bf16_mfu: 0.00 | epoch: 1 pq: 12 rg: 48 | total time: 164.26m | eta: 1330.9m
step 00557/04980 (11.18%) | loss: 4.459325 | lrm: 1.00 | dt: 14918.35ms | tok/sec: 70,287 | bf16_mfu: 0.00 | epoch: 1 pq: 12 rg: 48 | total time: 164.51m | eta: 1330.2m
step 00558/04980 (11.20%) | loss: 4.473424 | lrm: 1.00 | dt: 14909.34ms | tok/sec: 70,330 | bf16_mfu: 0.00 | epoch: 1 pq: 12 rg: 48 | total time: 164.76m | eta: 1329.5m
step 00559/04980 (11.22%) | loss: 4.481968 | lrm: 1.00 | dt: 204203.12ms | tok/sec: 5,134 | bf16_mfu: 0.00 | epoch: 1 pq: 12 rg: 48 | total time: 168.16m | eta: 1354.2m
step 00560/04980 (11.24%) | loss: 4.485063 | lrm: 1.00 | dt: 14904.59ms | tok/sec: 70,352 | bf16_mfu: 0.00 | epoch: 1 pq: 12 rg: 56 | total time: 168.41m | eta: 1353.4m
step 00561/04980 (11.27%) | loss: 4.489015 | lrm: 1.00 | dt: 14873.64ms | tok/sec: 70,498 | bf16_mfu: 0.00 | epoch: 1 pq: 12 rg: 56 | total time: 168.66m | eta: 1352.6m
step 00562/04980 (11.29%) | loss: 4.487937 | lrm: 1.00 | dt: 14885.20ms | tok/sec: 70,444 | bf16_mfu: 0.00 | epoch: 1 pq: 12 rg: 56 | total time: 168.90m | eta: 1351.8m
step 00563/04980 (11.31%) | loss: 4.491023 | lrm: 1.00 | dt: 14897.82ms | tok/sec: 70,384 | bf16_mfu: 0.00 | epoch: 1 pq: 12 rg: 56 | total time: 169.15m | eta: 1351.1m
step 00564/04980 (11.33%) | loss: 4.485056 | lrm: 1.00 | dt: 14903.22ms | tok/sec: 70,359 | bf16_mfu: 0.00 | epoch: 1 pq: 12 rg: 64 | total time: 169.40m | eta: 1350.3m
step 00565/04980 (11.35%) | loss: 4.490023 | lrm: 1.00 | dt: 14888.33ms | tok/sec: 70,429 | bf16_mfu: 0.00 | epoch: 1 pq: 12 rg: 64 | total time: 169.65m | eta: 1349.6m
step 00566/04980 (11.37%) | loss: 4.477830 | lrm: 1.00 | dt: 14908.90ms | tok/sec: 70,332 | bf16_mfu: 0.00 | epoch: 1 pq: 12 rg: 64 | total time: 169.90m | eta: 1348.8m
step 00567/04980 (11.39%) | loss: 4.480014 | lrm: 1.00 | dt: 14886.64ms | tok/sec: 70,437 | bf16_mfu: 0.00 | epoch: 1 pq: 12 rg: 64 | total time: 170.15m | eta: 1348.0m
step 00568/04980 (11.41%) | loss: 4.472811 | lrm: 1.00 | dt: 14904.78ms | tok/sec: 70,351 | bf16_mfu: 0.00 | epoch: 1 pq: 12 rg: 72 | total time: 170.39m | eta: 1347.3m
step 00569/04980 (11.43%) | loss: 4.467915 | lrm: 1.00 | dt: 14875.07ms | tok/sec: 70,492 | bf16_mfu: 0.00 | epoch: 1 pq: 12 rg: 72 | total time: 170.64m | eta: 1346.5m
step 00570/04980 (11.45%) | loss: 4.459843 | lrm: 1.00 | dt: 14877.14ms | tok/sec: 70,482 | bf16_mfu: 0.00 | epoch: 1 pq: 12 rg: 72 | total time: 170.89m | eta: 1345.8m
step 00571/04980 (11.47%) | loss: 4.470419 | lrm: 1.00 | dt: 14880.38ms | tok/sec: 70,467 | bf16_mfu: 0.00 | epoch: 1 pq: 12 rg: 72 | total time: 171.14m | eta: 1345.0m
step 00572/04980 (11.49%) | loss: 4.459411 | lrm: 1.00 | dt: 14872.01ms | tok/sec: 70,506 | bf16_mfu: 0.00 | epoch: 1 pq: 12 rg: 72 | total time: 171.39m | eta: 1344.2m
step 00573/04980 (11.51%) | loss: 4.455268 | lrm: 1.00 | dt: 14882.80ms | tok/sec: 70,455 | bf16_mfu: 0.00 | epoch: 1 pq: 12 rg: 80 | total time: 171.63m | eta: 1343.5m
step 00574/04980 (11.53%) | loss: 4.447310 | lrm: 1.00 | dt: 14867.46ms | tok/sec: 70,528 | bf16_mfu: 0.00 | epoch: 1 pq: 12 rg: 80 | total time: 171.88m | eta: 1342.7m
step 00575/04980 (11.55%) | loss: 4.447522 | lrm: 1.00 | dt: 14864.51ms | tok/sec: 70,542 | bf16_mfu: 0.00 | epoch: 1 pq: 12 rg: 80 | total time: 172.13m | eta: 1342.0m
step 00576/04980 (11.57%) | loss: 4.454233 | lrm: 1.00 | dt: 14871.38ms | tok/sec: 70,509 | bf16_mfu: 0.00 | epoch: 1 pq: 12 rg: 80 | total time: 172.38m | eta: 1341.3m
step 00577/04980 (11.59%) | loss: 4.443069 | lrm: 1.00 | dt: 14889.69ms | tok/sec: 70,422 | bf16_mfu: 0.00 | epoch: 1 pq: 13 rg: 0 | total time: 172.63m | eta: 1340.5m
step 00578/04980 (11.61%) | loss: 4.435197 | lrm: 1.00 | dt: 14914.39ms | tok/sec: 70,306 | bf16_mfu: 0.00 | epoch: 1 pq: 13 rg: 0 | total time: 172.87m | eta: 1339.8m
step 00579/04980 (11.63%) | loss: 4.421719 | lrm: 1.00 | dt: 14871.43ms | tok/sec: 70,509 | bf16_mfu: 0.00 | epoch: 1 pq: 13 rg: 0 | total time: 173.12m | eta: 1339.0m
step 00580/04980 (11.65%) | loss: 4.411285 | lrm: 1.00 | dt: 14893.23ms | tok/sec: 70,406 | bf16_mfu: 0.00 | epoch: 1 pq: 13 rg: 0 | total time: 173.37m | eta: 1338.3m
step 00581/04980 (11.67%) | loss: 4.399536 | lrm: 1.00 | dt: 14882.41ms | tok/sec: 70,457 | bf16_mfu: 0.00 | epoch: 1 pq: 13 rg: 8 | total time: 173.62m | eta: 1337.6m
step 00582/04980 (11.69%) | loss: 4.389694 | lrm: 1.00 | dt: 14872.01ms | tok/sec: 70,506 | bf16_mfu: 0.00 | epoch: 1 pq: 13 rg: 8 | total time: 173.87m | eta: 1336.8m
step 00583/04980 (11.71%) | loss: 4.397062 | lrm: 1.00 | dt: 14876.59ms | tok/sec: 70,484 | bf16_mfu: 0.00 | epoch: 1 pq: 13 rg: 8 | total time: 174.11m | eta: 1336.1m
step 00584/04980 (11.73%) | loss: 4.368542 | lrm: 1.00 | dt: 14875.88ms | tok/sec: 70,488 | bf16_mfu: 0.00 | epoch: 1 pq: 13 rg: 8 | total time: 174.36m | eta: 1335.4m
step 00585/04980 (11.75%) | loss: 4.374786 | lrm: 1.00 | dt: 14881.88ms | tok/sec: 70,459 | bf16_mfu: 0.00 | epoch: 1 pq: 13 rg: 16 | total time: 174.61m | eta: 1334.6m
step 00586/04980 (11.77%) | loss: 4.381293 | lrm: 1.00 | dt: 14920.43ms | tok/sec: 70,277 | bf16_mfu: 0.00 | epoch: 1 pq: 13 rg: 16 | total time: 174.86m | eta: 1333.9m
step 00587/04980 (11.79%) | loss: 4.385518 | lrm: 1.00 | dt: 14934.66ms | tok/sec: 70,210 | bf16_mfu: 0.00 | epoch: 1 pq: 13 rg: 16 | total time: 175.11m | eta: 1333.2m
step 00588/04980 (11.81%) | loss: 4.398455 | lrm: 1.00 | dt: 14890.83ms | tok/sec: 70,417 | bf16_mfu: 0.00 | epoch: 1 pq: 13 rg: 16 | total time: 175.36m | eta: 1332.5m
step 00589/04980 (11.83%) | loss: 4.397985 | lrm: 1.00 | dt: 14894.33ms | tok/sec: 70,401 | bf16_mfu: 0.00 | epoch: 1 pq: 13 rg: 24 | total time: 175.60m | eta: 1331.7m
step 00590/04980 (11.85%) | loss: 4.389040 | lrm: 1.00 | dt: 14873.37ms | tok/sec: 70,500 | bf16_mfu: 0.00 | epoch: 1 pq: 13 rg: 24 | total time: 175.85m | eta: 1331.0m
step 00591/04980 (11.87%) | loss: 4.393389 | lrm: 1.00 | dt: 205217.99ms | tok/sec: 5,109 | bf16_mfu: 0.00 | epoch: 1 pq: 13 rg: 24 | total time: 179.27m | eta: 1354.3m
step 00592/04980 (11.89%) | loss: 4.403658 | lrm: 1.00 | dt: 14880.51ms | tok/sec: 70,466 | bf16_mfu: 0.00 | epoch: 1 pq: 13 rg: 24 | total time: 179.52m | eta: 1353.5m
step 00593/04980 (11.91%) | loss: 4.379163 | lrm: 1.00 | dt: 14888.91ms | tok/sec: 70,426 | bf16_mfu: 0.00 | epoch: 1 pq: 13 rg: 32 | total time: 179.77m | eta: 1352.7m
step 00594/04980 (11.93%) | loss: 4.382360 | lrm: 1.00 | dt: 14877.31ms | tok/sec: 70,481 | bf16_mfu: 0.00 | epoch: 1 pq: 13 rg: 32 | total time: 180.02m | eta: 1352.0m
step 00595/04980 (11.95%) | loss: 4.386963 | lrm: 1.00 | dt: 14875.50ms | tok/sec: 70,490 | bf16_mfu: 0.00 | epoch: 1 pq: 13 rg: 32 | total time: 180.26m | eta: 1351.2m
step 00596/04980 (11.97%) | loss: 4.389219 | lrm: 1.00 | dt: 14898.31ms | tok/sec: 70,382 | bf16_mfu: 0.00 | epoch: 1 pq: 13 rg: 32 | total time: 180.51m | eta: 1350.5m
step 00597/04980 (11.99%) | loss: 4.399648 | lrm: 1.00 | dt: 14882.91ms | tok/sec: 70,455 | bf16_mfu: 0.00 | epoch: 1 pq: 13 rg: 40 | total time: 180.76m | eta: 1349.7m
step 00598/04980 (12.01%) | loss: 4.391370 | lrm: 1.00 | dt: 14885.66ms | tok/sec: 70,442 | bf16_mfu: 0.00 | epoch: 1 pq: 13 rg: 40 | total time: 181.01m | eta: 1348.9m
step 00599/04980 (12.03%) | loss: 4.369727 | lrm: 1.00 | dt: 14873.21ms | tok/sec: 70,500 | bf16_mfu: 0.00 | epoch: 1 pq: 13 rg: 40 | total time: 181.26m | eta: 1348.2m
hytorch: step 600 channel commit=22.9% overflow=77.1% abort=0.0%
step 00600/04980 (12.05%) | loss: 4.374777 | lrm: 1.00 | dt: 31105.53ms | tok/sec: 33,710 | bf16_mfu: 0.00 | epoch: 1 pq: 13 rg: 40 | total time: 181.77m | eta: 1349.4m
step 00601/04980 (12.07%) | loss: 4.376683 | lrm: 1.00 | dt: 14921.72ms | tok/sec: 70,271 | bf16_mfu: 0.00 | epoch: 1 pq: 13 rg: 40 | total time: 182.02m | eta: 1348.7m
step 00602/04980 (12.09%) | loss: 4.373880 | lrm: 1.00 | dt: 14950.21ms | tok/sec: 70,137 | bf16_mfu: 0.00 | epoch: 1 pq: 13 rg: 48 | total time: 182.27m | eta: 1348.0m
step 00603/04980 (12.11%) | loss: 4.371887 | lrm: 1.00 | dt: 14902.05ms | tok/sec: 70,364 | bf16_mfu: 0.00 | epoch: 1 pq: 13 rg: 48 | total time: 182.52m | eta: 1347.2m
step 00604/04980 (12.13%) | loss: 4.374556 | lrm: 1.00 | dt: 14924.80ms | tok/sec: 70,257 | bf16_mfu: 0.00 | epoch: 1 pq: 13 rg: 48 | total time: 182.77m | eta: 1346.5m
step 00605/04980 (12.15%) | loss: 4.359527 | lrm: 1.00 | dt: 14943.14ms | tok/sec: 70,171 | bf16_mfu: 0.00 | epoch: 1 pq: 13 rg: 48 | total time: 183.02m | eta: 1345.7m
step 00606/04980 (12.17%) | loss: 4.361873 | lrm: 1.00 | dt: 14945.87ms | tok/sec: 70,158 | bf16_mfu: 0.00 | epoch: 1 pq: 13 rg: 56 | total time: 183.27m | eta: 1345.0m
step 00607/04980 (12.19%) | loss: 4.362730 | lrm: 1.00 | dt: 14909.17ms | tok/sec: 70,330 | bf16_mfu: 0.00 | epoch: 1 pq: 13 rg: 56 | total time: 183.52m | eta: 1344.3m
step 00608/04980 (12.21%) | loss: 4.382972 | lrm: 1.00 | dt: 14930.35ms | tok/sec: 70,231 | bf16_mfu: 0.00 | epoch: 1 pq: 13 rg: 56 | total time: 183.77m | eta: 1343.5m
step 00609/04980 (12.23%) | loss: 4.375113 | lrm: 1.00 | dt: 14915.11ms | tok/sec: 70,302 | bf16_mfu: 0.00 | epoch: 1 pq: 13 rg: 56 | total time: 184.01m | eta: 1342.8m
step 00610/04980 (12.25%) | loss: 4.375774 | lrm: 1.00 | dt: 14940.94ms | tok/sec: 70,181 | bf16_mfu: 0.00 | epoch: 1 pq: 13 rg: 64 | total time: 184.26m | eta: 1342.0m
step 00611/04980 (12.27%) | loss: 4.390432 | lrm: 1.00 | dt: 14933.74ms | tok/sec: 70,215 | bf16_mfu: 0.00 | epoch: 1 pq: 13 rg: 64 | total time: 184.51m | eta: 1341.3m
step 00612/04980 (12.29%) | loss: 4.403177 | lrm: 1.00 | dt: 14919.71ms | tok/sec: 70,281 | bf16_mfu: 0.00 | epoch: 1 pq: 13 rg: 64 | total time: 184.76m | eta: 1340.6m
step 00613/04980 (12.31%) | loss: 4.397250 | lrm: 1.00 | dt: 14890.46ms | tok/sec: 70,419 | bf16_mfu: 0.00 | epoch: 1 pq: 13 rg: 64 | total time: 185.01m | eta: 1339.9m
step 00614/04980 (12.33%) | loss: 4.406849 | lrm: 1.00 | dt: 14884.25ms | tok/sec: 70,448 | bf16_mfu: 0.00 | epoch: 1 pq: 13 rg: 72 | total time: 185.26m | eta: 1339.1m
step 00615/04980 (12.35%) | loss: 4.418052 | lrm: 1.00 | dt: 14896.10ms | tok/sec: 70,392 | bf16_mfu: 0.00 | epoch: 1 pq: 13 rg: 72 | total time: 185.50m | eta: 1338.4m
step 00616/04980 (12.37%) | loss: 4.427130 | lrm: 1.00 | dt: 14879.76ms | tok/sec: 70,469 | bf16_mfu: 0.00 | epoch: 1 pq: 13 rg: 72 | total time: 185.75m | eta: 1337.7m
step 00617/04980 (12.39%) | loss: 4.424319 | lrm: 1.00 | dt: 14894.30ms | tok/sec: 70,401 | bf16_mfu: 0.00 | epoch: 1 pq: 13 rg: 72 | total time: 186.00m | eta: 1336.9m
step 00618/04980 (12.41%) | loss: 4.420282 | lrm: 1.00 | dt: 14897.28ms | tok/sec: 70,387 | bf16_mfu: 0.00 | epoch: 1 pq: 13 rg: 80 | total time: 186.25m | eta: 1336.2m
step 00619/04980 (12.43%) | loss: 4.432293 | lrm: 1.00 | dt: 14979.26ms | tok/sec: 70,001 | bf16_mfu: 0.00 | epoch: 1 pq: 13 rg: 80 | total time: 186.50m | eta: 1335.5m
step 00620/04980 (12.45%) | loss: 4.424555 | lrm: 1.00 | dt: 14975.99ms | tok/sec: 70,017 | bf16_mfu: 0.00 | epoch: 1 pq: 13 rg: 80 | total time: 186.75m | eta: 1334.8m
step 00621/04980 (12.47%) | loss: 4.416710 | lrm: 1.00 | dt: 14963.45ms | tok/sec: 70,075 | bf16_mfu: 0.00 | epoch: 1 pq: 13 rg: 80 | total time: 187.00m | eta: 1334.1m
step 00622/04980 (12.49%) | loss: 4.404493 | lrm: 1.00 | dt: 14963.62ms | tok/sec: 70,075 | bf16_mfu: 0.00 | epoch: 1 pq: 14 rg: 0 | total time: 187.25m | eta: 1333.4m
step 00623/04980 (12.51%) | loss: 4.399995 | lrm: 1.00 | dt: 14973.16ms | tok/sec: 70,030 | bf16_mfu: 0.00 | epoch: 1 pq: 14 rg: 0 | total time: 187.50m | eta: 1332.7m
step 00624/04980 (12.53%) | loss: 4.393819 | lrm: 1.00 | dt: 238664.22ms | tok/sec: 4,393 | bf16_mfu: 0.00 | epoch: 1 pq: 14 rg: 0 | total time: 191.47m | eta: 1358.4m
step 00625/04980 (12.55%) | loss: 4.385872 | lrm: 1.00 | dt: 14938.66ms | tok/sec: 70,192 | bf16_mfu: 0.00 | epoch: 1 pq: 14 rg: 0 | total time: 191.72m | eta: 1357.7m
step 00626/04980 (12.57%) | loss: 4.368447 | lrm: 1.00 | dt: 14943.88ms | tok/sec: 70,167 | bf16_mfu: 0.00 | epoch: 1 pq: 14 rg: 8 | total time: 191.97m | eta: 1356.9m
step 00627/04980 (12.59%) | loss: 4.359198 | lrm: 1.00 | dt: 14939.67ms | tok/sec: 70,187 | bf16_mfu: 0.00 | epoch: 1 pq: 14 rg: 8 | total time: 192.22m | eta: 1356.1m
step 00628/04980 (12.61%) | loss: 4.359921 | lrm: 1.00 | dt: 14944.89ms | tok/sec: 70,162 | bf16_mfu: 0.00 | epoch: 1 pq: 14 rg: 8 | total time: 192.47m | eta: 1355.4m
step 00629/04980 (12.63%) | loss: 4.359696 | lrm: 1.00 | dt: 14989.63ms | tok/sec: 69,953 | bf16_mfu: 0.00 | epoch: 1 pq: 14 rg: 8 | total time: 192.72m | eta: 1354.6m
step 00630/04980 (12.65%) | loss: 4.371238 | lrm: 1.00 | dt: 14948.42ms | tok/sec: 70,146 | bf16_mfu: 0.00 | epoch: 1 pq: 14 rg: 16 | total time: 192.97m | eta: 1353.9m
step 00631/04980 (12.67%) | loss: 4.365008 | lrm: 1.00 | dt: 14978.01ms | tok/sec: 70,007 | bf16_mfu: 0.00 | epoch: 1 pq: 14 rg: 16 | total time: 193.22m | eta: 1353.2m
step 00632/04980 (12.69%) | loss: 4.363666 | lrm: 1.00 | dt: 14952.99ms | tok/sec: 70,124 | bf16_mfu: 0.00 | epoch: 1 pq: 14 rg: 16 | total time: 193.47m | eta: 1352.4m
step 00633/04980 (12.71%) | loss: 4.362790 | lrm: 1.00 | dt: 14966.96ms | tok/sec: 70,059 | bf16_mfu: 0.00 | epoch: 1 pq: 14 rg: 16 | total time: 193.72m | eta: 1351.7m
step 00634/04980 (12.73%) | loss: 4.372777 | lrm: 1.00 | dt: 14982.14ms | tok/sec: 69,988 | bf16_mfu: 0.00 | epoch: 1 pq: 14 rg: 24 | total time: 193.97m | eta: 1350.9m
step 00635/04980 (12.75%) | loss: 4.382031 | lrm: 1.00 | dt: 14975.53ms | tok/sec: 70,019 | bf16_mfu: 0.00 | epoch: 1 pq: 14 rg: 24 | total time: 194.22m | eta: 1350.2m
step 00636/04980 (12.77%) | loss: 4.391344 | lrm: 1.00 | dt: 14956.58ms | tok/sec: 70,108 | bf16_mfu: 0.00 | epoch: 1 pq: 14 rg: 24 | total time: 194.47m | eta: 1349.5m
step 00637/04980 (12.79%) | loss: 4.383372 | lrm: 1.00 | dt: 14948.50ms | tok/sec: 70,145 | bf16_mfu: 0.00 | epoch: 1 pq: 14 rg: 24 | total time: 194.72m | eta: 1348.7m
step 00638/04980 (12.81%) | loss: 4.380462 | lrm: 1.00 | dt: 14991.75ms | tok/sec: 69,943 | bf16_mfu: 0.00 | epoch: 1 pq: 14 rg: 32 | total time: 194.97m | eta: 1348.0m
step 00639/04980 (12.83%) | loss: 4.388129 | lrm: 1.00 | dt: 14963.61ms | tok/sec: 70,075 | bf16_mfu: 0.00 | epoch: 1 pq: 14 rg: 32 | total time: 195.22m | eta: 1347.3m
step 00640/04980 (12.85%) | loss: 4.395051 | lrm: 1.00 | dt: 14983.76ms | tok/sec: 69,980 | bf16_mfu: 0.00 | epoch: 1 pq: 14 rg: 32 | total time: 195.46m | eta: 1346.5m
step 00641/04980 (12.87%) | loss: 4.408135 | lrm: 1.00 | dt: 14978.09ms | tok/sec: 70,007 | bf16_mfu: 0.00 | epoch: 1 pq: 14 rg: 32 | total time: 195.71m | eta: 1345.8m
step 00642/04980 (12.89%) | loss: 4.420527 | lrm: 1.00 | dt: 14978.79ms | tok/sec: 70,004 | bf16_mfu: 0.00 | epoch: 1 pq: 14 rg: 40 | total time: 195.96m | eta: 1345.1m
step 00643/04980 (12.91%) | loss: 4.428836 | lrm: 1.00 | dt: 14977.32ms | tok/sec: 70,010 | bf16_mfu: 0.00 | epoch: 1 pq: 14 rg: 40 | total time: 196.21m | eta: 1344.4m
step 00644/04980 (12.93%) | loss: 4.415266 | lrm: 1.00 | dt: 14970.72ms | tok/sec: 70,041 | bf16_mfu: 0.00 | epoch: 1 pq: 14 rg: 40 | total time: 196.46m | eta: 1343.6m
step 00645/04980 (12.95%) | loss: 4.410424 | lrm: 1.00 | dt: 14941.79ms | tok/sec: 70,177 | bf16_mfu: 0.00 | epoch: 1 pq: 14 rg: 40 | total time: 196.71m | eta: 1342.9m
step 00646/04980 (12.97%) | loss: 4.398812 | lrm: 1.00 | dt: 14932.21ms | tok/sec: 70,222 | bf16_mfu: 0.00 | epoch: 1 pq: 14 rg: 48 | total time: 196.96m | eta: 1342.2m
step 00647/04980 (12.99%) | loss: 4.391456 | lrm: 1.00 | dt: 14927.88ms | tok/sec: 70,242 | bf16_mfu: 0.00 | epoch: 1 pq: 14 rg: 48 | total time: 197.21m | eta: 1341.5m
step 00648/04980 (13.01%) | loss: 4.385807 | lrm: 1.00 | dt: 14925.40ms | tok/sec: 70,254 | bf16_mfu: 0.00 | epoch: 1 pq: 14 rg: 48 | total time: 197.46m | eta: 1340.7m
step 00649/04980 (13.03%) | loss: 4.374351 | lrm: 1.00 | dt: 14946.49ms | tok/sec: 70,155 | bf16_mfu: 0.00 | epoch: 1 pq: 14 rg: 48 | total time: 197.71m | eta: 1340.0m
hytorch: step 650 channel commit=23.6% overflow=76.4% abort=0.0%
step 00650/04980 (13.05%) | loss: 4.375760 | lrm: 1.00 | dt: 14996.45ms | tok/sec: 69,921 | bf16_mfu: 0.00 | epoch: 1 pq: 14 rg: 48 | total time: 197.96m | eta: 1339.3m
step 00651/04980 (13.07%) | loss: 4.371394 | lrm: 1.00 | dt: 14946.04ms | tok/sec: 70,157 | bf16_mfu: 0.00 | epoch: 1 pq: 14 rg: 56 | total time: 198.21m | eta: 1338.6m
step 00652/04980 (13.09%) | loss: 4.390857 | lrm: 1.00 | dt: 14921.69ms | tok/sec: 70,271 | bf16_mfu: 0.00 | epoch: 1 pq: 14 rg: 56 | total time: 198.46m | eta: 1337.9m
step 00653/04980 (13.11%) | loss: 4.395924 | lrm: 1.00 | dt: 15028.73ms | tok/sec: 69,771 | bf16_mfu: 0.00 | epoch: 1 pq: 14 rg: 56 | total time: 198.71m | eta: 1337.2m
step 00654/04980 (13.13%) | loss: 4.393484 | lrm: 1.00 | dt: 15014.46ms | tok/sec: 69,837 | bf16_mfu: 0.00 | epoch: 1 pq: 14 rg: 56 | total time: 198.96m | eta: 1336.5m
step 00655/04980 (13.15%) | loss: 4.379730 | lrm: 1.00 | dt: 15035.24ms | tok/sec: 69,741 | bf16_mfu: 0.00 | epoch: 1 pq: 14 rg: 64 | total time: 199.21m | eta: 1335.8m
step 00656/04980 (13.17%) | loss: 4.376432 | lrm: 1.00 | dt: 15005.56ms | tok/sec: 69,879 | bf16_mfu: 0.00 | epoch: 1 pq: 14 rg: 64 | total time: 199.46m | eta: 1335.1m
step 00657/04980 (13.19%) | loss: 4.369181 | lrm: 1.00 | dt: 15016.41ms | tok/sec: 69,828 | bf16_mfu: 0.00 | epoch: 1 pq: 14 rg: 64 | total time: 199.71m | eta: 1334.4m
step 00658/04980 (13.21%) | loss: 4.365915 | lrm: 1.00 | dt: 240021.51ms | tok/sec: 4,368 | bf16_mfu: 0.00 | epoch: 1 pq: 14 rg: 64 | total time: 203.71m | eta: 1358.7m
step 00659/04980 (13.23%) | loss: 4.341049 | lrm: 1.00 | dt: 14998.66ms | tok/sec: 69,911 | bf16_mfu: 0.00 | epoch: 1 pq: 14 rg: 72 | total time: 203.96m | eta: 1357.9m
step 00660/04980 (13.25%) | loss: 4.348832 | lrm: 1.00 | dt: 15032.55ms | tok/sec: 69,753 | bf16_mfu: 0.00 | epoch: 1 pq: 14 rg: 72 | total time: 204.21m | eta: 1357.2m
step 00661/04980 (13.27%) | loss: 4.354808 | lrm: 1.00 | dt: 15009.84ms | tok/sec: 69,859 | bf16_mfu: 0.00 | epoch: 1 pq: 14 rg: 72 | total time: 204.46m | eta: 1356.5m
step 00662/04980 (13.29%) | loss: 4.356249 | lrm: 1.00 | dt: 15034.38ms | tok/sec: 69,745 | bf16_mfu: 0.00 | epoch: 1 pq: 14 rg: 72 | total time: 204.71m | eta: 1355.7m
step 00663/04980 (13.31%) | loss: 4.350111 | lrm: 1.00 | dt: 15100.92ms | tok/sec: 69,437 | bf16_mfu: 0.00 | epoch: 1 pq: 14 rg: 80 | total time: 204.96m | eta: 1355.0m
step 00664/04980 (13.33%) | loss: 4.352851 | lrm: 1.00 | dt: 15006.66ms | tok/sec: 69,874 | bf16_mfu: 0.00 | epoch: 1 pq: 14 rg: 80 | total time: 205.21m | eta: 1354.3m
step 00665/04980 (13.35%) | loss: 4.356558 | lrm: 1.00 | dt: 15027.78ms | tok/sec: 69,775 | bf16_mfu: 0.00 | epoch: 1 pq: 14 rg: 80 | total time: 205.46m | eta: 1353.5m
step 00666/04980 (13.37%) | loss: 4.367071 | lrm: 1.00 | dt: 15024.31ms | tok/sec: 69,791 | bf16_mfu: 0.00 | epoch: 1 pq: 14 rg: 80 | total time: 205.71m | eta: 1352.8m
step 00667/04980 (13.39%) | loss: 4.356602 | lrm: 1.00 | dt: 15023.42ms | tok/sec: 69,796 | bf16_mfu: 0.00 | epoch: 1 pq: 15 rg: 0 | total time: 205.96m | eta: 1352.1m
step 00668/04980 (13.41%) | loss: 4.344144 | lrm: 1.00 | dt: 15005.74ms | tok/sec: 69,878 | bf16_mfu: 0.00 | epoch: 1 pq: 15 rg: 0 | total time: 206.21m | eta: 1351.3m
step 00669/04980 (13.43%) | loss: 4.340969 | lrm: 1.00 | dt: 15030.51ms | tok/sec: 69,763 | bf16_mfu: 0.00 | epoch: 1 pq: 15 rg: 0 | total time: 206.46m | eta: 1350.6m
step 00670/04980 (13.45%) | loss: 4.327611 | lrm: 1.00 | dt: 15014.67ms | tok/sec: 69,836 | bf16_mfu: 0.00 | epoch: 1 pq: 15 rg: 0 | total time: 206.71m | eta: 1349.9m
step 00671/04980 (13.47%) | loss: 4.330995 | lrm: 1.00 | dt: 15033.80ms | tok/sec: 69,747 | bf16_mfu: 0.00 | epoch: 1 pq: 15 rg: 8 | total time: 206.96m | eta: 1349.2m
step 00672/04980 (13.49%) | loss: 4.334729 | lrm: 1.00 | dt: 14995.17ms | tok/sec: 69,927 | bf16_mfu: 0.00 | epoch: 1 pq: 15 rg: 8 | total time: 207.21m | eta: 1348.5m
step 00673/04980 (13.51%) | loss: 4.333160 | lrm: 1.00 | dt: 14984.53ms | tok/sec: 69,977 | bf16_mfu: 0.00 | epoch: 1 pq: 15 rg: 8 | total time: 207.46m | eta: 1347.7m
step 00674/04980 (13.53%) | loss: 4.349252 | lrm: 1.00 | dt: 15005.10ms | tok/sec: 69,881 | bf16_mfu: 0.00 | epoch: 1 pq: 15 rg: 8 | total time: 207.71m | eta: 1347.0m
step 00675/04980 (13.55%) | loss: 4.364549 | lrm: 1.00 | dt: 14992.52ms | tok/sec: 69,939 | bf16_mfu: 0.00 | epoch: 1 pq: 15 rg: 16 | total time: 207.96m | eta: 1346.3m
step 00676/04980 (13.57%) | loss: 4.381496 | lrm: 1.00 | dt: 14982.01ms | tok/sec: 69,989 | bf16_mfu: 0.00 | epoch: 1 pq: 15 rg: 16 | total time: 208.21m | eta: 1345.6m
step 00677/04980 (13.59%) | loss: 4.387784 | lrm: 1.00 | dt: 14977.80ms | tok/sec: 70,008 | bf16_mfu: 0.00 | epoch: 1 pq: 15 rg: 16 | total time: 208.46m | eta: 1344.8m
step 00678/04980 (13.61%) | loss: 4.381757 | lrm: 1.00 | dt: 15031.57ms | tok/sec: 69,758 | bf16_mfu: 0.00 | epoch: 1 pq: 15 rg: 16 | total time: 208.71m | eta: 1344.1m
step 00679/04980 (13.63%) | loss: 4.375941 | lrm: 1.00 | dt: 14922.90ms | tok/sec: 70,266 | bf16_mfu: 0.00 | epoch: 1 pq: 15 rg: 24 | total time: 208.96m | eta: 1343.4m
step 00680/04980 (13.65%) | loss: 4.387855 | lrm: 1.00 | dt: 14907.90ms | tok/sec: 70,336 | bf16_mfu: 0.00 | epoch: 1 pq: 15 rg: 24 | total time: 209.21m | eta: 1342.7m
step 00681/04980 (13.67%) | loss: 4.380734 | lrm: 1.00 | dt: 14909.03ms | tok/sec: 70,331 | bf16_mfu: 0.00 | epoch: 1 pq: 15 rg: 24 | total time: 209.46m | eta: 1342.0m
step 00682/04980 (13.69%) | loss: 4.375192 | lrm: 1.00 | dt: 14899.53ms | tok/sec: 70,376 | bf16_mfu: 0.00 | epoch: 1 pq: 15 rg: 24 | total time: 209.71m | eta: 1341.2m
step 00683/04980 (13.71%) | loss: 4.374300 | lrm: 1.00 | dt: 14909.08ms | tok/sec: 70,331 | bf16_mfu: 0.00 | epoch: 1 pq: 15 rg: 32 | total time: 209.96m | eta: 1340.5m
step 00684/04980 (13.73%) | loss: 4.375948 | lrm: 1.00 | dt: 14898.77ms | tok/sec: 70,380 | bf16_mfu: 0.00 | epoch: 1 pq: 15 rg: 32 | total time: 210.20m | eta: 1339.8m
step 00685/04980 (13.76%) | loss: 4.379773 | lrm: 1.00 | dt: 14913.41ms | tok/sec: 70,310 | bf16_mfu: 0.00 | epoch: 1 pq: 15 rg: 32 | total time: 210.45m | eta: 1339.1m
step 00686/04980 (13.78%) | loss: 4.367027 | lrm: 1.00 | dt: 14898.69ms | tok/sec: 70,380 | bf16_mfu: 0.00 | epoch: 1 pq: 15 rg: 32 | total time: 210.70m | eta: 1338.4m
step 00687/04980 (13.80%) | loss: 4.363513 | lrm: 1.00 | dt: 14901.99ms | tok/sec: 70,364 | bf16_mfu: 0.00 | epoch: 1 pq: 15 rg: 40 | total time: 210.95m | eta: 1337.7m
step 00688/04980 (13.82%) | loss: 4.372741 | lrm: 1.00 | dt: 14896.86ms | tok/sec: 70,389 | bf16_mfu: 0.00 | epoch: 1 pq: 15 rg: 40 | total time: 211.20m | eta: 1337.0m
step 00689/04980 (13.84%) | loss: 4.373934 | lrm: 1.00 | dt: 14878.30ms | tok/sec: 70,476 | bf16_mfu: 0.00 | epoch: 1 pq: 15 rg: 40 | total time: 211.45m | eta: 1336.2m
step 00690/04980 (13.86%) | loss: 4.366276 | lrm: 1.00 | dt: 14851.82ms | tok/sec: 70,602 | bf16_mfu: 0.00 | epoch: 1 pq: 15 rg: 40 | total time: 211.69m | eta: 1335.5m
step 00691/04980 (13.88%) | loss: 4.367246 | lrm: 1.00 | dt: 14840.11ms | tok/sec: 70,658 | bf16_mfu: 0.00 | epoch: 1 pq: 15 rg: 40 | total time: 211.94m | eta: 1334.8m
step 00692/04980 (13.90%) | loss: 4.355679 | lrm: 1.00 | dt: 236655.08ms | tok/sec: 4,430 | bf16_mfu: 0.00 | epoch: 1 pq: 15 rg: 48 | total time: 215.88m | eta: 1357.3m
step 00693/04980 (13.92%) | loss: 4.365812 | lrm: 1.00 | dt: 14900.45ms | tok/sec: 70,372 | bf16_mfu: 0.00 | epoch: 1 pq: 15 rg: 48 | total time: 216.13m | eta: 1356.6m
step 00694/04980 (13.94%) | loss: 4.375241 | lrm: 1.00 | dt: 14906.07ms | tok/sec: 70,345 | bf16_mfu: 0.00 | epoch: 1 pq: 15 rg: 48 | total time: 216.38m | eta: 1355.9m
step 00695/04980 (13.96%) | loss: 4.361772 | lrm: 1.00 | dt: 14914.06ms | tok/sec: 70,307 | bf16_mfu: 0.00 | epoch: 1 pq: 15 rg: 48 | total time: 216.63m | eta: 1355.1m
step 00696/04980 (13.98%) | loss: 4.357850 | lrm: 1.00 | dt: 14898.06ms | tok/sec: 70,383 | bf16_mfu: 0.00 | epoch: 1 pq: 15 rg: 56 | total time: 216.88m | eta: 1354.4m
step 00697/04980 (14.00%) | loss: 4.347956 | lrm: 1.00 | dt: 14933.27ms | tok/sec: 70,217 | bf16_mfu: 0.00 | epoch: 1 pq: 15 rg: 56 | total time: 217.13m | eta: 1353.6m
step 00698/04980 (14.02%) | loss: 4.333416 | lrm: 1.00 | dt: 14903.37ms | tok/sec: 70,358 | bf16_mfu: 0.00 | epoch: 1 pq: 15 rg: 56 | total time: 217.38m | eta: 1352.9m
step 00699/04980 (14.04%) | loss: 4.341149 | lrm: 1.00 | dt: 14905.37ms | tok/sec: 70,348 | bf16_mfu: 0.00 | epoch: 1 pq: 15 rg: 56 | total time: 217.62m | eta: 1352.2m
hytorch: step 700 channel commit=20.5% overflow=79.5% abort=0.0%
step 00700/04980 (14.06%) | loss: 4.344390 | lrm: 1.00 | dt: 31110.99ms | tok/sec: 33,704 | bf16_mfu: 0.00 | epoch: 1 pq: 15 rg: 64 | total time: 218.14m | eta: 1353.1m
step 00701/04980 (14.08%) | loss: 4.353981 | lrm: 1.00 | dt: 14908.03ms | tok/sec: 70,336 | bf16_mfu: 0.00 | epoch: 1 pq: 15 rg: 64 | total time: 218.39m | eta: 1352.4m
step 00702/04980 (14.10%) | loss: 4.349042 | lrm: 1.00 | dt: 14925.92ms | tok/sec: 70,252 | bf16_mfu: 0.00 | epoch: 1 pq: 15 rg: 64 | total time: 218.64m | eta: 1351.6m
step 00703/04980 (14.12%) | loss: 4.334269 | lrm: 1.00 | dt: 14914.69ms | tok/sec: 70,304 | bf16_mfu: 0.00 | epoch: 1 pq: 15 rg: 64 | total time: 218.89m | eta: 1350.9m
step 00704/04980 (14.14%) | loss: 4.342533 | lrm: 1.00 | dt: 14920.93ms | tok/sec: 70,275 | bf16_mfu: 0.00 | epoch: 1 pq: 15 rg: 72 | total time: 219.14m | eta: 1350.2m
step 00705/04980 (14.16%) | loss: 4.344090 | lrm: 1.00 | dt: 14902.46ms | tok/sec: 70,362 | bf16_mfu: 0.00 | epoch: 1 pq: 15 rg: 72 | total time: 219.38m | eta: 1349.5m
step 00706/04980 (14.18%) | loss: 4.342162 | lrm: 1.00 | dt: 14904.57ms | tok/sec: 70,352 | bf16_mfu: 0.00 | epoch: 1 pq: 15 rg: 72 | total time: 219.63m | eta: 1348.7m
step 00707/04980 (14.20%) | loss: 4.331242 | lrm: 1.00 | dt: 14915.97ms | tok/sec: 70,298 | bf16_mfu: 0.00 | epoch: 1 pq: 15 rg: 72 | total time: 219.88m | eta: 1348.0m
step 00708/04980 (14.22%) | loss: 4.334948 | lrm: 1.00 | dt: 14919.52ms | tok/sec: 70,282 | bf16_mfu: 0.00 | epoch: 1 pq: 15 rg: 80 | total time: 220.13m | eta: 1347.3m
step 00709/04980 (14.24%) | loss: 4.347717 | lrm: 1.00 | dt: 14913.02ms | tok/sec: 70,312 | bf16_mfu: 0.00 | epoch: 1 pq: 15 rg: 80 | total time: 220.38m | eta: 1346.6m
step 00710/04980 (14.26%) | loss: 4.348131 | lrm: 1.00 | dt: 14907.05ms | tok/sec: 70,340 | bf16_mfu: 0.00 | epoch: 1 pq: 15 rg: 80 | total time: 220.63m | eta: 1345.8m
step 00711/04980 (14.28%) | loss: 4.352775 | lrm: 1.00 | dt: 14929.28ms | tok/sec: 70,236 | bf16_mfu: 0.00 | epoch: 1 pq: 15 rg: 80 | total time: 220.88m | eta: 1345.1m
step 00712/04980 (14.30%) | loss: 4.366066 | lrm: 1.00 | dt: 14945.96ms | tok/sec: 70,157 | bf16_mfu: 0.00 | epoch: 1 pq: 16 rg: 0 | total time: 221.13m | eta: 1344.4m
step 00713/04980 (14.32%) | loss: 4.367262 | lrm: 1.00 | dt: 14943.71ms | tok/sec: 70,168 | bf16_mfu: 0.00 | epoch: 1 pq: 16 rg: 0 | total time: 221.37m | eta: 1343.7m
step 00714/04980 (14.34%) | loss: 4.367765 | lrm: 1.00 | dt: 14927.92ms | tok/sec: 70,242 | bf16_mfu: 0.00 | epoch: 1 pq: 16 rg: 0 | total time: 221.62m | eta: 1343.0m
step 00715/04980 (14.36%) | loss: 4.363639 | lrm: 1.00 | dt: 14913.58ms | tok/sec: 70,310 | bf16_mfu: 0.00 | epoch: 1 pq: 16 rg: 0 | total time: 221.87m | eta: 1342.2m
step 00716/04980 (14.38%) | loss: 4.379773 | lrm: 1.00 | dt: 14944.53ms | tok/sec: 70,164 | bf16_mfu: 0.00 | epoch: 1 pq: 16 rg: 8 | total time: 222.12m | eta: 1341.5m
step 00717/04980 (14.40%) | loss: 4.375053 | lrm: 1.00 | dt: 14924.76ms | tok/sec: 70,257 | bf16_mfu: 0.00 | epoch: 1 pq: 16 rg: 8 | total time: 222.37m | eta: 1340.8m
step 00718/04980 (14.42%) | loss: 4.377406 | lrm: 1.00 | dt: 14945.31ms | tok/sec: 70,160 | bf16_mfu: 0.00 | epoch: 1 pq: 16 rg: 8 | total time: 222.62m | eta: 1340.1m
step 00719/04980 (14.44%) | loss: 4.375548 | lrm: 1.00 | dt: 14922.51ms | tok/sec: 70,268 | bf16_mfu: 0.00 | epoch: 1 pq: 16 rg: 8 | total time: 222.87m | eta: 1339.4m
step 00720/04980 (14.46%) | loss: 4.352906 | lrm: 1.00 | dt: 14939.46ms | tok/sec: 70,188 | bf16_mfu: 0.00 | epoch: 1 pq: 16 rg: 16 | total time: 223.12m | eta: 1338.7m
step 00721/04980 (14.48%) | loss: 4.357822 | lrm: 1.00 | dt: 14945.57ms | tok/sec: 70,159 | bf16_mfu: 0.00 | epoch: 1 pq: 16 rg: 16 | total time: 223.37m | eta: 1338.0m
step 00722/04980 (14.50%) | loss: 4.348438 | lrm: 1.00 | dt: 14958.22ms | tok/sec: 70,100 | bf16_mfu: 0.00 | epoch: 1 pq: 16 rg: 16 | total time: 223.61m | eta: 1337.3m
step 00723/04980 (14.52%) | loss: 4.346526 | lrm: 1.00 | dt: 14935.91ms | tok/sec: 70,205 | bf16_mfu: 0.00 | epoch: 1 pq: 16 rg: 16 | total time: 223.86m | eta: 1336.6m
step 00724/04980 (14.54%) | loss: 4.339677 | lrm: 1.00 | dt: 14924.65ms | tok/sec: 70,258 | bf16_mfu: 0.00 | epoch: 1 pq: 16 rg: 16 | total time: 224.11m | eta: 1335.9m
step 00725/04980 (14.56%) | loss: 4.351571 | lrm: 1.00 | dt: 14942.92ms | tok/sec: 70,172 | bf16_mfu: 0.00 | epoch: 1 pq: 16 rg: 24 | total time: 224.36m | eta: 1335.2m
step 00726/04980 (14.58%) | loss: 4.338653 | lrm: 1.00 | dt: 14979.62ms | tok/sec: 70,000 | bf16_mfu: 0.00 | epoch: 1 pq: 16 rg: 24 | total time: 224.61m | eta: 1334.5m
step 00727/04980 (14.60%) | loss: 4.341062 | lrm: 1.00 | dt: 14964.66ms | tok/sec: 70,070 | bf16_mfu: 0.00 | epoch: 1 pq: 16 rg: 24 | total time: 224.86m | eta: 1333.8m
step 00728/04980 (14.62%) | loss: 4.346538 | lrm: 1.00 | dt: 266276.14ms | tok/sec: 3,937 | bf16_mfu: 0.00 | epoch: 1 pq: 16 rg: 24 | total time: 229.30m | eta: 1357.9m
step 00729/04980 (14.64%) | loss: 4.337536 | lrm: 1.00 | dt: 14990.76ms | tok/sec: 69,948 | bf16_mfu: 0.00 | epoch: 1 pq: 16 rg: 32 | total time: 229.55m | eta: 1357.2m
step 00730/04980 (14.66%) | loss: 4.341905 | lrm: 1.00 | dt: 14965.97ms | tok/sec: 70,064 | bf16_mfu: 0.00 | epoch: 1 pq: 16 rg: 32 | total time: 229.80m | eta: 1356.4m
step 00731/04980 (14.68%) | loss: 4.343828 | lrm: 1.00 | dt: 14966.31ms | tok/sec: 70,062 | bf16_mfu: 0.00 | epoch: 1 pq: 16 rg: 32 | total time: 230.05m | eta: 1355.7m
step 00732/04980 (14.70%) | loss: 4.332793 | lrm: 1.00 | dt: 14965.08ms | tok/sec: 70,068 | bf16_mfu: 0.00 | epoch: 1 pq: 16 rg: 32 | total time: 230.30m | eta: 1355.0m
step 00733/04980 (14.72%) | loss: 4.330549 | lrm: 1.00 | dt: 14974.55ms | tok/sec: 70,023 | bf16_mfu: 0.00 | epoch: 1 pq: 16 rg: 40 | total time: 230.55m | eta: 1354.3m
step 00734/04980 (14.74%) | loss: 4.332325 | lrm: 1.00 | dt: 14934.18ms | tok/sec: 70,213 | bf16_mfu: 0.00 | epoch: 1 pq: 16 rg: 40 | total time: 230.80m | eta: 1353.5m
step 00735/04980 (14.76%) | loss: 4.345883 | lrm: 1.00 | dt: 14956.78ms | tok/sec: 70,107 | bf16_mfu: 0.00 | epoch: 1 pq: 16 rg: 40 | total time: 231.04m | eta: 1352.8m
step 00736/04980 (14.78%) | loss: 4.336722 | lrm: 1.00 | dt: 14933.93ms | tok/sec: 70,214 | bf16_mfu: 0.00 | epoch: 1 pq: 16 rg: 40 | total time: 231.29m | eta: 1352.1m
step 00737/04980 (14.80%) | loss: 4.335162 | lrm: 1.00 | dt: 14951.40ms | tok/sec: 70,132 | bf16_mfu: 0.00 | epoch: 1 pq: 16 rg: 48 | total time: 231.54m | eta: 1351.4m
step 00738/04980 (14.82%) | loss: 4.332175 | lrm: 1.00 | dt: 14953.43ms | tok/sec: 70,122 | bf16_mfu: 0.00 | epoch: 1 pq: 16 rg: 48 | total time: 231.79m | eta: 1350.6m
step 00739/04980 (14.84%) | loss: 4.336539 | lrm: 1.00 | dt: 14955.37ms | tok/sec: 70,113 | bf16_mfu: 0.00 | epoch: 1 pq: 16 rg: 48 | total time: 232.04m | eta: 1349.9m
step 00740/04980 (14.86%) | loss: 4.333158 | lrm: 1.00 | dt: 14954.76ms | tok/sec: 70,116 | bf16_mfu: 0.00 | epoch: 1 pq: 16 rg: 48 | total time: 232.29m | eta: 1349.2m
step 00741/04980 (14.88%) | loss: 4.323535 | lrm: 1.00 | dt: 14943.24ms | tok/sec: 70,170 | bf16_mfu: 0.00 | epoch: 1 pq: 16 rg: 56 | total time: 232.54m | eta: 1348.5m
step 00742/04980 (14.90%) | loss: 4.342394 | lrm: 1.00 | dt: 14959.99ms | tok/sec: 70,092 | bf16_mfu: 0.00 | epoch: 1 pq: 16 rg: 56 | total time: 232.79m | eta: 1347.8m
step 00743/04980 (14.92%) | loss: 4.342596 | lrm: 1.00 | dt: 14950.01ms | tok/sec: 70,138 | bf16_mfu: 0.00 | epoch: 1 pq: 16 rg: 56 | total time: 233.04m | eta: 1347.0m
step 00744/04980 (14.94%) | loss: 4.364063 | lrm: 1.00 | dt: 14981.95ms | tok/sec: 69,989 | bf16_mfu: 0.00 | epoch: 1 pq: 16 rg: 56 | total time: 233.29m | eta: 1346.3m
step 00745/04980 (14.96%) | loss: 4.356983 | lrm: 1.00 | dt: 14964.44ms | tok/sec: 70,071 | bf16_mfu: 0.00 | epoch: 1 pq: 16 rg: 64 | total time: 233.54m | eta: 1345.6m
step 00746/04980 (14.98%) | loss: 4.364453 | lrm: 1.00 | dt: 14977.20ms | tok/sec: 70,011 | bf16_mfu: 0.00 | epoch: 1 pq: 16 rg: 64 | total time: 233.79m | eta: 1344.9m
step 00747/04980 (15.00%) | loss: 4.349193 | lrm: 1.00 | dt: 14939.94ms | tok/sec: 70,186 | bf16_mfu: 0.00 | epoch: 1 pq: 16 rg: 64 | total time: 234.04m | eta: 1344.2m
step 00748/04980 (15.02%) | loss: 4.335042 | lrm: 1.00 | dt: 14982.34ms | tok/sec: 69,987 | bf16_mfu: 0.00 | epoch: 1 pq: 16 rg: 64 | total time: 234.29m | eta: 1343.5m
step 00749/04980 (15.04%) | loss: 4.333464 | lrm: 1.00 | dt: 14966.78ms | tok/sec: 70,060 | bf16_mfu: 0.00 | epoch: 1 pq: 16 rg: 64 | total time: 234.53m | eta: 1342.8m
Step 00750 | Validation bpb: 1.319338
hytorch: step 750 channel commit=21.1% overflow=78.9% abort=0.0%
step 00750/04980 (15.06%) | loss: 4.322752 | lrm: 1.00 | dt: 53461.21ms | tok/sec: 19,613 | bf16_mfu: 0.00 | epoch: 1 pq: 16 rg: 72 | total time: 235.43m | eta: 1345.7m
step 00751/04980 (15.08%) | loss: 4.307340 | lrm: 1.00 | dt: 15097.14ms | tok/sec: 69,455 | bf16_mfu: 0.00 | epoch: 1 pq: 16 rg: 72 | total time: 235.68m | eta: 1345.0m
step 00752/04980 (15.10%) | loss: 4.307089 | lrm: 1.00 | dt: 15095.51ms | tok/sec: 69,462 | bf16_mfu: 0.00 | epoch: 1 pq: 16 rg: 72 | total time: 235.93m | eta: 1344.4m
step 00753/04980 (15.12%) | loss: 4.311152 | lrm: 1.00 | dt: 15088.25ms | tok/sec: 69,496 | bf16_mfu: 0.00 | epoch: 1 pq: 16 rg: 72 | total time: 236.18m | eta: 1343.7m
step 00754/04980 (15.14%) | loss: 4.312182 | lrm: 1.00 | dt: 15096.36ms | tok/sec: 69,458 | bf16_mfu: 0.00 | epoch: 1 pq: 16 rg: 80 | total time: 236.43m | eta: 1343.0m
step 00755/04980 (15.16%) | loss: 4.317535 | lrm: 1.00 | dt: 15079.13ms | tok/sec: 69,538 | bf16_mfu: 0.00 | epoch: 1 pq: 16 rg: 80 | total time: 236.68m | eta: 1342.3m
step 00756/04980 (15.18%) | loss: 4.305796 | lrm: 1.00 | dt: 15090.60ms | tok/sec: 69,485 | bf16_mfu: 0.00 | epoch: 1 pq: 16 rg: 80 | total time: 236.93m | eta: 1341.6m
step 00757/04980 (15.20%) | loss: 4.291298 | lrm: 1.00 | dt: 15085.05ms | tok/sec: 69,510 | bf16_mfu: 0.00 | epoch: 1 pq: 16 rg: 80 | total time: 237.19m | eta: 1340.9m
step 00758/04980 (15.22%) | loss: 4.295543 | lrm: 1.00 | dt: 15082.95ms | tok/sec: 69,520 | bf16_mfu: 0.00 | epoch: 1 pq: 17 rg: 0 | total time: 237.44m | eta: 1340.2m
step 00759/04980 (15.24%) | loss: 4.305110 | lrm: 1.00 | dt: 15071.52ms | tok/sec: 69,573 | bf16_mfu: 0.00 | epoch: 1 pq: 17 rg: 0 | total time: 237.69m | eta: 1339.5m
step 00760/04980 (15.26%) | loss: 4.303242 | lrm: 1.00 | dt: 15067.44ms | tok/sec: 69,592 | bf16_mfu: 0.00 | epoch: 1 pq: 17 rg: 0 | total time: 237.94m | eta: 1338.8m
step 00761/04980 (15.28%) | loss: 4.308620 | lrm: 1.00 | dt: 15075.45ms | tok/sec: 69,555 | bf16_mfu: 0.00 | epoch: 1 pq: 17 rg: 0 | total time: 238.19m | eta: 1338.1m
step 00762/04980 (15.30%) | loss: 4.307480 | lrm: 1.00 | dt: 15071.96ms | tok/sec: 69,571 | bf16_mfu: 0.00 | epoch: 1 pq: 17 rg: 8 | total time: 238.44m | eta: 1337.4m
step 00763/04980 (15.32%) | loss: 4.307135 | lrm: 1.00 | dt: 15064.06ms | tok/sec: 69,607 | bf16_mfu: 0.00 | epoch: 1 pq: 17 rg: 8 | total time: 238.69m | eta: 1336.7m
step 00764/04980 (15.34%) | loss: 4.306826 | lrm: 1.00 | dt: 15068.64ms | tok/sec: 69,586 | bf16_mfu: 0.00 | epoch: 1 pq: 17 rg: 8 | total time: 238.94m | eta: 1336.1m
step 00765/04980 (15.36%) | loss: 4.309961 | lrm: 1.00 | dt: 15066.47ms | tok/sec: 69,596 | bf16_mfu: 0.00 | epoch: 1 pq: 17 rg: 8 | total time: 239.20m | eta: 1335.4m
step 00766/04980 (15.38%) | loss: 4.305534 | lrm: 1.00 | dt: 15064.22ms | tok/sec: 69,607 | bf16_mfu: 0.00 | epoch: 1 pq: 17 rg: 16 | total time: 239.45m | eta: 1334.7m
step 00767/04980 (15.40%) | loss: 4.309733 | lrm: 1.00 | dt: 15048.39ms | tok/sec: 69,680 | bf16_mfu: 0.00 | epoch: 1 pq: 17 rg: 16 | total time: 239.70m | eta: 1334.0m
step 00768/04980 (15.42%) | loss: 4.317047 | lrm: 1.00 | dt: 15078.27ms | tok/sec: 69,542 | bf16_mfu: 0.00 | epoch: 1 pq: 17 rg: 16 | total time: 239.95m | eta: 1333.3m
step 00769/04980 (15.44%) | loss: 4.310153 | lrm: 1.00 | dt: 15038.65ms | tok/sec: 69,725 | bf16_mfu: 0.00 | epoch: 1 pq: 17 rg: 16 | total time: 240.20m | eta: 1332.6m
step 00770/04980 (15.46%) | loss: 4.306342 | lrm: 1.00 | dt: 14987.05ms | tok/sec: 69,965 | bf16_mfu: 0.00 | epoch: 1 pq: 17 rg: 24 | total time: 240.45m | eta: 1332.0m
step 00771/04980 (15.48%) | loss: 4.301398 | lrm: 1.00 | dt: 14942.55ms | tok/sec: 70,173 | bf16_mfu: 0.00 | epoch: 1 pq: 17 rg: 24 | total time: 240.70m | eta: 1331.3m
step 00772/04980 (15.50%) | loss: 4.299292 | lrm: 1.00 | dt: 14964.97ms | tok/sec: 70,068 | bf16_mfu: 0.00 | epoch: 1 pq: 17 rg: 24 | total time: 240.95m | eta: 1330.6m
step 00773/04980 (15.52%) | loss: 4.290545 | lrm: 1.00 | dt: 14948.35ms | tok/sec: 70,146 | bf16_mfu: 0.00 | epoch: 1 pq: 17 rg: 24 | total time: 241.20m | eta: 1329.9m
step 00774/04980 (15.54%) | loss: 4.286364 | lrm: 1.00 | dt: 14995.02ms | tok/sec: 69,928 | bf16_mfu: 0.00 | epoch: 1 pq: 17 rg: 32 | total time: 241.45m | eta: 1329.2m
step 00775/04980 (15.56%) | loss: 4.290197 | lrm: 1.00 | dt: 14935.43ms | tok/sec: 70,207 | bf16_mfu: 0.00 | epoch: 1 pq: 17 rg: 32 | total time: 241.70m | eta: 1328.5m
step 00776/04980 (15.58%) | loss: 4.278543 | lrm: 1.00 | dt: 14978.84ms | tok/sec: 70,003 | bf16_mfu: 0.00 | epoch: 1 pq: 17 rg: 32 | total time: 241.95m | eta: 1327.9m
step 00777/04980 (15.60%) | loss: 4.297489 | lrm: 1.00 | dt: 14966.77ms | tok/sec: 70,060 | bf16_mfu: 0.00 | epoch: 1 pq: 17 rg: 32 | total time: 242.20m | eta: 1327.2m
step 00778/04980 (15.62%) | loss: 4.293145 | lrm: 1.00 | dt: 14952.30ms | tok/sec: 70,128 | bf16_mfu: 0.00 | epoch: 1 pq: 17 rg: 32 | total time: 242.44m | eta: 1326.5m
step 00779/04980 (15.64%) | loss: 4.290944 | lrm: 1.00 | dt: 14959.70ms | tok/sec: 70,093 | bf16_mfu: 0.00 | epoch: 1 pq: 17 rg: 40 | total time: 242.69m | eta: 1325.8m
step 00780/04980 (15.66%) | loss: 4.306254 | lrm: 1.00 | dt: 14975.37ms | tok/sec: 70,020 | bf16_mfu: 0.00 | epoch: 1 pq: 17 rg: 40 | total time: 242.94m | eta: 1325.1m
step 00781/04980 (15.68%) | loss: 4.300646 | lrm: 1.00 | dt: 14951.64ms | tok/sec: 70,131 | bf16_mfu: 0.00 | epoch: 1 pq: 17 rg: 40 | total time: 243.19m | eta: 1324.5m
step 00782/04980 (15.70%) | loss: 4.294233 | lrm: 1.00 | dt: 14927.76ms | tok/sec: 70,243 | bf16_mfu: 0.00 | epoch: 1 pq: 17 rg: 40 | total time: 243.44m | eta: 1323.8m
step 00783/04980 (15.72%) | loss: 4.295370 | lrm: 1.00 | dt: 14945.40ms | tok/sec: 70,160 | bf16_mfu: 0.00 | epoch: 1 pq: 17 rg: 48 | total time: 243.69m | eta: 1323.1m
step 00784/04980 (15.74%) | loss: 4.294103 | lrm: 1.00 | dt: 14950.28ms | tok/sec: 70,137 | bf16_mfu: 0.00 | epoch: 1 pq: 17 rg: 48 | total time: 243.94m | eta: 1322.4m
step 00785/04980 (15.76%) | loss: 4.309056 | lrm: 1.00 | dt: 14914.86ms | tok/sec: 70,304 | bf16_mfu: 0.00 | epoch: 1 pq: 17 rg: 48 | total time: 244.19m | eta: 1321.8m
step 00786/04980 (15.78%) | loss: 4.321585 | lrm: 1.00 | dt: 14925.59ms | tok/sec: 70,253 | bf16_mfu: 0.00 | epoch: 1 pq: 17 rg: 48 | total time: 244.44m | eta: 1321.1m
step 00787/04980 (15.80%) | loss: 4.321351 | lrm: 1.00 | dt: 269552.54ms | tok/sec: 3,890 | bf16_mfu: 0.00 | epoch: 1 pq: 17 rg: 56 | total time: 248.93m | eta: 1343.3m
step 00788/04980 (15.82%) | loss: 4.324892 | lrm: 1.00 | dt: 15051.20ms | tok/sec: 69,667 | bf16_mfu: 0.00 | epoch: 1 pq: 17 rg: 56 | total time: 249.18m | eta: 1342.6m
step 00789/04980 (15.84%) | loss: 4.311278 | lrm: 1.00 | dt: 15062.81ms | tok/sec: 69,613 | bf16_mfu: 0.00 | epoch: 1 pq: 17 rg: 56 | total time: 249.43m | eta: 1341.9m
step 00790/04980 (15.86%) | loss: 4.325863 | lrm: 1.00 | dt: 15044.00ms | tok/sec: 69,700 | bf16_mfu: 0.00 | epoch: 1 pq: 17 rg: 56 | total time: 249.68m | eta: 1341.2m
step 00791/04980 (15.88%) | loss: 4.314425 | lrm: 1.00 | dt: 15051.59ms | tok/sec: 69,665 | bf16_mfu: 0.00 | epoch: 1 pq: 17 rg: 64 | total time: 249.93m | eta: 1340.5m
step 00792/04980 (15.90%) | loss: 4.320849 | lrm: 1.00 | dt: 15038.57ms | tok/sec: 69,725 | bf16_mfu: 0.00 | epoch: 1 pq: 17 rg: 64 | total time: 250.18m | eta: 1339.9m
step 00793/04980 (15.92%) | loss: 4.324075 | lrm: 1.00 | dt: 15067.86ms | tok/sec: 69,590 | bf16_mfu: 0.00 | epoch: 1 pq: 17 rg: 64 | total time: 250.43m | eta: 1339.2m
step 00794/04980 (15.94%) | loss: 4.323491 | lrm: 1.00 | dt: 15038.86ms | tok/sec: 69,724 | bf16_mfu: 0.00 | epoch: 1 pq: 17 rg: 64 | total time: 250.69m | eta: 1338.5m
step 00795/04980 (15.96%) | loss: 4.338153 | lrm: 1.00 | dt: 15066.52ms | tok/sec: 69,596 | bf16_mfu: 0.00 | epoch: 1 pq: 17 rg: 72 | total time: 250.94m | eta: 1337.8m
step 00796/04980 (15.98%) | loss: 4.348134 | lrm: 1.00 | dt: 15025.78ms | tok/sec: 69,785 | bf16_mfu: 0.00 | epoch: 1 pq: 17 rg: 72 | total time: 251.19m | eta: 1337.1m
step 00797/04980 (16.00%) | loss: 4.338492 | lrm: 1.00 | dt: 15052.60ms | tok/sec: 69,660 | bf16_mfu: 0.00 | epoch: 1 pq: 17 rg: 72 | total time: 251.44m | eta: 1336.4m
step 00798/04980 (16.02%) | loss: 4.333108 | lrm: 1.00 | dt: 15032.87ms | tok/sec: 69,752 | bf16_mfu: 0.00 | epoch: 1 pq: 17 rg: 72 | total time: 251.69m | eta: 1335.7m
step 00799/04980 (16.04%) | loss: 4.339196 | lrm: 1.00 | dt: 15057.31ms | tok/sec: 69,639 | bf16_mfu: 0.00 | epoch: 1 pq: 17 rg: 80 | total time: 251.94m | eta: 1335.1m
hytorch: step 800 channel commit=20.9% overflow=79.1% abort=0.0%
step 00800/04980 (16.06%) | loss: 4.340621 | lrm: 1.00 | dt: 31261.37ms | tok/sec: 33,542 | bf16_mfu: 0.00 | epoch: 1 pq: 17 rg: 80 | total time: 252.46m | eta: 1335.8m
step 00801/04980 (16.08%) | loss: 4.342230 | lrm: 1.00 | dt: 15030.40ms | tok/sec: 69,763 | bf16_mfu: 0.00 | epoch: 1 pq: 17 rg: 80 | total time: 252.71m | eta: 1335.1m
step 00802/04980 (16.10%) | loss: 4.335590 | lrm: 1.00 | dt: 15069.81ms | tok/sec: 69,581 | bf16_mfu: 0.00 | epoch: 1 pq: 17 rg: 80 | total time: 252.96m | eta: 1334.4m
step 00803/04980 (16.12%) | loss: 4.346431 | lrm: 1.00 | dt: 15059.49ms | tok/sec: 69,628 | bf16_mfu: 0.00 | epoch: 1 pq: 17 rg: 80 | total time: 253.21m | eta: 1333.8m
step 00804/04980 (16.14%) | loss: 4.362304 | lrm: 1.00 | dt: 15083.38ms | tok/sec: 69,518 | bf16_mfu: 0.00 | epoch: 1 pq: 18 rg: 0 | total time: 253.46m | eta: 1333.1m
step 00805/04980 (16.16%) | loss: 4.364726 | lrm: 1.00 | dt: 15049.65ms | tok/sec: 69,674 | bf16_mfu: 0.00 | epoch: 1 pq: 18 rg: 0 | total time: 253.71m | eta: 1332.4m
step 00806/04980 (16.18%) | loss: 4.341310 | lrm: 1.00 | dt: 14958.28ms | tok/sec: 70,100 | bf16_mfu: 0.00 | epoch: 1 pq: 18 rg: 0 | total time: 253.96m | eta: 1331.7m
step 00807/04980 (16.20%) | loss: 4.330417 | lrm: 1.00 | dt: 14945.37ms | tok/sec: 70,160 | bf16_mfu: 0.00 | epoch: 1 pq: 18 rg: 0 | total time: 254.21m | eta: 1331.0m
step 00808/04980 (16.22%) | loss: 4.339474 | lrm: 1.00 | dt: 14981.17ms | tok/sec: 69,992 | bf16_mfu: 0.00 | epoch: 1 pq: 18 rg: 8 | total time: 254.46m | eta: 1330.4m
step 00809/04980 (16.24%) | loss: 4.355103 | lrm: 1.00 | dt: 14930.78ms | tok/sec: 70,229 | bf16_mfu: 0.00 | epoch: 1 pq: 18 rg: 8 | total time: 254.71m | eta: 1329.7m
step 00810/04980 (16.27%) | loss: 4.345721 | lrm: 1.00 | dt: 14939.13ms | tok/sec: 70,189 | bf16_mfu: 0.00 | epoch: 1 pq: 18 rg: 8 | total time: 254.96m | eta: 1329.0m
step 00811/04980 (16.29%) | loss: 4.338839 | lrm: 1.00 | dt: 14931.54ms | tok/sec: 70,225 | bf16_mfu: 0.00 | epoch: 1 pq: 18 rg: 8 | total time: 255.21m | eta: 1328.3m
step 00812/04980 (16.31%) | loss: 4.319574 | lrm: 1.00 | dt: 14962.66ms | tok/sec: 70,079 | bf16_mfu: 0.00 | epoch: 1 pq: 18 rg: 16 | total time: 255.46m | eta: 1327.6m
step 00813/04980 (16.33%) | loss: 4.294237 | lrm: 1.00 | dt: 14943.91ms | tok/sec: 70,167 | bf16_mfu: 0.00 | epoch: 1 pq: 18 rg: 16 | total time: 255.71m | eta: 1326.9m
step 00814/04980 (16.35%) | loss: 4.279582 | lrm: 1.00 | dt: 14953.68ms | tok/sec: 70,121 | bf16_mfu: 0.00 | epoch: 1 pq: 18 rg: 16 | total time: 255.96m | eta: 1326.3m
step 00815/04980 (16.37%) | loss: 4.292795 | lrm: 1.00 | dt: 14913.47ms | tok/sec: 70,310 | bf16_mfu: 0.00 | epoch: 1 pq: 18 rg: 16 | total time: 256.21m | eta: 1325.6m
step 00816/04980 (16.39%) | loss: 4.302870 | lrm: 1.00 | dt: 14966.91ms | tok/sec: 70,059 | bf16_mfu: 0.00 | epoch: 1 pq: 18 rg: 16 | total time: 256.46m | eta: 1324.9m
step 00817/04980 (16.41%) | loss: 4.304454 | lrm: 1.00 | dt: 14939.39ms | tok/sec: 70,188 | bf16_mfu: 0.00 | epoch: 1 pq: 18 rg: 24 | total time: 256.70m | eta: 1324.2m
step 00818/04980 (16.43%) | loss: 4.317933 | lrm: 1.00 | dt: 15047.82ms | tok/sec: 69,682 | bf16_mfu: 0.00 | epoch: 1 pq: 18 rg: 24 | total time: 256.96m | eta: 1323.6m
step 00819/04980 (16.45%) | loss: 4.315838 | lrm: 1.00 | dt: 14928.38ms | tok/sec: 70,240 | bf16_mfu: 0.00 | epoch: 1 pq: 18 rg: 24 | total time: 257.20m | eta: 1322.9m
step 00820/04980 (16.47%) | loss: 4.308415 | lrm: 1.00 | dt: 14902.91ms | tok/sec: 70,360 | bf16_mfu: 0.00 | epoch: 1 pq: 18 rg: 24 | total time: 257.45m | eta: 1322.2m
step 00821/04980 (16.49%) | loss: 4.326459 | lrm: 1.00 | dt: 14915.84ms | tok/sec: 70,299 | bf16_mfu: 0.00 | epoch: 1 pq: 18 rg: 32 | total time: 257.70m | eta: 1321.6m
step 00822/04980 (16.51%) | loss: 4.327604 | lrm: 1.00 | dt: 14877.77ms | tok/sec: 70,479 | bf16_mfu: 0.00 | epoch: 1 pq: 18 rg: 32 | total time: 257.95m | eta: 1320.9m
step 00823/04980 (16.53%) | loss: 4.325035 | lrm: 1.00 | dt: 14905.25ms | tok/sec: 70,349 | bf16_mfu: 0.00 | epoch: 1 pq: 18 rg: 32 | total time: 258.20m | eta: 1320.2m
step 00824/04980 (16.55%) | loss: 4.325397 | lrm: 1.00 | dt: 14878.99ms | tok/sec: 70,473 | bf16_mfu: 0.00 | epoch: 1 pq: 18 rg: 32 | total time: 258.45m | eta: 1319.5m
step 00825/04980 (16.57%) | loss: 4.322230 | lrm: 1.00 | dt: 306197.42ms | tok/sec: 3,424 | bf16_mfu: 0.00 | epoch: 1 pq: 18 rg: 40 | total time: 263.55m | eta: 1343.6m
step 00826/04980 (16.59%) | loss: 4.311236 | lrm: 1.00 | dt: 15007.82ms | tok/sec: 69,868 | bf16_mfu: 0.00 | epoch: 1 pq: 18 rg: 40 | total time: 263.80m | eta: 1342.9m
step 00827/04980 (16.61%) | loss: 4.305331 | lrm: 1.00 | dt: 14981.12ms | tok/sec: 69,993 | bf16_mfu: 0.00 | epoch: 1 pq: 18 rg: 40 | total time: 264.05m | eta: 1342.2m
step 00828/04980 (16.63%) | loss: 4.294615 | lrm: 1.00 | dt: 15006.21ms | tok/sec: 69,876 | bf16_mfu: 0.00 | epoch: 1 pq: 18 rg: 40 | total time: 264.30m | eta: 1341.5m
step 00829/04980 (16.65%) | loss: 4.296266 | lrm: 1.00 | dt: 14969.58ms | tok/sec: 70,047 | bf16_mfu: 0.00 | epoch: 1 pq: 18 rg: 48 | total time: 264.55m | eta: 1340.8m
step 00830/04980 (16.67%) | loss: 4.274992 | lrm: 1.00 | dt: 15006.11ms | tok/sec: 69,876 | bf16_mfu: 0.00 | epoch: 1 pq: 18 rg: 48 | total time: 264.80m | eta: 1340.1m
step 00831/04980 (16.69%) | loss: 4.270545 | lrm: 1.00 | dt: 14961.20ms | tok/sec: 70,086 | bf16_mfu: 0.00 | epoch: 1 pq: 18 rg: 48 | total time: 265.05m | eta: 1339.4m
step 00832/04980 (16.71%) | loss: 4.271205 | lrm: 1.00 | dt: 15003.51ms | tok/sec: 69,888 | bf16_mfu: 0.00 | epoch: 1 pq: 18 rg: 48 | total time: 265.30m | eta: 1338.8m
step 00833/04980 (16.73%) | loss: 4.272912 | lrm: 1.00 | dt: 14985.04ms | tok/sec: 69,974 | bf16_mfu: 0.00 | epoch: 1 pq: 18 rg: 56 | total time: 265.55m | eta: 1338.1m
step 00834/04980 (16.75%) | loss: 4.291918 | lrm: 1.00 | dt: 14972.02ms | tok/sec: 70,035 | bf16_mfu: 0.00 | epoch: 1 pq: 18 rg: 56 | total time: 265.80m | eta: 1337.4m
step 00835/04980 (16.77%) | loss: 4.287090 | lrm: 1.00 | dt: 14962.15ms | tok/sec: 70,081 | bf16_mfu: 0.00 | epoch: 1 pq: 18 rg: 56 | total time: 266.05m | eta: 1336.7m
step 00836/04980 (16.79%) | loss: 4.284073 | lrm: 1.00 | dt: 14945.75ms | tok/sec: 70,158 | bf16_mfu: 0.00 | epoch: 1 pq: 18 rg: 56 | total time: 266.30m | eta: 1336.0m
step 00837/04980 (16.81%) | loss: 4.279516 | lrm: 1.00 | dt: 14987.87ms | tok/sec: 69,961 | bf16_mfu: 0.00 | epoch: 1 pq: 18 rg: 64 | total time: 266.55m | eta: 1335.3m
step 00838/04980 (16.83%) | loss: 4.266850 | lrm: 1.00 | dt: 14940.06ms | tok/sec: 70,185 | bf16_mfu: 0.00 | epoch: 1 pq: 18 rg: 64 | total time: 266.79m | eta: 1334.6m
step 00839/04980 (16.85%) | loss: 4.260262 | lrm: 1.00 | dt: 14961.45ms | tok/sec: 70,085 | bf16_mfu: 0.00 | epoch: 1 pq: 18 rg: 64 | total time: 267.04m | eta: 1333.9m
step 00840/04980 (16.87%) | loss: 4.277839 | lrm: 1.00 | dt: 14944.27ms | tok/sec: 70,165 | bf16_mfu: 0.00 | epoch: 1 pq: 18 rg: 64 | total time: 267.29m | eta: 1333.2m
step 00841/04980 (16.89%) | loss: 4.296470 | lrm: 1.00 | dt: 14971.65ms | tok/sec: 70,037 | bf16_mfu: 0.00 | epoch: 1 pq: 18 rg: 64 | total time: 267.54m | eta: 1332.6m
step 00842/04980 (16.91%) | loss: 4.292217 | lrm: 1.00 | dt: 14969.82ms | tok/sec: 70,046 | bf16_mfu: 0.00 | epoch: 1 pq: 18 rg: 72 | total time: 267.79m | eta: 1331.9m
step 00843/04980 (16.93%) | loss: 4.287426 | lrm: 1.00 | dt: 14977.31ms | tok/sec: 70,010 | bf16_mfu: 0.00 | epoch: 1 pq: 18 rg: 72 | total time: 268.04m | eta: 1331.2m
step 00844/04980 (16.95%) | loss: 4.292248 | lrm: 1.00 | dt: 14964.66ms | tok/sec: 70,070 | bf16_mfu: 0.00 | epoch: 1 pq: 18 rg: 72 | total time: 268.29m | eta: 1330.5m
step 00845/04980 (16.97%) | loss: 4.297470 | lrm: 1.00 | dt: 14989.80ms | tok/sec: 69,952 | bf16_mfu: 0.00 | epoch: 1 pq: 18 rg: 72 | total time: 268.54m | eta: 1329.8m
step 00846/04980 (16.99%) | loss: 4.285150 | lrm: 1.00 | dt: 15014.31ms | tok/sec: 69,838 | bf16_mfu: 0.00 | epoch: 1 pq: 18 rg: 80 | total time: 268.79m | eta: 1329.2m
step 00847/04980 (17.01%) | loss: 4.281274 | lrm: 1.00 | dt: 14976.36ms | tok/sec: 70,015 | bf16_mfu: 0.00 | epoch: 1 pq: 18 rg: 80 | total time: 269.04m | eta: 1328.5m
step 00848/04980 (17.03%) | loss: 4.273832 | lrm: 1.00 | dt: 14976.62ms | tok/sec: 70,014 | bf16_mfu: 0.00 | epoch: 1 pq: 18 rg: 80 | total time: 269.29m | eta: 1327.8m
step 00849/04980 (17.05%) | loss: 4.269150 | lrm: 1.00 | dt: 14969.99ms | tok/sec: 70,045 | bf16_mfu: 0.00 | epoch: 1 pq: 18 rg: 80 | total time: 269.54m | eta: 1327.1m
hytorch: step 850 channel commit=20.9% overflow=79.1% abort=0.0%
step 00850/04980 (17.07%) | loss: 4.265363 | lrm: 1.00 | dt: 15118.47ms | tok/sec: 69,357 | bf16_mfu: 0.00 | epoch: 1 pq: 19 rg: 0 | total time: 269.79m | eta: 1326.5m
step 00851/04980 (17.09%) | loss: 4.269649 | lrm: 1.00 | dt: 14997.51ms | tok/sec: 69,916 | bf16_mfu: 0.00 | epoch: 1 pq: 19 rg: 0 | total time: 270.04m | eta: 1325.8m
step 00852/04980 (17.11%) | loss: 4.265194 | lrm: 1.00 | dt: 14988.34ms | tok/sec: 69,959 | bf16_mfu: 0.00 | epoch: 1 pq: 19 rg: 0 | total time: 270.29m | eta: 1325.1m
step 00853/04980 (17.13%) | loss: 4.267697 | lrm: 1.00 | dt: 14977.88ms | tok/sec: 70,008 | bf16_mfu: 0.00 | epoch: 1 pq: 19 rg: 0 | total time: 270.54m | eta: 1324.5m
step 00854/04980 (17.15%) | loss: 4.267097 | lrm: 1.00 | dt: 15001.38ms | tok/sec: 69,898 | bf16_mfu: 0.00 | epoch: 1 pq: 19 rg: 8 | total time: 270.79m | eta: 1323.8m
step 00855/04980 (17.17%) | loss: 4.255256 | lrm: 1.00 | dt: 14996.14ms | tok/sec: 69,923 | bf16_mfu: 0.00 | epoch: 1 pq: 19 rg: 8 | total time: 271.04m | eta: 1323.1m
step 00856/04980 (17.19%) | loss: 4.253771 | lrm: 1.00 | dt: 14989.76ms | tok/sec: 69,952 | bf16_mfu: 0.00 | epoch: 1 pq: 19 rg: 8 | total time: 271.29m | eta: 1322.5m
step 00857/04980 (17.21%) | loss: 4.259859 | lrm: 1.00 | dt: 15042.05ms | tok/sec: 69,709 | bf16_mfu: 0.00 | epoch: 1 pq: 19 rg: 8 | total time: 271.54m | eta: 1321.8m
step 00858/04980 (17.23%) | loss: 4.246353 | lrm: 1.00 | dt: 14987.61ms | tok/sec: 69,962 | bf16_mfu: 0.00 | epoch: 1 pq: 19 rg: 16 | total time: 271.79m | eta: 1321.1m
step 00859/04980 (17.25%) | loss: 4.256941 | lrm: 1.00 | dt: 15014.39ms | tok/sec: 69,838 | bf16_mfu: 0.00 | epoch: 1 pq: 19 rg: 16 | total time: 272.04m | eta: 1320.5m
step 00860/04980 (17.27%) | loss: 4.270291 | lrm: 1.00 | dt: 14988.46ms | tok/sec: 69,958 | bf16_mfu: 0.00 | epoch: 1 pq: 19 rg: 16 | total time: 272.29m | eta: 1319.8m
step 00861/04980 (17.29%) | loss: 4.282045 | lrm: 1.00 | dt: 14998.46ms | tok/sec: 69,912 | bf16_mfu: 0.00 | epoch: 1 pq: 19 rg: 16 | total time: 272.54m | eta: 1319.2m
step 00862/04980 (17.31%) | loss: 4.287706 | lrm: 1.00 | dt: 15004.63ms | tok/sec: 69,883 | bf16_mfu: 0.00 | epoch: 1 pq: 19 rg: 24 | total time: 272.79m | eta: 1318.5m
step 00863/04980 (17.33%) | loss: 4.284560 | lrm: 1.00 | dt: 14992.41ms | tok/sec: 69,940 | bf16_mfu: 0.00 | epoch: 1 pq: 19 rg: 24 | total time: 273.04m | eta: 1317.8m
step 00864/04980 (17.35%) | loss: 4.300503 | lrm: 1.00 | dt: 307159.05ms | tok/sec: 3,413 | bf16_mfu: 0.00 | epoch: 1 pq: 19 rg: 24 | total time: 278.16m | eta: 1340.6m
step 00865/04980 (17.37%) | loss: 4.307049 | lrm: 1.00 | dt: 15079.78ms | tok/sec: 69,535 | bf16_mfu: 0.00 | epoch: 1 pq: 19 rg: 24 | total time: 278.41m | eta: 1340.0m
step 00866/04980 (17.39%) | loss: 4.292084 | lrm: 1.00 | dt: 15097.27ms | tok/sec: 69,454 | bf16_mfu: 0.00 | epoch: 1 pq: 19 rg: 32 | total time: 278.66m | eta: 1339.3m
step 00867/04980 (17.41%) | loss: 4.268774 | lrm: 1.00 | dt: 15070.10ms | tok/sec: 69,579 | bf16_mfu: 0.00 | epoch: 1 pq: 19 rg: 32 | total time: 278.91m | eta: 1338.6m
step 00868/04980 (17.43%) | loss: 4.255739 | lrm: 1.00 | dt: 15082.32ms | tok/sec: 69,523 | bf16_mfu: 0.00 | epoch: 1 pq: 19 rg: 32 | total time: 279.17m | eta: 1337.9m
step 00869/04980 (17.45%) | loss: 4.264350 | lrm: 1.00 | dt: 15091.80ms | tok/sec: 69,479 | bf16_mfu: 0.00 | epoch: 1 pq: 19 rg: 32 | total time: 279.42m | eta: 1337.2m
step 00870/04980 (17.47%) | loss: 4.260034 | lrm: 1.00 | dt: 15074.30ms | tok/sec: 69,560 | bf16_mfu: 0.00 | epoch: 1 pq: 19 rg: 40 | total time: 279.67m | eta: 1336.6m
step 00871/04980 (17.49%) | loss: 4.243030 | lrm: 1.00 | dt: 15064.99ms | tok/sec: 69,603 | bf16_mfu: 0.00 | epoch: 1 pq: 19 rg: 40 | total time: 279.92m | eta: 1335.9m
step 00872/04980 (17.51%) | loss: 4.228602 | lrm: 1.00 | dt: 15063.05ms | tok/sec: 69,612 | bf16_mfu: 0.00 | epoch: 1 pq: 19 rg: 40 | total time: 280.17m | eta: 1335.2m
step 00873/04980 (17.53%) | loss: 4.233058 | lrm: 1.00 | dt: 15098.05ms | tok/sec: 69,451 | bf16_mfu: 0.00 | epoch: 1 pq: 19 rg: 40 | total time: 280.42m | eta: 1334.5m
step 00874/04980 (17.55%) | loss: 4.231976 | lrm: 1.00 | dt: 15072.00ms | tok/sec: 69,571 | bf16_mfu: 0.00 | epoch: 1 pq: 19 rg: 48 | total time: 280.67m | eta: 1333.8m
step 00875/04980 (17.57%) | loss: 4.235873 | lrm: 1.00 | dt: 15098.02ms | tok/sec: 69,451 | bf16_mfu: 0.00 | epoch: 1 pq: 19 rg: 48 | total time: 280.93m | eta: 1333.2m
step 00876/04980 (17.59%) | loss: 4.244499 | lrm: 1.00 | dt: 15050.71ms | tok/sec: 69,669 | bf16_mfu: 0.00 | epoch: 1 pq: 19 rg: 48 | total time: 281.18m | eta: 1332.5m
step 00877/04980 (17.61%) | loss: 4.245668 | lrm: 1.00 | dt: 15079.17ms | tok/sec: 69,538 | bf16_mfu: 0.00 | epoch: 1 pq: 19 rg: 48 | total time: 281.43m | eta: 1331.8m
step 00878/04980 (17.63%) | loss: 4.244243 | lrm: 1.00 | dt: 15065.29ms | tok/sec: 69,602 | bf16_mfu: 0.00 | epoch: 1 pq: 19 rg: 48 | total time: 281.68m | eta: 1331.2m
step 00879/04980 (17.65%) | loss: 4.232238 | lrm: 1.00 | dt: 15075.44ms | tok/sec: 69,555 | bf16_mfu: 0.00 | epoch: 1 pq: 19 rg: 56 | total time: 281.93m | eta: 1330.5m
step 00880/04980 (17.67%) | loss: 4.239811 | lrm: 1.00 | dt: 15084.20ms | tok/sec: 69,514 | bf16_mfu: 0.00 | epoch: 1 pq: 19 rg: 56 | total time: 282.18m | eta: 1329.8m
step 00881/04980 (17.69%) | loss: 4.238844 | lrm: 1.00 | dt: 15082.96ms | tok/sec: 69,520 | bf16_mfu: 0.00 | epoch: 1 pq: 19 rg: 56 | total time: 282.43m | eta: 1329.2m
step 00882/04980 (17.71%) | loss: 4.252081 | lrm: 1.00 | dt: 15082.77ms | tok/sec: 69,521 | bf16_mfu: 0.00 | epoch: 1 pq: 19 rg: 56 | total time: 282.68m | eta: 1328.5m
step 00883/04980 (17.73%) | loss: 4.258448 | lrm: 1.00 | dt: 15074.99ms | tok/sec: 69,557 | bf16_mfu: 0.00 | epoch: 1 pq: 19 rg: 64 | total time: 282.94m | eta: 1327.8m
step 00884/04980 (17.75%) | loss: 4.242902 | lrm: 1.00 | dt: 15049.34ms | tok/sec: 69,675 | bf16_mfu: 0.00 | epoch: 1 pq: 19 rg: 64 | total time: 283.19m | eta: 1327.2m
step 00885/04980 (17.77%) | loss: 4.245346 | lrm: 1.00 | dt: 15043.19ms | tok/sec: 69,704 | bf16_mfu: 0.00 | epoch: 1 pq: 19 rg: 64 | total time: 283.44m | eta: 1326.5m
step 00886/04980 (17.79%) | loss: 4.245010 | lrm: 1.00 | dt: 15057.83ms | tok/sec: 69,636 | bf16_mfu: 0.00 | epoch: 1 pq: 19 rg: 64 | total time: 283.69m | eta: 1325.8m
step 00887/04980 (17.81%) | loss: 4.242449 | lrm: 1.00 | dt: 15008.85ms | tok/sec: 69,863 | bf16_mfu: 0.00 | epoch: 1 pq: 19 rg: 72 | total time: 283.94m | eta: 1325.2m
step 00888/04980 (17.83%) | loss: 4.226700 | lrm: 1.00 | dt: 15019.77ms | tok/sec: 69,813 | bf16_mfu: 0.00 | epoch: 1 pq: 19 rg: 72 | total time: 284.19m | eta: 1324.5m
step 00889/04980 (17.85%) | loss: 4.232894 | lrm: 1.00 | dt: 15017.71ms | tok/sec: 69,822 | bf16_mfu: 0.00 | epoch: 1 pq: 19 rg: 72 | total time: 284.44m | eta: 1323.8m
step 00890/04980 (17.87%) | loss: 4.231815 | lrm: 1.00 | dt: 15038.90ms | tok/sec: 69,724 | bf16_mfu: 0.00 | epoch: 1 pq: 19 rg: 72 | total time: 284.69m | eta: 1323.2m
step 00891/04980 (17.89%) | loss: 4.222832 | lrm: 1.00 | dt: 15044.54ms | tok/sec: 69,698 | bf16_mfu: 0.00 | epoch: 1 pq: 19 rg: 80 | total time: 284.94m | eta: 1322.5m
step 00892/04980 (17.91%) | loss: 4.229844 | lrm: 1.00 | dt: 15050.61ms | tok/sec: 69,670 | bf16_mfu: 0.00 | epoch: 1 pq: 19 rg: 80 | total time: 285.19m | eta: 1321.8m
step 00893/04980 (17.93%) | loss: 4.229329 | lrm: 1.00 | dt: 15052.95ms | tok/sec: 69,659 | bf16_mfu: 0.00 | epoch: 1 pq: 19 rg: 80 | total time: 285.44m | eta: 1321.2m
step 00894/04980 (17.95%) | loss: 4.237892 | lrm: 1.00 | dt: 14976.78ms | tok/sec: 70,013 | bf16_mfu: 0.00 | epoch: 1 pq: 19 rg: 80 | total time: 285.69m | eta: 1320.5m
step 00895/04980 (17.97%) | loss: 4.241283 | lrm: 1.00 | dt: 15028.98ms | tok/sec: 69,770 | bf16_mfu: 0.00 | epoch: 1 pq: 20 rg: 0 | total time: 285.94m | eta: 1319.9m
step 00896/04980 (17.99%) | loss: 4.260010 | lrm: 1.00 | dt: 15109.26ms | tok/sec: 69,399 | bf16_mfu: 0.00 | epoch: 1 pq: 20 rg: 0 | total time: 286.19m | eta: 1319.2m
step 00897/04980 (18.01%) | loss: 4.254430 | lrm: 1.00 | dt: 14998.64ms | tok/sec: 69,911 | bf16_mfu: 0.00 | epoch: 1 pq: 20 rg: 0 | total time: 286.44m | eta: 1318.5m
step 00898/04980 (18.03%) | loss: 4.242490 | lrm: 1.00 | dt: 14993.25ms | tok/sec: 69,936 | bf16_mfu: 0.00 | epoch: 1 pq: 20 rg: 0 | total time: 286.69m | eta: 1317.9m
step 00899/04980 (18.05%) | loss: 4.244729 | lrm: 1.00 | dt: 15003.25ms | tok/sec: 69,889 | bf16_mfu: 0.00 | epoch: 1 pq: 20 rg: 0 | total time: 286.94m | eta: 1317.2m
hytorch: step 900 channel commit=21.9% overflow=78.1% abort=0.0%
step 00900/04980 (18.07%) | loss: 4.245755 | lrm: 1.00 | dt: 32574.70ms | tok/sec: 32,189 | bf16_mfu: 0.00 | epoch: 1 pq: 20 rg: 8 | total time: 287.49m | eta: 1317.9m
Error in sys.excepthook:
Traceback (most recent call last):
  File "/usr/local/lib/python3.12/dist-packages/torch/distributed/distributed_c10d.py", line 1842, in _distributed_excepthook
    old_hook(*args)
  File "/usr/lib/python3/dist-packages/apport_python_hook.py", line 228, in partial_apport_excepthook
    return apport_excepthook(binary, exc_type, exc_obj, exc_tb)
           ^^^^^^^^^^^^^^^^^^^^^^^^^^^^^^^^^^^^^^^^^^^^^^^^^^^^
  File "/usr/lib/python3/dist-packages/apport_python_hook.py", line 114, in apport_excepthook
    report["ExecutableTimestamp"] = str(int(os.stat(binary).st_mtime))
                  Error in sys.excepthook:
          Traceback (most recent call last):
    File "/usr/local/lib/python3.12/dist-packages/torch/distributed/distributed_c10d.py", line 1842, in _distributed_excepthook
              ^^^^^^^^^^^^^^^
    FileNotFoundErrorold_hook(*args): 
[Errno 2] No such file or directory: '/opt/nanochat/-m'

Original exception was:
  File "/usr/lib/python3/dist-packages/apport_python_hook.py", line 228, in partial_apport_excepthook
Traceback (most recent call last):
  File "<frozen runpy>", line 198, in _run_module_as_main
  File "<frozen runpy>", line 88, in _run_code
    return apport_excepthook(binary, exc_type, exc_obj, exc_tb)  File "/opt/nanochat/scripts/base_train.py", line 580, in <module>

           ^^^^    ^_hytorch_seam.step_barrier(step, _entries, orig_model.hytorch_codebook)^
^^^^^^^Error in sys.excepthook:
  File "/opt/nanochat/nanochat/seam_shim.py", line 148, in step_barrier
^^^^^^^^^    ^raise RuntimeError(^
^^Traceback (most recent call last):
RuntimeError^: ^no CommitReceipt for step 901 — KILL THE RUN on all 8 ranks (spec §5.4)^  File "/usr/local/lib/python3.12/dist-packages/torch/distributed/distributed_c10d.py", line 1842, in _distributed_excepthook

^^^^^^^^^^^^^^^^^^^^^^^
  File "/usr/lib/python3/dist-packages/apport_python_hook.py", line 114, in apport_excepthook
    report["ExecutableTimestamp"] = str(int(os.stat(binary).st_mtime))    
old_hook(*args)
      File "/usr/lib/python3/dist-packages/apport_python_hook.py", line 228, in partial_apport_excepthook
              return apport_excepthook(binary, exc_type, exc_obj, exc_tb) 
                           ^ ^ ^ ^ ^ ^ ^ ^ ^ ^ ^ ^ ^ ^^^^^^^^^^^^^^^^^^^^^^^^^^^^^^^
^^^FileNotFoundError^: ^[Errno 2] No such file or directory: '/opt/nanochat/-m'^
^
Original exception was:
^^Traceback (most recent call last):
^^  File "<frozen runpy>", line 198, in _run_module_as_main
^^^  File "<frozen runpy>", line 88, in _run_code
^^^^  File "/opt/nanochat/scripts/base_train.py", line 580, in <module>
^^^^^
  File "/usr/lib/python3/dist-packages/apport_python_hook.py", line 114, in apport_excepthook
    report["ExecutableTimestamp"] = str(int(os.stat(binary).st_mtime))
      _hytorch_seam.step_barrier(step, _entries, orig_model.hytorch_codebook) 
        File "/opt/nanochat/nanochat/seam_shim.py", line 148, in step_barrier
              raise RuntimeError( 
 Error in sys.excepthook:
 RuntimeError :   no CommitReceipt for step 901 — KILL THE RUN on all 8 ranks (spec §5.4) 
      Traceback (most recent call last):
     File "/usr/local/lib/python3.12/dist-packages/torch/distributed/distributed_c10d.py", line 1842, in _distributed_excepthook
         ^^^^^^^^^^Error in sys.excepthook:
^^^^^Error in sys.excepthook:

FileNotFoundError:     [Errno 2] No such file or directory: '/opt/nanochat/-m'Traceback (most recent call last):
old_hook(*args)


Original exception was:
  File "/usr/local/lib/python3.12/dist-packages/torch/distributed/distributed_c10d.py", line 1842, in _distributed_excepthook
Traceback (most recent call last):
  File "/usr/lib/python3/dist-packages/apport_python_hook.py", line 228, in partial_apport_excepthook
  File "<frozen runpy>", line 198, in _run_module_as_main
Traceback (most recent call last):
  File "<frozen runpy>", line 88, in _run_code
  File "/usr/local/lib/python3.12/dist-packages/torch/distributed/distributed_c10d.py", line 1842, in _distributed_excepthook
  File "/opt/nanochat/scripts/base_train.py", line 580, in <module>
    return apport_excepthook(binary, exc_type, exc_obj, exc_tb)
           ^    ^_hytorch_seam.step_barrier(step, _entries, orig_model.hytorch_codebook)    ^
old_hook(*args)^
^^^^    ^  File "/opt/nanochat/nanochat/seam_shim.py", line 148, in step_barrier
  File "/usr/lib/python3/dist-packages/apport_python_hook.py", line 228, in partial_apport_excepthook
^old_hook(*args)^
^^^^^  File "/usr/lib/python3/dist-packages/apport_python_hook.py", line 228, in partial_apport_excepthook
^        ^raise RuntimeError(return apport_excepthook(binary, exc_type, exc_obj, exc_tb)^
Error in sys.excepthook:

^^RuntimeError^:     ^ no CommitReceipt for step 901 — KILL THE RUN on all 8 ranks (spec §5.4)return apport_excepthook(binary, exc_type, exc_obj, exc_tb)^ 

^ ^  ^ ^  ^  ^  ^Traceback (most recent call last):
  ^  ^ ^^   File "/usr/local/lib/python3.12/dist-packages/torch/distributed/distributed_c10d.py", line 1842, in _distributed_excepthook
^^ ^^ ^^ ^^ ^^^^^^^^^^^^^^^^^^^^^^^^^^^^^^^^^^^^^^^^^^^
^^^^  File "/usr/lib/python3/dist-packages/apport_python_hook.py", line 114, in apport_excepthook
^^^^^^^^^^^^    ^^report["ExecutableTimestamp"] = str(int(os.stat(binary).st_mtime))^^
    ^^old_hook(*args)^^
^^ ^^ ^^ ^^ ^^   File "/usr/lib/python3/dist-packages/apport_python_hook.py", line 228, in partial_apport_excepthook
^^ ^^ ^^ ^^ ^^ ^^ ^^ ^^     ^ ^return apport_excepthook(binary, exc_type, exc_obj, exc_tb)^ ^
^ ^^ ^^ ^^ ^^ ^^  
 ^ ^    File "/usr/lib/python3/dist-packages/apport_python_hook.py", line 114, in apport_excepthook
^  ^  ^  
          File "/usr/lib/python3/dist-packages/apport_python_hook.py", line 114, in apport_excepthook
  report["ExecutableTimestamp"] = str(int(os.stat(binary).st_mtime))  
  ^ ^  ^      ^ report["ExecutableTimestamp"] = str(int(os.stat(binary).st_mtime)) ^ 
  ^  ^  ^   ^   ^   ^   ^   ^  ^^  ^^  ^^  ^^  ^^  ^^  ^^  ^^  ^^ ^ ^ ^ ^ ^^  ^^  ^^  ^^  
^  ^  FileNotFoundError^  ^:  ^ [Errno 2] No such file or directory: '/opt/nanochat/-m' ^ 
^  
Original exception was:
^  ^  Traceback (most recent call last):
^  ^    File "<frozen runpy>", line 198, in _run_module_as_main
^  ^    File "<frozen runpy>", line 88, in _run_code
^  ^  ^  ^    File "/opt/nanochat/scripts/base_train.py", line 580, in <module>
^  ^  ^ ^^ ^^ ^^ ^^ ^
^^^^  File "/usr/lib/python3/dist-packages/apport_python_hook.py", line 114, in apport_excepthook
^^^^^^^^^^^^    ^^report["ExecutableTimestamp"] = str(int(os.stat(binary).st_mtime))^    ^
^_hytorch_seam.step_barrier(step, _entries, orig_model.hytorch_codebook)
^
^FileNotFoundError^ : ^ [Errno 2] No such file or directory: '/opt/nanochat/-m'
 
 
Original exception was:
  File "/opt/nanochat/nanochat/seam_shim.py", line 148, in step_barrier
FileNotFoundError  : Traceback (most recent call last):
 [Errno 2] No such file or directory: '/opt/nanochat/-m' 
  File "<frozen runpy>", line 198, in _run_module_as_main
 
Original exception was:
   File "<frozen runpy>", line 88, in _run_code
     Traceback (most recent call last):
 raise RuntimeError( 
  File "<frozen runpy>", line 198, in _run_module_as_main
   File "/opt/nanochat/scripts/base_train.py", line 580, in <module>
   File "<frozen runpy>", line 88, in _run_code
 RuntimeError :  no CommitReceipt for step 901 — KILL THE RUN on all 8 ranks (spec §5.4)   File "/opt/nanochat/scripts/base_train.py", line 580, in <module>

                   _hytorch_seam.step_barrier(step, _entries, orig_model.hytorch_codebook) 
          _hytorch_seam.step_barrier(step, _entries, orig_model.hytorch_codebook)  File "/opt/nanochat/nanochat/seam_shim.py", line 148, in step_barrier
 
  ^^^^  File "/opt/nanochat/nanochat/seam_shim.py", line 148, in step_barrier
^^    ^raise RuntimeError(^
^^RuntimeError^: ^    no CommitReceipt for step 901 — KILL THE RUN on all 8 ranks (spec §5.4)^raise RuntimeError(
^
^
RuntimeError: FileNotFoundErrorno CommitReceipt for step 901 — KILL THE RUN on all 8 ranks (spec §5.4): 
[Errno 2] No such file or directory: '/opt/nanochat/-m'

Original exception was:
Traceback (most recent call last):
  File "<frozen runpy>", line 198, in _run_module_as_main
  File "<frozen runpy>", line 88, in _run_code
  File "/opt/nanochat/scripts/base_train.py", line 580, in <module>
    _hytorch_seam.step_barrier(step, _entries, orig_model.hytorch_codebook)
  File "/opt/nanochat/nanochat/seam_shim.py", line 148, in step_barrier
    raise RuntimeError(
RuntimeError: no CommitReceipt for step 901 — KILL THE RUN on all 8 ranks (spec §5.4)
Error in sys.excepthook:
Traceback (most recent call last):
  File "/usr/local/lib/python3.12/dist-packages/torch/distributed/distributed_c10d.py", line 1842, in _distributed_excepthook
    old_hook(*args)
  File "/usr/lib/python3/dist-packages/apport_python_hook.py", line 228, in partial_apport_excepthook
    return apport_excepthook(binary, exc_type, exc_obj, exc_tb)
           ^^^^^^^^^^^^^^^^^^^^^^^^^^^^^^^^^^^^^^^^^^^^^^^^^^^^
  File "/usr/lib/python3/dist-packages/apport_python_hook.py", line 114, in apport_excepthook
    report["ExecutableTimestamp"] = str(int(os.stat(binary).st_mtime))
                                            ^^^^^^^^^^^^^^^
FileNotFoundError: [Errno 2] No such file or directory: '/opt/nanochat/-m'

Original exception was:
Traceback (most recent call last):
  File "<frozen runpy>", line 198, in _run_module_as_main
  File "<frozen runpy>", line 88, in _run_code
  File "/opt/nanochat/scripts/base_train.py", line 580, in <module>
    _hytorch_seam.step_barrier(step, _entries, orig_model.hytorch_codebook)
  File "/opt/nanochat/nanochat/seam_shim.py", line 148, in step_barrier
    raise RuntimeError(
RuntimeError: no CommitReceipt for step 901 — KILL THE RUN on all 8 ranks (spec §5.4)
[rank0]:[W901 15:04:03.343570549 ProcessGroupNCCL.cpp:1553] Warning: WARNING: destroy_process_group() was not called before program exit, which can leak resources. For more info, please see https://pytorch.org/docs/stable/distributed.html#shutdown (function operator())
W0901 15:04:07.094000 14256 torch/distributed/elastic/multiprocessing/api.py:1010] Sending process 14263 closing signal SIGTERM
W0901 15:04:07.095000 14256 torch/distributed/elastic/multiprocessing/api.py:1010] Sending process 14264 closing signal SIGTERM
W0901 15:04:07.095000 14256 torch/distributed/elastic/multiprocessing/api.py:1010] Sending process 14265 closing signal SIGTERM
W0901 15:04:07.095000 14256 torch/distributed/elastic/multiprocessing/api.py:1010] Sending process 14266 closing signal SIGTERM
W0901 15:04:07.095000 14256 torch/distributed/elastic/multiprocessing/api.py:1010] Sending process 14267 closing signal SIGTERM
W0901 15:04:07.096000 14256 torch/distributed/elastic/multiprocessing/api.py:1010] Sending process 14268 closing signal SIGTERM
W0901 15:04:07.096000 14256 torch/distributed/elastic/multiprocessing/api.py:1010] Sending process 14269 closing signal SIGTERM
E0901 15:04:07.361000 14256 torch/distributed/elastic/multiprocessing/api.py:984] failed (exitcode: 1) local_rank: 0 (pid: 14262) of binary: /usr/bin/python3
Traceback (most recent call last):
  File "/usr/local/bin/torchrun", line 8, in <module>
    sys.exit(main())
             ^^^^^^
  File "/usr/local/lib/python3.12/dist-packages/torch/distributed/elastic/multiprocessing/errors/__init__.py", line 362, in wrapper
    return f(*args, **kwargs)
           ^^^^^^^^^^^^^^^^^^
  File "/usr/local/lib/python3.12/dist-packages/torch/distributed/run.py", line 991, in main
    run(args)
  File "/usr/local/lib/python3.12/dist-packages/torch/distributed/run.py", line 982, in run
    elastic_launch(
  File "/usr/local/lib/python3.12/dist-packages/torch/distributed/launcher/api.py", line 170, in __call__
    return launch_agent(self._config, self._entrypoint, list(args))
           ^^^^^^^^^^^^^^^^^^^^^^^^^^^^^^^^^^^^^^^^^^^^^^^^^^^^^^^^
  File "/usr/local/lib/python3.12/dist-packages/torch/distributed/launcher/api.py", line 317, in launch_agent
    raise ChildFailedError(
torch.distributed.elastic.multiprocessing.errors.ChildFailedError: 
============================================================
scripts.base_train FAILED
------------------------------------------------------------
Failures:
[1]:
  time      : 2026-09-01_15:04:07
  host      : hytorch-nano-d20-093203-a1
  rank      : 1 (local_rank: 1)
  exitcode  : -15 (pid: 14263)
  error_file: <N/A>
  traceback : Signal 15 (SIGTERM) received by PID 14263
[2]:
  time      : 2026-09-01_15:04:07
  host      : hytorch-nano-d20-093203-a1
  rank      : 2 (local_rank: 2)
  exitcode  : -15 (pid: 14264)
  error_file: <N/A>
  traceback : Signal 15 (SIGTERM) received by PID 14264
[3]:
  time      : 2026-09-01_15:04:07
  host      : hytorch-nano-d20-093203-a1
  rank      : 3 (local_rank: 3)
  exitcode  : -15 (pid: 14265)
  error_file: <N/A>
  traceback : Signal 15 (SIGTERM) received by PID 14265
[4]:
  time      : 2026-09-01_15:04:07
  host      : hytorch-nano-d20-093203-a1
  rank      : 4 (local_rank: 4)
  exitcode  : -15 (pid: 14266)
  error_file: <N/A>
  traceback : Signal 15 (SIGTERM) received by PID 14266
[5]:
  time      : 2026-09-01_15:04:07
  host      : hytorch-nano-d20-093203-a1
  rank      : 5 (local_rank: 5)
  exitcode  : -15 (pid: 14267)
  error_file: <N/A>
  traceback : Signal 15 (SIGTERM) received by PID 14267
[6]:
  time      : 2026-09-01_15:04:07
  host      : hytorch-nano-d20-093203-a1
  rank      : 6 (local_rank: 6)
  exitcode  : -15 (pid: 14268)
  error_file: <N/A>
  traceback : Signal 15 (SIGTERM) received by PID 14268
[7]:
  time      : 2026-09-01_15:04:07
  host      : hytorch-nano-d20-093203-a1
  rank      : 7 (local_rank: 7)
  exitcode  : 1 (pid: 14269)
  error_file: <N/A>
  traceback : To enable traceback see: https://pytorch.org/docs/stable/elastic/errors.html
------------------------------------------------------------
Root Cause (first observed failure):
[0]:
  time      : 2026-09-01_15:04:07
  host      : hytorch-nano-d20-093203-a1
  rank      : 0 (local_rank: 0)
  exitcode  : 1 (pid: 14262)
  error_file: <N/A>
  traceback : To enable traceback see: https://pytorch.org/docs/stable/elastic/errors.html
============================================================
